%HEADER
File Generated by FAST Model Definer v1.0.0-beta.

%HEADER.ANALYSIS.ALGORITHM 
'ModalAnalysis'
 
%HEADER.ANALYSIS.MAXIMUM.ITERATIONS 
100 
 
%HEADER.ANALYSIS.TOLERANCE 
1.0e-04 

%NODE
4489

%NODE.COORD
4489
1        +5.0800000000000001e-001    +5.0800000000000001e-001    +0.0000000000000000e+000
2        +5.0536716132717796e-001    +5.0800000000000001e-001    +2.6328386728299998e-004
3        +5.0010026957636100e-001    +5.0800000000000001e-001    +7.8170354405900002e-004
4        +4.9219676639259202e-001    +5.0800000000000001e-001    +1.5348343949370001e-003
5        +4.8428980899825003e-001    +5.0800000000000001e-001    +2.2634843474100001e-003
6        +4.7637951094096498e-001    +5.0800000000000001e-001    +2.9676322947760000e-003
7        +4.6846598592946198e-001    +5.0800000000000001e-001    +3.6472578314610000e-003
8        +4.6054934782815299e-001    +5.0800000000000001e-001    +4.3023412544929999e-003
9        +4.5262971065172303e-001    +5.0800000000000001e-001    +4.9328635649290003e-003
10       +4.4470718855969099e-001    +5.0800000000000001e-001    +5.5388064692289997e-003
11       +4.3678189585096000e-001    +5.0800000000000001e-001    +6.1201523805759998e-003
12       +4.2885394695835499e-001    +5.0800000000000001e-001    +6.6768844201560004e-003
13       +4.2092345644314499e-001    +5.0800000000000001e-001    +7.2089864183740001e-003
14       +4.1299053898955101e-001    +5.0800000000000001e-001    +7.7164429160319998e-003
15       +4.0505530939924400e-001    +5.0800000000000001e-001    +8.1992391654479996e-003
16       +3.9711788258583303e-001    +5.0800000000000001e-001    +8.6573611315249998e-003
17       +3.8917837356933299e-001    +5.0800000000000001e-001    +9.0907954927689997e-003
18       +3.8123689747063200e-001    +5.0800000000000001e-001    +9.4995296422609992e-003
19       +3.7329356950594400e-001    +5.0800000000000001e-001    +9.8835516885669994e-003
20       +3.6534850498124999e-001    +5.0800000000000001e-001    +1.0242850456607999e-002
21       +3.5740181928673198e-001    +5.0800000000000001e-001    +1.0577415488465001e-002
22       +3.4945362789119999e-001    +5.0800000000000001e-001    +1.0887237044146000e-002
23       +3.4150404633650799e-001    +5.0800000000000001e-001    +1.1172306102294000e-002
24       +3.3355319023196300e-001    +5.0800000000000001e-001    +1.1432614360836001e-002
25       +3.2560117524873200e-001    +5.0800000000000001e-001    +1.1668154237599000e-002
26       +3.1764811711423202e-001    +5.0800000000000001e-001    +1.1878918870850999e-002
27       +3.0969413160652898e-001    +5.0800000000000001e-001    +1.2064902119806001e-002
28       +3.0173933454871599e-001    +5.0800000000000001e-001    +1.2226098565073000e-002
29       +2.9378384180330003e-001    +5.0800000000000001e-001    +1.2362503509044000e-002
30       +2.8582776926657799e-001    +5.0800000000000001e-001    +1.2474112976243000e-002
31       +2.7787123286300602e-001    +5.0800000000000001e-001    +1.2560923713613000e-002
32       +2.6991434853957802e-001    +5.0800000000000001e-001    +1.2622933190750000e-002
33       +2.6195723226018902e-001    +5.0800000000000001e-001    +1.2660139600094000e-002
34       +2.5400000000000000e-001    +5.0800000000000001e-001    +1.2672541857055001e-002
35       +2.4604276773981201e-001    +5.0800000000000001e-001    +1.2660139600094000e-002
36       +2.3808565146042199e-001    +5.0800000000000001e-001    +1.2622933190750000e-002
37       +2.3012876713699401e-001    +5.0800000000000001e-001    +1.2560923713613000e-002
38       +2.2217223073342199e-001    +5.0800000000000001e-001    +1.2474112976243000e-002
39       +2.1421615819670001e-001    +5.0800000000000001e-001    +1.2362503509044000e-002
40       +2.0626066545128399e-001    +5.0800000000000001e-001    +1.2226098565073000e-002
41       +1.9830586839347100e-001    +5.0800000000000001e-001    +1.2064902119806001e-002
42       +1.9035188288576799e-001    +5.0800000000000001e-001    +1.1878918870850999e-002
43       +1.8239882475126801e-001    +5.0800000000000001e-001    +1.1668154237599000e-002
44       +1.7444680976803700e-001    +5.0800000000000001e-001    +1.1432614360836001e-002
45       +1.6649595366349201e-001    +5.0800000000000001e-001    +1.1172306102294000e-002
46       +1.5854637210879999e-001    +5.0800000000000001e-001    +1.0887237044146000e-002
47       +1.5059818071326800e-001    +5.0800000000000001e-001    +1.0577415488465001e-002
48       +1.4265149501874999e-001    +5.0800000000000001e-001    +1.0242850456607999e-002
49       +1.3470643049405601e-001    +5.0800000000000001e-001    +9.8835516885669994e-003
50       +1.2676310252936801e-001    +5.0800000000000001e-001    +9.4995296422609992e-003
51       +1.1882162643066700e-001    +5.0800000000000001e-001    +9.0907954927689997e-003
52       +1.1088211741416699e-001    +5.0800000000000001e-001    +8.6573611315249998e-003
53       +1.0294469060075601e-001    +5.0800000000000001e-001    +8.1992391654479996e-003
54       +9.5009461010449006e-002    +5.0800000000000001e-001    +7.7164429160319998e-003
55       +8.7076543556854999e-002    +5.0800000000000001e-001    +7.2089864183740001e-003
56       +7.9146053041645001e-002    +5.0800000000000001e-001    +6.6768844201560004e-003
57       +7.1218104149040007e-002    +5.0800000000000001e-001    +6.1201523805759998e-003
58       +6.3292811440309002e-002    +5.0800000000000001e-001    +5.5388064692289997e-003
59       +5.5370289348277001e-002    +5.0800000000000001e-001    +4.9328635649290003e-003
60       +4.7450652171846998e-002    +5.0800000000000001e-001    +4.3023412544929999e-003
61       +3.9534014070538998e-002    +5.0800000000000001e-001    +3.6472578314610000e-003
62       +3.1620489059035001e-002    +5.0800000000000001e-001    +2.9676322947760000e-003
63       +2.3710191001750001e-002    +5.0800000000000001e-001    +2.2634843474100001e-003
64       +1.5803233607407999e-002    +5.0800000000000001e-001    +1.5348343949370001e-003
65       +7.8997304236389995e-003    +5.0800000000000001e-001    +7.8170354405900002e-004
66       +2.6328386728220001e-003    +5.0800000000000001e-001    +2.6328386728299998e-004
67       -0.0000000000000000e+000    +5.0800000000000001e-001    +0.0000000000000000e+000
68       +5.0800000000000001e-001    +5.0535416666666699e-001    +0.0000000000000000e+000
69       +5.0536716132717796e-001    +5.0535416666666699e-001    +2.6328386728299998e-004
70       +5.0010026957636100e-001    +5.0535416666666699e-001    +7.8170354405900002e-004
71       +4.9219676639259202e-001    +5.0535416666666699e-001    +1.5348343949370001e-003
72       +4.8428980899825003e-001    +5.0535416666666699e-001    +2.2634843474100001e-003
73       +4.7637951094096498e-001    +5.0535416666666699e-001    +2.9676322947760000e-003
74       +4.6846598592946198e-001    +5.0535416666666699e-001    +3.6472578314610000e-003
75       +4.6054934782815299e-001    +5.0535416666666699e-001    +4.3023412544929999e-003
76       +4.5262971065172303e-001    +5.0535416666666699e-001    +4.9328635649290003e-003
77       +4.4470718855969099e-001    +5.0535416666666699e-001    +5.5388064692289997e-003
78       +4.3678189585096000e-001    +5.0535416666666699e-001    +6.1201523805759998e-003
79       +4.2885394695835499e-001    +5.0535416666666599e-001    +6.6768844201560004e-003
80       +4.2092345644314499e-001    +5.0535416666666699e-001    +7.2089864183740001e-003
81       +4.1299053898955101e-001    +5.0535416666666699e-001    +7.7164429160319998e-003
82       +4.0505530939924400e-001    +5.0535416666666699e-001    +8.1992391654479996e-003
83       +3.9711788258583303e-001    +5.0535416666666699e-001    +8.6573611315249998e-003
84       +3.8917837356933299e-001    +5.0535416666666699e-001    +9.0907954927689997e-003
85       +3.8123689747063200e-001    +5.0535416666666699e-001    +9.4995296422609992e-003
86       +3.7329356950594400e-001    +5.0535416666666699e-001    +9.8835516885669994e-003
87       +3.6534850498124999e-001    +5.0535416666666699e-001    +1.0242850456607999e-002
88       +3.5740181928673198e-001    +5.0535416666666699e-001    +1.0577415488465001e-002
89       +3.4945362789119999e-001    +5.0535416666666699e-001    +1.0887237044146000e-002
90       +3.4150404633650799e-001    +5.0535416666666699e-001    +1.1172306102294000e-002
91       +3.3355319023196300e-001    +5.0535416666666699e-001    +1.1432614360836001e-002
92       +3.2560117524873200e-001    +5.0535416666666699e-001    +1.1668154237599000e-002
93       +3.1764811711423202e-001    +5.0535416666666699e-001    +1.1878918870850999e-002
94       +3.0969413160652898e-001    +5.0535416666666699e-001    +1.2064902119806001e-002
95       +3.0173933454871599e-001    +5.0535416666666699e-001    +1.2226098565073000e-002
96       +2.9378384180330003e-001    +5.0535416666666699e-001    +1.2362503509044000e-002
97       +2.8582776926657799e-001    +5.0535416666666699e-001    +1.2474112976243000e-002
98       +2.7787123286300602e-001    +5.0535416666666699e-001    +1.2560923713613000e-002
99       +2.6991434853957802e-001    +5.0535416666666699e-001    +1.2622933190750000e-002
100      +2.6195723226018902e-001    +5.0535416666666699e-001    +1.2660139600094000e-002
101      +2.5400000000000000e-001    +5.0535416666666699e-001    +1.2672541857055001e-002
102      +2.4604276773981201e-001    +5.0535416666666699e-001    +1.2660139600094000e-002
103      +2.3808565146042199e-001    +5.0535416666666699e-001    +1.2622933190750000e-002
104      +2.3012876713699401e-001    +5.0535416666666699e-001    +1.2560923713613000e-002
105      +2.2217223073342199e-001    +5.0535416666666699e-001    +1.2474112976243000e-002
106      +2.1421615819670001e-001    +5.0535416666666699e-001    +1.2362503509044000e-002
107      +2.0626066545128399e-001    +5.0535416666666699e-001    +1.2226098565073000e-002
108      +1.9830586839347100e-001    +5.0535416666666599e-001    +1.2064902119806001e-002
109      +1.9035188288576799e-001    +5.0535416666666699e-001    +1.1878918870850999e-002
110      +1.8239882475126801e-001    +5.0535416666666699e-001    +1.1668154237599000e-002
111      +1.7444680976803700e-001    +5.0535416666666599e-001    +1.1432614360836001e-002
112      +1.6649595366349201e-001    +5.0535416666666699e-001    +1.1172306102294000e-002
113      +1.5854637210879999e-001    +5.0535416666666699e-001    +1.0887237044146000e-002
114      +1.5059818071326800e-001    +5.0535416666666699e-001    +1.0577415488465001e-002
115      +1.4265149501874999e-001    +5.0535416666666699e-001    +1.0242850456607999e-002
116      +1.3470643049405601e-001    +5.0535416666666699e-001    +9.8835516885669994e-003
117      +1.2676310252936801e-001    +5.0535416666666699e-001    +9.4995296422609992e-003
118      +1.1882162643066700e-001    +5.0535416666666699e-001    +9.0907954927689997e-003
119      +1.1088211741416699e-001    +5.0535416666666699e-001    +8.6573611315249998e-003
120      +1.0294469060075601e-001    +5.0535416666666699e-001    +8.1992391654479996e-003
121      +9.5009461010449006e-002    +5.0535416666666699e-001    +7.7164429160319998e-003
122      +8.7076543556854999e-002    +5.0535416666666699e-001    +7.2089864183740001e-003
123      +7.9146053041645001e-002    +5.0535416666666599e-001    +6.6768844201560004e-003
124      +7.1218104149040007e-002    +5.0535416666666699e-001    +6.1201523805759998e-003
125      +6.3292811440309002e-002    +5.0535416666666599e-001    +5.5388064692289997e-003
126      +5.5370289348277001e-002    +5.0535416666666699e-001    +4.9328635649290003e-003
127      +4.7450652171846998e-002    +5.0535416666666599e-001    +4.3023412544929999e-003
128      +3.9534014070538998e-002    +5.0535416666666699e-001    +3.6472578314610000e-003
129      +3.1620489059035001e-002    +5.0535416666666699e-001    +2.9676322947760000e-003
130      +2.3710191001750001e-002    +5.0535416666666699e-001    +2.2634843474100001e-003
131      +1.5803233607407999e-002    +5.0535416666666699e-001    +1.5348343949370001e-003
132      +7.8997304236389995e-003    +5.0535416666666699e-001    +7.8170354405900002e-004
133      +2.6328386728220001e-003    +5.0535416666666699e-001    +2.6328386728299998e-004
134      -0.0000000000000000e+000    +5.0535416666666699e-001    +0.0000000000000000e+000
135      +5.0800000000000001e-001    +5.0006249999999997e-001    +0.0000000000000000e+000
136      +5.0536716132717796e-001    +5.0006249999999997e-001    +2.6328386728299998e-004
137      +5.0010026957636100e-001    +5.0006249999999997e-001    +7.8170354405900002e-004
138      +4.9219676639259202e-001    +5.0006249999999997e-001    +1.5348343949370001e-003
139      +4.8428980899825003e-001    +5.0006249999999997e-001    +2.2634843474100001e-003
140      +4.7637951094096498e-001    +5.0006249999999997e-001    +2.9676322947760000e-003
141      +4.6846598592946198e-001    +5.0006249999999997e-001    +3.6472578314610000e-003
142      +4.6054934782815299e-001    +5.0006249999999997e-001    +4.3023412544929999e-003
143      +4.5262971065172303e-001    +5.0006249999999997e-001    +4.9328635649290003e-003
144      +4.4470718855969099e-001    +5.0006249999999997e-001    +5.5388064692289997e-003
145      +4.3678189585096000e-001    +5.0006249999999997e-001    +6.1201523805759998e-003
146      +4.2885394695835499e-001    +5.0006249999999997e-001    +6.6768844201560004e-003
147      +4.2092345644314499e-001    +5.0006249999999997e-001    +7.2089864183740001e-003
148      +4.1299053898955101e-001    +5.0006249999999997e-001    +7.7164429160319998e-003
149      +4.0505530939924400e-001    +5.0006249999999997e-001    +8.1992391654479996e-003
150      +3.9711788258583303e-001    +5.0006249999999997e-001    +8.6573611315249998e-003
151      +3.8917837356933299e-001    +5.0006249999999997e-001    +9.0907954927689997e-003
152      +3.8123689747063200e-001    +5.0006249999999997e-001    +9.4995296422609992e-003
153      +3.7329356950594400e-001    +5.0006249999999997e-001    +9.8835516885669994e-003
154      +3.6534850498124999e-001    +5.0006249999999997e-001    +1.0242850456607999e-002
155      +3.5740181928673198e-001    +5.0006249999999997e-001    +1.0577415488465001e-002
156      +3.4945362789119999e-001    +5.0006249999999997e-001    +1.0887237044146000e-002
157      +3.4150404633650799e-001    +5.0006249999999997e-001    +1.1172306102294000e-002
158      +3.3355319023196300e-001    +5.0006249999999997e-001    +1.1432614360836001e-002
159      +3.2560117524873200e-001    +5.0006249999999997e-001    +1.1668154237599000e-002
160      +3.1764811711423202e-001    +5.0006249999999997e-001    +1.1878918870850999e-002
161      +3.0969413160652898e-001    +5.0006249999999997e-001    +1.2064902119806001e-002
162      +3.0173933454871599e-001    +5.0006249999999997e-001    +1.2226098565073000e-002
163      +2.9378384180330003e-001    +5.0006249999999997e-001    +1.2362503509044000e-002
164      +2.8582776926657799e-001    +5.0006249999999997e-001    +1.2474112976243000e-002
165      +2.7787123286300602e-001    +5.0006249999999997e-001    +1.2560923713613000e-002
166      +2.6991434853957802e-001    +5.0006249999999997e-001    +1.2622933190750000e-002
167      +2.6195723226018902e-001    +5.0006249999999997e-001    +1.2660139600094000e-002
168      +2.5400000000000000e-001    +5.0006249999999997e-001    +1.2672541857055001e-002
169      +2.4604276773981201e-001    +5.0006249999999997e-001    +1.2660139600094000e-002
170      +2.3808565146042199e-001    +5.0006249999999997e-001    +1.2622933190750000e-002
171      +2.3012876713699401e-001    +5.0006249999999997e-001    +1.2560923713613000e-002
172      +2.2217223073342199e-001    +5.0006249999999997e-001    +1.2474112976243000e-002
173      +2.1421615819670001e-001    +5.0006249999999997e-001    +1.2362503509044000e-002
174      +2.0626066545128399e-001    +5.0006249999999997e-001    +1.2226098565073000e-002
175      +1.9830586839347100e-001    +5.0006249999999997e-001    +1.2064902119806001e-002
176      +1.9035188288576799e-001    +5.0006249999999997e-001    +1.1878918870850999e-002
177      +1.8239882475126801e-001    +5.0006249999999997e-001    +1.1668154237599000e-002
178      +1.7444680976803700e-001    +5.0006249999999997e-001    +1.1432614360836001e-002
179      +1.6649595366349201e-001    +5.0006249999999997e-001    +1.1172306102294000e-002
180      +1.5854637210879999e-001    +5.0006249999999997e-001    +1.0887237044146000e-002
181      +1.5059818071326800e-001    +5.0006249999999997e-001    +1.0577415488465001e-002
182      +1.4265149501874999e-001    +5.0006249999999997e-001    +1.0242850456607999e-002
183      +1.3470643049405601e-001    +5.0006249999999997e-001    +9.8835516885669994e-003
184      +1.2676310252936801e-001    +5.0006249999999997e-001    +9.4995296422609992e-003
185      +1.1882162643066700e-001    +5.0006249999999997e-001    +9.0907954927689997e-003
186      +1.1088211741416699e-001    +5.0006249999999997e-001    +8.6573611315249998e-003
187      +1.0294469060075601e-001    +5.0006249999999997e-001    +8.1992391654479996e-003
188      +9.5009461010449006e-002    +5.0006249999999997e-001    +7.7164429160319998e-003
189      +8.7076543556854999e-002    +5.0006249999999997e-001    +7.2089864183740001e-003
190      +7.9146053041645001e-002    +5.0006249999999997e-001    +6.6768844201560004e-003
191      +7.1218104149040007e-002    +5.0006249999999997e-001    +6.1201523805759998e-003
192      +6.3292811440309002e-002    +5.0006249999999997e-001    +5.5388064692289997e-003
193      +5.5370289348277001e-002    +5.0006249999999997e-001    +4.9328635649290003e-003
194      +4.7450652171846998e-002    +5.0006249999999997e-001    +4.3023412544929999e-003
195      +3.9534014070538998e-002    +5.0006249999999997e-001    +3.6472578314610000e-003
196      +3.1620489059035001e-002    +5.0006249999999997e-001    +2.9676322947760000e-003
197      +2.3710191001750001e-002    +5.0006249999999997e-001    +2.2634843474100001e-003
198      +1.5803233607407999e-002    +5.0006249999999997e-001    +1.5348343949370001e-003
199      +7.8997304236389995e-003    +5.0006249999999997e-001    +7.8170354405900002e-004
200      +2.6328386728220001e-003    +5.0006249999999997e-001    +2.6328386728299998e-004
201      -0.0000000000000000e+000    +5.0006249999999997e-001    +0.0000000000000000e+000
202      +5.0800000000000001e-001    +4.9212499999999998e-001    +0.0000000000000000e+000
203      +5.0536716132717796e-001    +4.9212499999999998e-001    +2.6328386728299998e-004
204      +5.0010026957636100e-001    +4.9212499999999998e-001    +7.8170354405900002e-004
205      +4.9219676639259202e-001    +4.9212499999999998e-001    +1.5348343949370001e-003
206      +4.8428980899825003e-001    +4.9212499999999998e-001    +2.2634843474100001e-003
207      +4.7637951094096498e-001    +4.9212499999999998e-001    +2.9676322947760000e-003
208      +4.6846598592946198e-001    +4.9212499999999998e-001    +3.6472578314610000e-003
209      +4.6054934782815299e-001    +4.9212499999999998e-001    +4.3023412544929999e-003
210      +4.5262971065172303e-001    +4.9212499999999998e-001    +4.9328635649290003e-003
211      +4.4470718855969099e-001    +4.9212499999999998e-001    +5.5388064692289997e-003
212      +4.3678189585096000e-001    +4.9212499999999998e-001    +6.1201523805759998e-003
213      +4.2885394695835499e-001    +4.9212499999999998e-001    +6.6768844201560004e-003
214      +4.2092345644314499e-001    +4.9212499999999998e-001    +7.2089864183740001e-003
215      +4.1299053898955101e-001    +4.9212499999999998e-001    +7.7164429160319998e-003
216      +4.0505530939924400e-001    +4.9212499999999998e-001    +8.1992391654479996e-003
217      +3.9711788258583303e-001    +4.9212499999999998e-001    +8.6573611315249998e-003
218      +3.8917837356933299e-001    +4.9212499999999998e-001    +9.0907954927689997e-003
219      +3.8123689747063200e-001    +4.9212499999999998e-001    +9.4995296422609992e-003
220      +3.7329356950594400e-001    +4.9212499999999998e-001    +9.8835516885669994e-003
221      +3.6534850498124999e-001    +4.9212499999999998e-001    +1.0242850456607999e-002
222      +3.5740181928673198e-001    +4.9212499999999998e-001    +1.0577415488465001e-002
223      +3.4945362789119999e-001    +4.9212499999999998e-001    +1.0887237044146000e-002
224      +3.4150404633650799e-001    +4.9212499999999998e-001    +1.1172306102294000e-002
225      +3.3355319023196300e-001    +4.9212499999999998e-001    +1.1432614360836001e-002
226      +3.2560117524873200e-001    +4.9212499999999998e-001    +1.1668154237599000e-002
227      +3.1764811711423202e-001    +4.9212499999999998e-001    +1.1878918870850999e-002
228      +3.0969413160652898e-001    +4.9212499999999998e-001    +1.2064902119806001e-002
229      +3.0173933454871599e-001    +4.9212499999999998e-001    +1.2226098565073000e-002
230      +2.9378384180330003e-001    +4.9212499999999998e-001    +1.2362503509044000e-002
231      +2.8582776926657799e-001    +4.9212499999999998e-001    +1.2474112976243000e-002
232      +2.7787123286300602e-001    +4.9212499999999998e-001    +1.2560923713613000e-002
233      +2.6991434853957902e-001    +4.9212499999999998e-001    +1.2622933190750000e-002
234      +2.6195723226018902e-001    +4.9212499999999998e-001    +1.2660139600094000e-002
235      +2.5400000000000000e-001    +4.9212499999999998e-001    +1.2672541857055001e-002
236      +2.4604276773981201e-001    +4.9212499999999998e-001    +1.2660139600094000e-002
237      +2.3808565146042199e-001    +4.9212499999999998e-001    +1.2622933190750000e-002
238      +2.3012876713699401e-001    +4.9212499999999998e-001    +1.2560923713613000e-002
239      +2.2217223073342199e-001    +4.9212499999999998e-001    +1.2474112976243000e-002
240      +2.1421615819670001e-001    +4.9212499999999998e-001    +1.2362503509044000e-002
241      +2.0626066545128399e-001    +4.9212499999999998e-001    +1.2226098565073000e-002
242      +1.9830586839347100e-001    +4.9212499999999998e-001    +1.2064902119806001e-002
243      +1.9035188288576799e-001    +4.9212499999999998e-001    +1.1878918870850999e-002
244      +1.8239882475126801e-001    +4.9212499999999998e-001    +1.1668154237599000e-002
245      +1.7444680976803700e-001    +4.9212499999999998e-001    +1.1432614360836001e-002
246      +1.6649595366349201e-001    +4.9212499999999998e-001    +1.1172306102294000e-002
247      +1.5854637210879999e-001    +4.9212499999999998e-001    +1.0887237044146000e-002
248      +1.5059818071326800e-001    +4.9212499999999998e-001    +1.0577415488465001e-002
249      +1.4265149501874999e-001    +4.9212499999999998e-001    +1.0242850456607999e-002
250      +1.3470643049405601e-001    +4.9212499999999998e-001    +9.8835516885669994e-003
251      +1.2676310252936801e-001    +4.9212499999999998e-001    +9.4995296422609992e-003
252      +1.1882162643066700e-001    +4.9212499999999998e-001    +9.0907954927689997e-003
253      +1.1088211741416699e-001    +4.9212499999999998e-001    +8.6573611315249998e-003
254      +1.0294469060075601e-001    +4.9212499999999998e-001    +8.1992391654479996e-003
255      +9.5009461010449006e-002    +4.9212499999999998e-001    +7.7164429160319998e-003
256      +8.7076543556854999e-002    +4.9212499999999998e-001    +7.2089864183740001e-003
257      +7.9146053041645001e-002    +4.9212499999999998e-001    +6.6768844201560004e-003
258      +7.1218104149040007e-002    +4.9212499999999998e-001    +6.1201523805759998e-003
259      +6.3292811440309002e-002    +4.9212499999999998e-001    +5.5388064692289997e-003
260      +5.5370289348277001e-002    +4.9212499999999998e-001    +4.9328635649290003e-003
261      +4.7450652171846998e-002    +4.9212499999999998e-001    +4.3023412544929999e-003
262      +3.9534014070538998e-002    +4.9212499999999998e-001    +3.6472578314610000e-003
263      +3.1620489059035001e-002    +4.9212499999999998e-001    +2.9676322947760000e-003
264      +2.3710191001750001e-002    +4.9212499999999998e-001    +2.2634843474100001e-003
265      +1.5803233607407999e-002    +4.9212499999999998e-001    +1.5348343949370001e-003
266      +7.8997304236389995e-003    +4.9212499999999998e-001    +7.8170354405900002e-004
267      +2.6328386728220001e-003    +4.9212499999999998e-001    +2.6328386728299998e-004
268      -0.0000000000000000e+000    +4.9212499999999998e-001    +0.0000000000000000e+000
269      +5.0800000000000001e-001    +4.8418749999999999e-001    +0.0000000000000000e+000
270      +5.0536716132717796e-001    +4.8418749999999999e-001    +2.6328386728299998e-004
271      +5.0010026957636100e-001    +4.8418749999999999e-001    +7.8170354405900002e-004
272      +4.9219676639259202e-001    +4.8418749999999999e-001    +1.5348343949370001e-003
273      +4.8428980899825003e-001    +4.8418749999999999e-001    +2.2634843474100001e-003
274      +4.7637951094096498e-001    +4.8418749999999999e-001    +2.9676322947760000e-003
275      +4.6846598592946198e-001    +4.8418749999999999e-001    +3.6472578314610000e-003
276      +4.6054934782815299e-001    +4.8418749999999999e-001    +4.3023412544929999e-003
277      +4.5262971065172303e-001    +4.8418749999999999e-001    +4.9328635649290003e-003
278      +4.4470718855969099e-001    +4.8418749999999999e-001    +5.5388064692289997e-003
279      +4.3678189585096000e-001    +4.8418749999999999e-001    +6.1201523805759998e-003
280      +4.2885394695835499e-001    +4.8418749999999999e-001    +6.6768844201560004e-003
281      +4.2092345644314499e-001    +4.8418749999999999e-001    +7.2089864183740001e-003
282      +4.1299053898955101e-001    +4.8418749999999999e-001    +7.7164429160319998e-003
283      +4.0505530939924400e-001    +4.8418749999999999e-001    +8.1992391654479996e-003
284      +3.9711788258583303e-001    +4.8418749999999999e-001    +8.6573611315249998e-003
285      +3.8917837356933299e-001    +4.8418749999999999e-001    +9.0907954927689997e-003
286      +3.8123689747063200e-001    +4.8418749999999999e-001    +9.4995296422609992e-003
287      +3.7329356950594400e-001    +4.8418749999999999e-001    +9.8835516885669994e-003
288      +3.6534850498124999e-001    +4.8418749999999999e-001    +1.0242850456607999e-002
289      +3.5740181928673198e-001    +4.8418749999999999e-001    +1.0577415488465001e-002
290      +3.4945362789119999e-001    +4.8418749999999999e-001    +1.0887237044146000e-002
291      +3.4150404633650799e-001    +4.8418749999999999e-001    +1.1172306102294000e-002
292      +3.3355319023196300e-001    +4.8418749999999999e-001    +1.1432614360836001e-002
293      +3.2560117524873200e-001    +4.8418749999999999e-001    +1.1668154237599000e-002
294      +3.1764811711423202e-001    +4.8418749999999999e-001    +1.1878918870850999e-002
295      +3.0969413160652898e-001    +4.8418749999999999e-001    +1.2064902119806001e-002
296      +3.0173933454871599e-001    +4.8418749999999999e-001    +1.2226098565073000e-002
297      +2.9378384180330003e-001    +4.8418749999999999e-001    +1.2362503509044000e-002
298      +2.8582776926657799e-001    +4.8418749999999999e-001    +1.2474112976243000e-002
299      +2.7787123286300602e-001    +4.8418749999999999e-001    +1.2560923713613000e-002
300      +2.6991434853957902e-001    +4.8418749999999999e-001    +1.2622933190750000e-002
301      +2.6195723226018902e-001    +4.8418749999999999e-001    +1.2660139600094000e-002
302      +2.5400000000000000e-001    +4.8418749999999999e-001    +1.2672541857055001e-002
303      +2.4604276773981201e-001    +4.8418749999999999e-001    +1.2660139600094000e-002
304      +2.3808565146042199e-001    +4.8418749999999999e-001    +1.2622933190750000e-002
305      +2.3012876713699401e-001    +4.8418749999999999e-001    +1.2560923713613000e-002
306      +2.2217223073342199e-001    +4.8418749999999999e-001    +1.2474112976243000e-002
307      +2.1421615819670001e-001    +4.8418749999999999e-001    +1.2362503509044000e-002
308      +2.0626066545128399e-001    +4.8418749999999999e-001    +1.2226098565073000e-002
309      +1.9830586839347100e-001    +4.8418749999999999e-001    +1.2064902119806001e-002
310      +1.9035188288576799e-001    +4.8418749999999999e-001    +1.1878918870850999e-002
311      +1.8239882475126801e-001    +4.8418749999999999e-001    +1.1668154237599000e-002
312      +1.7444680976803700e-001    +4.8418749999999999e-001    +1.1432614360836001e-002
313      +1.6649595366349201e-001    +4.8418749999999999e-001    +1.1172306102294000e-002
314      +1.5854637210879999e-001    +4.8418749999999999e-001    +1.0887237044146000e-002
315      +1.5059818071326800e-001    +4.8418749999999999e-001    +1.0577415488465001e-002
316      +1.4265149501874999e-001    +4.8418749999999999e-001    +1.0242850456607999e-002
317      +1.3470643049405601e-001    +4.8418749999999999e-001    +9.8835516885669994e-003
318      +1.2676310252936801e-001    +4.8418749999999999e-001    +9.4995296422609992e-003
319      +1.1882162643066700e-001    +4.8418749999999999e-001    +9.0907954927689997e-003
320      +1.1088211741416699e-001    +4.8418749999999999e-001    +8.6573611315249998e-003
321      +1.0294469060075601e-001    +4.8418749999999999e-001    +8.1992391654479996e-003
322      +9.5009461010449006e-002    +4.8418749999999999e-001    +7.7164429160319998e-003
323      +8.7076543556854999e-002    +4.8418749999999999e-001    +7.2089864183740001e-003
324      +7.9146053041645001e-002    +4.8418749999999999e-001    +6.6768844201560004e-003
325      +7.1218104149040007e-002    +4.8418749999999999e-001    +6.1201523805759998e-003
326      +6.3292811440309002e-002    +4.8418749999999999e-001    +5.5388064692289997e-003
327      +5.5370289348277001e-002    +4.8418749999999999e-001    +4.9328635649290003e-003
328      +4.7450652171846998e-002    +4.8418749999999999e-001    +4.3023412544929999e-003
329      +3.9534014070538998e-002    +4.8418749999999999e-001    +3.6472578314610000e-003
330      +3.1620489059035001e-002    +4.8418749999999999e-001    +2.9676322947760000e-003
331      +2.3710191001750001e-002    +4.8418749999999999e-001    +2.2634843474100001e-003
332      +1.5803233607407999e-002    +4.8418749999999999e-001    +1.5348343949370001e-003
333      +7.8997304236389995e-003    +4.8418749999999999e-001    +7.8170354405900002e-004
334      +2.6328386728220001e-003    +4.8418749999999999e-001    +2.6328386728299998e-004
335      -0.0000000000000000e+000    +4.8418749999999999e-001    +0.0000000000000000e+000
336      +5.0800000000000001e-001    +4.7625000000000001e-001    +0.0000000000000000e+000
337      +5.0536716132717796e-001    +4.7625000000000001e-001    +2.6328386728299998e-004
338      +5.0010026957636100e-001    +4.7625000000000001e-001    +7.8170354405900002e-004
339      +4.9219676639259202e-001    +4.7625000000000001e-001    +1.5348343949370001e-003
340      +4.8428980899825003e-001    +4.7625000000000001e-001    +2.2634843474100001e-003
341      +4.7637951094096498e-001    +4.7625000000000001e-001    +2.9676322947760000e-003
342      +4.6846598592946198e-001    +4.7625000000000001e-001    +3.6472578314599999e-003
343      +4.6054934782815299e-001    +4.7625000000000001e-001    +4.3023412544929999e-003
344      +4.5262971065172303e-001    +4.7625000000000001e-001    +4.9328635649290003e-003
345      +4.4470718855969099e-001    +4.7625000000000001e-001    +5.5388064692289997e-003
346      +4.3678189585096000e-001    +4.7625000000000001e-001    +6.1201523805759998e-003
347      +4.2885394695835499e-001    +4.7625000000000001e-001    +6.6768844201560004e-003
348      +4.2092345644314499e-001    +4.7625000000000001e-001    +7.2089864183740001e-003
349      +4.1299053898955101e-001    +4.7625000000000001e-001    +7.7164429160319998e-003
350      +4.0505530939924400e-001    +4.7625000000000001e-001    +8.1992391654479996e-003
351      +3.9711788258583303e-001    +4.7625000000000001e-001    +8.6573611315249998e-003
352      +3.8917837356933299e-001    +4.7625000000000001e-001    +9.0907954927689997e-003
353      +3.8123689747063200e-001    +4.7625000000000001e-001    +9.4995296422609992e-003
354      +3.7329356950594400e-001    +4.7625000000000001e-001    +9.8835516885669994e-003
355      +3.6534850498124999e-001    +4.7625000000000001e-001    +1.0242850456607999e-002
356      +3.5740181928673198e-001    +4.7625000000000001e-001    +1.0577415488465001e-002
357      +3.4945362789119999e-001    +4.7625000000000001e-001    +1.0887237044146000e-002
358      +3.4150404633650799e-001    +4.7625000000000001e-001    +1.1172306102294000e-002
359      +3.3355319023196300e-001    +4.7625000000000001e-001    +1.1432614360836001e-002
360      +3.2560117524873200e-001    +4.7625000000000001e-001    +1.1668154237599000e-002
361      +3.1764811711423202e-001    +4.7625000000000001e-001    +1.1878918870850999e-002
362      +3.0969413160652898e-001    +4.7625000000000001e-001    +1.2064902119806001e-002
363      +3.0173933454871599e-001    +4.7625000000000001e-001    +1.2226098565073000e-002
364      +2.9378384180330003e-001    +4.7625000000000001e-001    +1.2362503509044000e-002
365      +2.8582776926657799e-001    +4.7625000000000001e-001    +1.2474112976243000e-002
366      +2.7787123286300602e-001    +4.7625000000000001e-001    +1.2560923713613000e-002
367      +2.6991434853957902e-001    +4.7625000000000001e-001    +1.2622933190750000e-002
368      +2.6195723226018902e-001    +4.7625000000000001e-001    +1.2660139600094000e-002
369      +2.5400000000000000e-001    +4.7625000000000001e-001    +1.2672541857055001e-002
370      +2.4604276773981201e-001    +4.7625000000000001e-001    +1.2660139600094000e-002
371      +2.3808565146042199e-001    +4.7625000000000001e-001    +1.2622933190750000e-002
372      +2.3012876713699401e-001    +4.7625000000000001e-001    +1.2560923713613000e-002
373      +2.2217223073342199e-001    +4.7625000000000001e-001    +1.2474112976243000e-002
374      +2.1421615819670001e-001    +4.7625000000000001e-001    +1.2362503509044000e-002
375      +2.0626066545128399e-001    +4.7625000000000001e-001    +1.2226098565073000e-002
376      +1.9830586839347100e-001    +4.7625000000000001e-001    +1.2064902119806001e-002
377      +1.9035188288576799e-001    +4.7625000000000001e-001    +1.1878918870850999e-002
378      +1.8239882475126801e-001    +4.7625000000000001e-001    +1.1668154237599000e-002
379      +1.7444680976803700e-001    +4.7625000000000001e-001    +1.1432614360836001e-002
380      +1.6649595366349201e-001    +4.7625000000000001e-001    +1.1172306102294000e-002
381      +1.5854637210879999e-001    +4.7625000000000001e-001    +1.0887237044146000e-002
382      +1.5059818071326800e-001    +4.7625000000000001e-001    +1.0577415488465001e-002
383      +1.4265149501874999e-001    +4.7625000000000001e-001    +1.0242850456607999e-002
384      +1.3470643049405601e-001    +4.7625000000000001e-001    +9.8835516885669994e-003
385      +1.2676310252936801e-001    +4.7625000000000001e-001    +9.4995296422609992e-003
386      +1.1882162643066700e-001    +4.7625000000000001e-001    +9.0907954927689997e-003
387      +1.1088211741416699e-001    +4.7625000000000001e-001    +8.6573611315249998e-003
388      +1.0294469060075601e-001    +4.7625000000000001e-001    +8.1992391654479996e-003
389      +9.5009461010449006e-002    +4.7625000000000001e-001    +7.7164429160319998e-003
390      +8.7076543556854999e-002    +4.7625000000000001e-001    +7.2089864183740001e-003
391      +7.9146053041645001e-002    +4.7625000000000001e-001    +6.6768844201560004e-003
392      +7.1218104149040007e-002    +4.7625000000000001e-001    +6.1201523805759998e-003
393      +6.3292811440309002e-002    +4.7625000000000001e-001    +5.5388064692289997e-003
394      +5.5370289348277001e-002    +4.7625000000000001e-001    +4.9328635649290003e-003
395      +4.7450652171846998e-002    +4.7625000000000001e-001    +4.3023412544929999e-003
396      +3.9534014070538998e-002    +4.7625000000000001e-001    +3.6472578314610000e-003
397      +3.1620489059035001e-002    +4.7625000000000001e-001    +2.9676322947760000e-003
398      +2.3710191001750001e-002    +4.7625000000000001e-001    +2.2634843474100001e-003
399      +1.5803233607407999e-002    +4.7625000000000001e-001    +1.5348343949370001e-003
400      +7.8997304236389995e-003    +4.7625000000000001e-001    +7.8170354405900002e-004
401      +2.6328386728220001e-003    +4.7625000000000001e-001    +2.6328386728299998e-004
402      -0.0000000000000000e+000    +4.7625000000000001e-001    +0.0000000000000000e+000
403      +5.0800000000000001e-001    +4.6831250000000002e-001    +0.0000000000000000e+000
404      +5.0536716132717796e-001    +4.6831250000000002e-001    +2.6328386728299998e-004
405      +5.0010026957636100e-001    +4.6831250000000002e-001    +7.8170354405900002e-004
406      +4.9219676639259202e-001    +4.6831250000000002e-001    +1.5348343949370001e-003
407      +4.8428980899825003e-001    +4.6831250000000002e-001    +2.2634843474100001e-003
408      +4.7637951094096498e-001    +4.6831250000000002e-001    +2.9676322947760000e-003
409      +4.6846598592946198e-001    +4.6831250000000002e-001    +3.6472578314599999e-003
410      +4.6054934782815299e-001    +4.6831250000000002e-001    +4.3023412544929999e-003
411      +4.5262971065172303e-001    +4.6831250000000002e-001    +4.9328635649290003e-003
412      +4.4470718855969099e-001    +4.6831250000000002e-001    +5.5388064692289997e-003
413      +4.3678189585096000e-001    +4.6831250000000002e-001    +6.1201523805759998e-003
414      +4.2885394695835499e-001    +4.6831250000000002e-001    +6.6768844201560004e-003
415      +4.2092345644314499e-001    +4.6831250000000002e-001    +7.2089864183740001e-003
416      +4.1299053898955101e-001    +4.6831250000000002e-001    +7.7164429160319998e-003
417      +4.0505530939924400e-001    +4.6831250000000002e-001    +8.1992391654479996e-003
418      +3.9711788258583303e-001    +4.6831250000000002e-001    +8.6573611315249998e-003
419      +3.8917837356933299e-001    +4.6831250000000002e-001    +9.0907954927689997e-003
420      +3.8123689747063200e-001    +4.6831250000000002e-001    +9.4995296422609992e-003
421      +3.7329356950594400e-001    +4.6831250000000002e-001    +9.8835516885669994e-003
422      +3.6534850498124999e-001    +4.6831250000000002e-001    +1.0242850456607999e-002
423      +3.5740181928673198e-001    +4.6831250000000002e-001    +1.0577415488465001e-002
424      +3.4945362789119999e-001    +4.6831250000000002e-001    +1.0887237044146000e-002
425      +3.4150404633650799e-001    +4.6831250000000002e-001    +1.1172306102294000e-002
426      +3.3355319023196300e-001    +4.6831250000000002e-001    +1.1432614360836001e-002
427      +3.2560117524873200e-001    +4.6831250000000002e-001    +1.1668154237599000e-002
428      +3.1764811711423202e-001    +4.6831250000000002e-001    +1.1878918870850999e-002
429      +3.0969413160652898e-001    +4.6831250000000002e-001    +1.2064902119806001e-002
430      +3.0173933454871599e-001    +4.6831250000000002e-001    +1.2226098565073000e-002
431      +2.9378384180330003e-001    +4.6831250000000002e-001    +1.2362503509044000e-002
432      +2.8582776926657799e-001    +4.6831250000000002e-001    +1.2474112976243000e-002
433      +2.7787123286300602e-001    +4.6831250000000002e-001    +1.2560923713613000e-002
434      +2.6991434853957902e-001    +4.6831250000000002e-001    +1.2622933190750000e-002
435      +2.6195723226018902e-001    +4.6831250000000002e-001    +1.2660139600094000e-002
436      +2.5400000000000000e-001    +4.6831250000000002e-001    +1.2672541857055001e-002
437      +2.4604276773981201e-001    +4.6831250000000002e-001    +1.2660139600094000e-002
438      +2.3808565146042199e-001    +4.6831250000000002e-001    +1.2622933190750000e-002
439      +2.3012876713699401e-001    +4.6831250000000002e-001    +1.2560923713613000e-002
440      +2.2217223073342199e-001    +4.6831250000000002e-001    +1.2474112976243000e-002
441      +2.1421615819670001e-001    +4.6831250000000002e-001    +1.2362503509044000e-002
442      +2.0626066545128399e-001    +4.6831250000000002e-001    +1.2226098565073000e-002
443      +1.9830586839347100e-001    +4.6831250000000002e-001    +1.2064902119806001e-002
444      +1.9035188288576799e-001    +4.6831250000000002e-001    +1.1878918870850999e-002
445      +1.8239882475126801e-001    +4.6831250000000002e-001    +1.1668154237599000e-002
446      +1.7444680976803700e-001    +4.6831250000000002e-001    +1.1432614360836001e-002
447      +1.6649595366349201e-001    +4.6831250000000002e-001    +1.1172306102294000e-002
448      +1.5854637210879999e-001    +4.6831250000000002e-001    +1.0887237044146000e-002
449      +1.5059818071326800e-001    +4.6831250000000002e-001    +1.0577415488465001e-002
450      +1.4265149501874999e-001    +4.6831250000000002e-001    +1.0242850456607999e-002
451      +1.3470643049405601e-001    +4.6831250000000002e-001    +9.8835516885669994e-003
452      +1.2676310252936801e-001    +4.6831250000000002e-001    +9.4995296422609992e-003
453      +1.1882162643066700e-001    +4.6831250000000002e-001    +9.0907954927689997e-003
454      +1.1088211741416699e-001    +4.6831250000000002e-001    +8.6573611315249998e-003
455      +1.0294469060075601e-001    +4.6831250000000002e-001    +8.1992391654479996e-003
456      +9.5009461010449006e-002    +4.6831250000000002e-001    +7.7164429160319998e-003
457      +8.7076543556854999e-002    +4.6831250000000002e-001    +7.2089864183740001e-003
458      +7.9146053041645001e-002    +4.6831250000000002e-001    +6.6768844201560004e-003
459      +7.1218104149040007e-002    +4.6831250000000002e-001    +6.1201523805759998e-003
460      +6.3292811440309002e-002    +4.6831250000000002e-001    +5.5388064692289997e-003
461      +5.5370289348277001e-002    +4.6831250000000002e-001    +4.9328635649290003e-003
462      +4.7450652171846998e-002    +4.6831250000000002e-001    +4.3023412544929999e-003
463      +3.9534014070538998e-002    +4.6831250000000002e-001    +3.6472578314610000e-003
464      +3.1620489059035001e-002    +4.6831250000000002e-001    +2.9676322947760000e-003
465      +2.3710191001750001e-002    +4.6831250000000002e-001    +2.2634843474100001e-003
466      +1.5803233607407999e-002    +4.6831250000000002e-001    +1.5348343949370001e-003
467      +7.8997304236389995e-003    +4.6831250000000002e-001    +7.8170354405900002e-004
468      +2.6328386728220001e-003    +4.6831250000000002e-001    +2.6328386728299998e-004
469      -0.0000000000000000e+000    +4.6831250000000002e-001    +0.0000000000000000e+000
470      +5.0800000000000001e-001    +4.6037499999999998e-001    +0.0000000000000000e+000
471      +5.0536716132717796e-001    +4.6037499999999998e-001    +2.6328386728299998e-004
472      +5.0010026957636100e-001    +4.6037499999999998e-001    +7.8170354405900002e-004
473      +4.9219676639259202e-001    +4.6037499999999998e-001    +1.5348343949370001e-003
474      +4.8428980899825003e-001    +4.6037499999999998e-001    +2.2634843474100001e-003
475      +4.7637951094096498e-001    +4.6037499999999998e-001    +2.9676322947760000e-003
476      +4.6846598592946098e-001    +4.6037499999999998e-001    +3.6472578314599999e-003
477      +4.6054934782815299e-001    +4.6037499999999998e-001    +4.3023412544929999e-003
478      +4.5262971065172303e-001    +4.6037499999999998e-001    +4.9328635649290003e-003
479      +4.4470718855969099e-001    +4.6037499999999998e-001    +5.5388064692289997e-003
480      +4.3678189585096000e-001    +4.6037499999999998e-001    +6.1201523805759998e-003
481      +4.2885394695835499e-001    +4.6037499999999998e-001    +6.6768844201560004e-003
482      +4.2092345644314499e-001    +4.6037499999999998e-001    +7.2089864183740001e-003
483      +4.1299053898955101e-001    +4.6037499999999998e-001    +7.7164429160319998e-003
484      +4.0505530939924400e-001    +4.6037499999999998e-001    +8.1992391654479996e-003
485      +3.9711788258583303e-001    +4.6037499999999998e-001    +8.6573611315249998e-003
486      +3.8917837356933299e-001    +4.6037499999999998e-001    +9.0907954927689997e-003
487      +3.8123689747063200e-001    +4.6037499999999998e-001    +9.4995296422609992e-003
488      +3.7329356950594400e-001    +4.6037499999999998e-001    +9.8835516885669994e-003
489      +3.6534850498124999e-001    +4.6037499999999998e-001    +1.0242850456607999e-002
490      +3.5740181928673198e-001    +4.6037499999999998e-001    +1.0577415488465001e-002
491      +3.4945362789119999e-001    +4.6037499999999998e-001    +1.0887237044146000e-002
492      +3.4150404633650799e-001    +4.6037499999999998e-001    +1.1172306102294000e-002
493      +3.3355319023196300e-001    +4.6037499999999998e-001    +1.1432614360836001e-002
494      +3.2560117524873200e-001    +4.6037499999999998e-001    +1.1668154237599000e-002
495      +3.1764811711423202e-001    +4.6037499999999998e-001    +1.1878918870850999e-002
496      +3.0969413160652898e-001    +4.6037499999999998e-001    +1.2064902119806001e-002
497      +3.0173933454871599e-001    +4.6037499999999998e-001    +1.2226098565073000e-002
498      +2.9378384180330003e-001    +4.6037499999999998e-001    +1.2362503509044000e-002
499      +2.8582776926657799e-001    +4.6037499999999998e-001    +1.2474112976243000e-002
500      +2.7787123286300602e-001    +4.6037499999999998e-001    +1.2560923713613000e-002
501      +2.6991434853957902e-001    +4.6037499999999998e-001    +1.2622933190750000e-002
502      +2.6195723226018902e-001    +4.6037499999999998e-001    +1.2660139600094000e-002
503      +2.5400000000000000e-001    +4.6037499999999998e-001    +1.2672541857055001e-002
504      +2.4604276773981201e-001    +4.6037499999999998e-001    +1.2660139600094000e-002
505      +2.3808565146042199e-001    +4.6037499999999998e-001    +1.2622933190750000e-002
506      +2.3012876713699401e-001    +4.6037499999999998e-001    +1.2560923713613000e-002
507      +2.2217223073342199e-001    +4.6037499999999998e-001    +1.2474112976243000e-002
508      +2.1421615819670001e-001    +4.6037499999999998e-001    +1.2362503509044000e-002
509      +2.0626066545128399e-001    +4.6037499999999998e-001    +1.2226098565073000e-002
510      +1.9830586839347100e-001    +4.6037499999999998e-001    +1.2064902119806001e-002
511      +1.9035188288576799e-001    +4.6037499999999998e-001    +1.1878918870850999e-002
512      +1.8239882475126801e-001    +4.6037499999999998e-001    +1.1668154237599000e-002
513      +1.7444680976803700e-001    +4.6037499999999998e-001    +1.1432614360836001e-002
514      +1.6649595366349201e-001    +4.6037499999999998e-001    +1.1172306102294000e-002
515      +1.5854637210879999e-001    +4.6037499999999998e-001    +1.0887237044146000e-002
516      +1.5059818071326800e-001    +4.6037499999999998e-001    +1.0577415488465001e-002
517      +1.4265149501874999e-001    +4.6037499999999998e-001    +1.0242850456607999e-002
518      +1.3470643049405601e-001    +4.6037499999999998e-001    +9.8835516885669994e-003
519      +1.2676310252936801e-001    +4.6037499999999998e-001    +9.4995296422609992e-003
520      +1.1882162643066700e-001    +4.6037499999999998e-001    +9.0907954927689997e-003
521      +1.1088211741416699e-001    +4.6037499999999998e-001    +8.6573611315249998e-003
522      +1.0294469060075601e-001    +4.6037499999999998e-001    +8.1992391654479996e-003
523      +9.5009461010449006e-002    +4.6037499999999998e-001    +7.7164429160319998e-003
524      +8.7076543556854999e-002    +4.6037499999999998e-001    +7.2089864183740001e-003
525      +7.9146053041645001e-002    +4.6037499999999998e-001    +6.6768844201560004e-003
526      +7.1218104149040007e-002    +4.6037499999999998e-001    +6.1201523805759998e-003
527      +6.3292811440309002e-002    +4.6037499999999998e-001    +5.5388064692289997e-003
528      +5.5370289348277001e-002    +4.6037499999999998e-001    +4.9328635649290003e-003
529      +4.7450652171846998e-002    +4.6037499999999998e-001    +4.3023412544929999e-003
530      +3.9534014070538998e-002    +4.6037499999999998e-001    +3.6472578314599999e-003
531      +3.1620489059035001e-002    +4.6037499999999998e-001    +2.9676322947760000e-003
532      +2.3710191001750001e-002    +4.6037499999999998e-001    +2.2634843474100001e-003
533      +1.5803233607407999e-002    +4.6037499999999998e-001    +1.5348343949370001e-003
534      +7.8997304236389995e-003    +4.6037499999999998e-001    +7.8170354405900002e-004
535      +2.6328386728220001e-003    +4.6037499999999998e-001    +2.6328386728299998e-004
536      -0.0000000000000000e+000    +4.6037499999999998e-001    +0.0000000000000000e+000
537      +5.0800000000000001e-001    +4.5243749999999999e-001    +0.0000000000000000e+000
538      +5.0536716132717796e-001    +4.5243749999999999e-001    +2.6328386728299998e-004
539      +5.0010026957636100e-001    +4.5243749999999999e-001    +7.8170354405900002e-004
540      +4.9219676639259202e-001    +4.5243749999999999e-001    +1.5348343949370001e-003
541      +4.8428980899825003e-001    +4.5243749999999999e-001    +2.2634843474100001e-003
542      +4.7637951094096498e-001    +4.5243749999999999e-001    +2.9676322947760000e-003
543      +4.6846598592946198e-001    +4.5243749999999999e-001    +3.6472578314599999e-003
544      +4.6054934782815299e-001    +4.5243749999999999e-001    +4.3023412544929999e-003
545      +4.5262971065172303e-001    +4.5243749999999999e-001    +4.9328635649290003e-003
546      +4.4470718855969099e-001    +4.5243749999999999e-001    +5.5388064692289997e-003
547      +4.3678189585096000e-001    +4.5243749999999999e-001    +6.1201523805759998e-003
548      +4.2885394695835499e-001    +4.5243749999999999e-001    +6.6768844201560004e-003
549      +4.2092345644314499e-001    +4.5243749999999999e-001    +7.2089864183740001e-003
550      +4.1299053898955101e-001    +4.5243749999999999e-001    +7.7164429160319998e-003
551      +4.0505530939924400e-001    +4.5243749999999999e-001    +8.1992391654479996e-003
552      +3.9711788258583303e-001    +4.5243749999999999e-001    +8.6573611315249998e-003
553      +3.8917837356933199e-001    +4.5243749999999999e-001    +9.0907954927689997e-003
554      +3.8123689747063200e-001    +4.5243749999999999e-001    +9.4995296422609992e-003
555      +3.7329356950594400e-001    +4.5243749999999999e-001    +9.8835516885669994e-003
556      +3.6534850498124999e-001    +4.5243749999999999e-001    +1.0242850456607999e-002
557      +3.5740181928673198e-001    +4.5243749999999999e-001    +1.0577415488465001e-002
558      +3.4945362789119999e-001    +4.5243749999999999e-001    +1.0887237044146000e-002
559      +3.4150404633650799e-001    +4.5243749999999999e-001    +1.1172306102294000e-002
560      +3.3355319023196300e-001    +4.5243749999999999e-001    +1.1432614360836001e-002
561      +3.2560117524873200e-001    +4.5243749999999999e-001    +1.1668154237599000e-002
562      +3.1764811711423202e-001    +4.5243749999999999e-001    +1.1878918870850999e-002
563      +3.0969413160652898e-001    +4.5243749999999999e-001    +1.2064902119806001e-002
564      +3.0173933454871599e-001    +4.5243749999999999e-001    +1.2226098565073000e-002
565      +2.9378384180330003e-001    +4.5243749999999999e-001    +1.2362503509044000e-002
566      +2.8582776926657799e-001    +4.5243749999999999e-001    +1.2474112976243000e-002
567      +2.7787123286300602e-001    +4.5243749999999999e-001    +1.2560923713613000e-002
568      +2.6991434853957802e-001    +4.5243749999999999e-001    +1.2622933190750000e-002
569      +2.6195723226018902e-001    +4.5243749999999999e-001    +1.2660139600094000e-002
570      +2.5400000000000000e-001    +4.5243749999999999e-001    +1.2672541857055001e-002
571      +2.4604276773981201e-001    +4.5243749999999999e-001    +1.2660139600094000e-002
572      +2.3808565146042199e-001    +4.5243749999999999e-001    +1.2622933190750000e-002
573      +2.3012876713699401e-001    +4.5243749999999999e-001    +1.2560923713613000e-002
574      +2.2217223073342199e-001    +4.5243749999999999e-001    +1.2474112976243000e-002
575      +2.1421615819670001e-001    +4.5243749999999999e-001    +1.2362503509044000e-002
576      +2.0626066545128399e-001    +4.5243749999999999e-001    +1.2226098565073000e-002
577      +1.9830586839347100e-001    +4.5243749999999999e-001    +1.2064902119806001e-002
578      +1.9035188288576799e-001    +4.5243749999999999e-001    +1.1878918870850999e-002
579      +1.8239882475126801e-001    +4.5243749999999999e-001    +1.1668154237599000e-002
580      +1.7444680976803700e-001    +4.5243749999999999e-001    +1.1432614360836001e-002
581      +1.6649595366349201e-001    +4.5243749999999999e-001    +1.1172306102294000e-002
582      +1.5854637210879999e-001    +4.5243749999999999e-001    +1.0887237044146000e-002
583      +1.5059818071326800e-001    +4.5243749999999999e-001    +1.0577415488465001e-002
584      +1.4265149501874999e-001    +4.5243749999999999e-001    +1.0242850456607999e-002
585      +1.3470643049405601e-001    +4.5243749999999999e-001    +9.8835516885669994e-003
586      +1.2676310252936801e-001    +4.5243749999999999e-001    +9.4995296422609992e-003
587      +1.1882162643066700e-001    +4.5243749999999999e-001    +9.0907954927689997e-003
588      +1.1088211741416699e-001    +4.5243749999999999e-001    +8.6573611315249998e-003
589      +1.0294469060075601e-001    +4.5243749999999999e-001    +8.1992391654479996e-003
590      +9.5009461010449006e-002    +4.5243749999999999e-001    +7.7164429160319998e-003
591      +8.7076543556854999e-002    +4.5243749999999999e-001    +7.2089864183740001e-003
592      +7.9146053041645001e-002    +4.5243749999999999e-001    +6.6768844201560004e-003
593      +7.1218104149040007e-002    +4.5243749999999999e-001    +6.1201523805759998e-003
594      +6.3292811440309002e-002    +4.5243749999999999e-001    +5.5388064692289997e-003
595      +5.5370289348277001e-002    +4.5243749999999999e-001    +4.9328635649290003e-003
596      +4.7450652171846998e-002    +4.5243749999999999e-001    +4.3023412544929999e-003
597      +3.9534014070538998e-002    +4.5243749999999999e-001    +3.6472578314599999e-003
598      +3.1620489059035001e-002    +4.5243749999999999e-001    +2.9676322947760000e-003
599      +2.3710191001750001e-002    +4.5243749999999999e-001    +2.2634843474100001e-003
600      +1.5803233607407999e-002    +4.5243749999999999e-001    +1.5348343949370001e-003
601      +7.8997304236389995e-003    +4.5243749999999999e-001    +7.8170354405900002e-004
602      +2.6328386728220001e-003    +4.5243749999999999e-001    +2.6328386728299998e-004
603      -0.0000000000000000e+000    +4.5243749999999999e-001    +0.0000000000000000e+000
604      +5.0800000000000001e-001    +4.4450000000000001e-001    +0.0000000000000000e+000
605      +5.0536716132717796e-001    +4.4450000000000001e-001    +2.6328386728299998e-004
606      +5.0010026957636100e-001    +4.4450000000000001e-001    +7.8170354405900002e-004
607      +4.9219676639259202e-001    +4.4450000000000001e-001    +1.5348343949370001e-003
608      +4.8428980899825003e-001    +4.4450000000000001e-001    +2.2634843474100001e-003
609      +4.7637951094096498e-001    +4.4450000000000001e-001    +2.9676322947760000e-003
610      +4.6846598592946098e-001    +4.4450000000000001e-001    +3.6472578314599999e-003
611      +4.6054934782815299e-001    +4.4450000000000001e-001    +4.3023412544929999e-003
612      +4.5262971065172303e-001    +4.4450000000000001e-001    +4.9328635649290003e-003
613      +4.4470718855969099e-001    +4.4450000000000001e-001    +5.5388064692289997e-003
614      +4.3678189585096000e-001    +4.4450000000000001e-001    +6.1201523805759998e-003
615      +4.2885394695835499e-001    +4.4450000000000001e-001    +6.6768844201560004e-003
616      +4.2092345644314499e-001    +4.4450000000000001e-001    +7.2089864183740001e-003
617      +4.1299053898955101e-001    +4.4450000000000001e-001    +7.7164429160319998e-003
618      +4.0505530939924400e-001    +4.4450000000000001e-001    +8.1992391654479996e-003
619      +3.9711788258583303e-001    +4.4450000000000001e-001    +8.6573611315249998e-003
620      +3.8917837356933199e-001    +4.4450000000000001e-001    +9.0907954927689997e-003
621      +3.8123689747063200e-001    +4.4450000000000001e-001    +9.4995296422609992e-003
622      +3.7329356950594400e-001    +4.4450000000000001e-001    +9.8835516885669994e-003
623      +3.6534850498124999e-001    +4.4450000000000001e-001    +1.0242850456607999e-002
624      +3.5740181928673198e-001    +4.4450000000000001e-001    +1.0577415488465001e-002
625      +3.4945362789119999e-001    +4.4450000000000001e-001    +1.0887237044146000e-002
626      +3.4150404633650799e-001    +4.4450000000000001e-001    +1.1172306102294000e-002
627      +3.3355319023196300e-001    +4.4450000000000001e-001    +1.1432614360836001e-002
628      +3.2560117524873200e-001    +4.4450000000000001e-001    +1.1668154237599000e-002
629      +3.1764811711423202e-001    +4.4450000000000001e-001    +1.1878918870850999e-002
630      +3.0969413160652898e-001    +4.4450000000000001e-001    +1.2064902119806001e-002
631      +3.0173933454871599e-001    +4.4450000000000001e-001    +1.2226098565073000e-002
632      +2.9378384180330003e-001    +4.4450000000000001e-001    +1.2362503509044000e-002
633      +2.8582776926657799e-001    +4.4450000000000001e-001    +1.2474112976243000e-002
634      +2.7787123286300602e-001    +4.4450000000000001e-001    +1.2560923713613000e-002
635      +2.6991434853957902e-001    +4.4450000000000001e-001    +1.2622933190750000e-002
636      +2.6195723226018902e-001    +4.4450000000000001e-001    +1.2660139600094000e-002
637      +2.5400000000000000e-001    +4.4450000000000001e-001    +1.2672541857055001e-002
638      +2.4604276773981201e-001    +4.4450000000000001e-001    +1.2660139600094000e-002
639      +2.3808565146042199e-001    +4.4450000000000001e-001    +1.2622933190750000e-002
640      +2.3012876713699401e-001    +4.4450000000000001e-001    +1.2560923713613000e-002
641      +2.2217223073342199e-001    +4.4450000000000001e-001    +1.2474112976243000e-002
642      +2.1421615819670001e-001    +4.4450000000000001e-001    +1.2362503509044000e-002
643      +2.0626066545128399e-001    +4.4450000000000001e-001    +1.2226098565073000e-002
644      +1.9830586839347100e-001    +4.4450000000000001e-001    +1.2064902119806001e-002
645      +1.9035188288576799e-001    +4.4450000000000001e-001    +1.1878918870850999e-002
646      +1.8239882475126801e-001    +4.4450000000000001e-001    +1.1668154237599000e-002
647      +1.7444680976803700e-001    +4.4450000000000001e-001    +1.1432614360836001e-002
648      +1.6649595366349201e-001    +4.4450000000000001e-001    +1.1172306102294000e-002
649      +1.5854637210879999e-001    +4.4450000000000001e-001    +1.0887237044146000e-002
650      +1.5059818071326800e-001    +4.4450000000000001e-001    +1.0577415488465001e-002
651      +1.4265149501874999e-001    +4.4450000000000001e-001    +1.0242850456607999e-002
652      +1.3470643049405601e-001    +4.4450000000000001e-001    +9.8835516885669994e-003
653      +1.2676310252936801e-001    +4.4450000000000001e-001    +9.4995296422609992e-003
654      +1.1882162643066700e-001    +4.4450000000000001e-001    +9.0907954927689997e-003
655      +1.1088211741416699e-001    +4.4450000000000001e-001    +8.6573611315249998e-003
656      +1.0294469060075601e-001    +4.4450000000000001e-001    +8.1992391654479996e-003
657      +9.5009461010449006e-002    +4.4450000000000001e-001    +7.7164429160319998e-003
658      +8.7076543556854999e-002    +4.4450000000000001e-001    +7.2089864183740001e-003
659      +7.9146053041645001e-002    +4.4450000000000001e-001    +6.6768844201560004e-003
660      +7.1218104149040007e-002    +4.4450000000000001e-001    +6.1201523805759998e-003
661      +6.3292811440309002e-002    +4.4450000000000001e-001    +5.5388064692289997e-003
662      +5.5370289348277001e-002    +4.4450000000000001e-001    +4.9328635649290003e-003
663      +4.7450652171846998e-002    +4.4450000000000001e-001    +4.3023412544929999e-003
664      +3.9534014070538998e-002    +4.4450000000000001e-001    +3.6472578314599999e-003
665      +3.1620489059035001e-002    +4.4450000000000001e-001    +2.9676322947760000e-003
666      +2.3710191001750001e-002    +4.4450000000000001e-001    +2.2634843474100001e-003
667      +1.5803233607407999e-002    +4.4450000000000001e-001    +1.5348343949370001e-003
668      +7.8997304236389995e-003    +4.4450000000000001e-001    +7.8170354405900002e-004
669      +2.6328386728220001e-003    +4.4450000000000001e-001    +2.6328386728299998e-004
670      -0.0000000000000000e+000    +4.4450000000000001e-001    +0.0000000000000000e+000
671      +5.0800000000000001e-001    +4.3656250000000002e-001    +0.0000000000000000e+000
672      +5.0536716132717796e-001    +4.3656250000000002e-001    +2.6328386728299998e-004
673      +5.0010026957636100e-001    +4.3656250000000002e-001    +7.8170354405900002e-004
674      +4.9219676639259202e-001    +4.3656250000000002e-001    +1.5348343949370001e-003
675      +4.8428980899825003e-001    +4.3656250000000002e-001    +2.2634843474100001e-003
676      +4.7637951094096498e-001    +4.3656250000000002e-001    +2.9676322947760000e-003
677      +4.6846598592946198e-001    +4.3656250000000002e-001    +3.6472578314599999e-003
678      +4.6054934782815299e-001    +4.3656250000000002e-001    +4.3023412544929999e-003
679      +4.5262971065172303e-001    +4.3656250000000002e-001    +4.9328635649290003e-003
680      +4.4470718855969099e-001    +4.3656250000000002e-001    +5.5388064692289997e-003
681      +4.3678189585096000e-001    +4.3656250000000002e-001    +6.1201523805759998e-003
682      +4.2885394695835499e-001    +4.3656250000000002e-001    +6.6768844201560004e-003
683      +4.2092345644314499e-001    +4.3656250000000002e-001    +7.2089864183740001e-003
684      +4.1299053898955101e-001    +4.3656250000000002e-001    +7.7164429160319998e-003
685      +4.0505530939924400e-001    +4.3656250000000002e-001    +8.1992391654479996e-003
686      +3.9711788258583303e-001    +4.3656250000000002e-001    +8.6573611315249998e-003
687      +3.8917837356933299e-001    +4.3656250000000002e-001    +9.0907954927689997e-003
688      +3.8123689747063200e-001    +4.3656250000000002e-001    +9.4995296422609992e-003
689      +3.7329356950594400e-001    +4.3656250000000002e-001    +9.8835516885669994e-003
690      +3.6534850498124999e-001    +4.3656250000000002e-001    +1.0242850456607999e-002
691      +3.5740181928673198e-001    +4.3656250000000002e-001    +1.0577415488465001e-002
692      +3.4945362789119999e-001    +4.3656250000000002e-001    +1.0887237044146000e-002
693      +3.4150404633650799e-001    +4.3656250000000002e-001    +1.1172306102294000e-002
694      +3.3355319023196300e-001    +4.3656250000000002e-001    +1.1432614360836001e-002
695      +3.2560117524873200e-001    +4.3656250000000002e-001    +1.1668154237599000e-002
696      +3.1764811711423202e-001    +4.3656250000000002e-001    +1.1878918870850999e-002
697      +3.0969413160652898e-001    +4.3656250000000002e-001    +1.2064902119806001e-002
698      +3.0173933454871599e-001    +4.3656250000000002e-001    +1.2226098565073000e-002
699      +2.9378384180330003e-001    +4.3656250000000002e-001    +1.2362503509044000e-002
700      +2.8582776926657799e-001    +4.3656250000000002e-001    +1.2474112976243000e-002
701      +2.7787123286300602e-001    +4.3656250000000002e-001    +1.2560923713613000e-002
702      +2.6991434853957902e-001    +4.3656250000000002e-001    +1.2622933190750000e-002
703      +2.6195723226018902e-001    +4.3656250000000002e-001    +1.2660139600094000e-002
704      +2.5400000000000000e-001    +4.3656250000000002e-001    +1.2672541857055001e-002
705      +2.4604276773981201e-001    +4.3656250000000002e-001    +1.2660139600094000e-002
706      +2.3808565146042199e-001    +4.3656250000000002e-001    +1.2622933190750000e-002
707      +2.3012876713699401e-001    +4.3656250000000002e-001    +1.2560923713613000e-002
708      +2.2217223073342199e-001    +4.3656250000000002e-001    +1.2474112976243000e-002
709      +2.1421615819670001e-001    +4.3656250000000002e-001    +1.2362503509044000e-002
710      +2.0626066545128399e-001    +4.3656250000000002e-001    +1.2226098565073000e-002
711      +1.9830586839347100e-001    +4.3656250000000002e-001    +1.2064902119806001e-002
712      +1.9035188288576799e-001    +4.3656250000000002e-001    +1.1878918870850999e-002
713      +1.8239882475126801e-001    +4.3656250000000002e-001    +1.1668154237599000e-002
714      +1.7444680976803700e-001    +4.3656250000000002e-001    +1.1432614360836001e-002
715      +1.6649595366349201e-001    +4.3656250000000002e-001    +1.1172306102294000e-002
716      +1.5854637210879999e-001    +4.3656250000000002e-001    +1.0887237044146000e-002
717      +1.5059818071326800e-001    +4.3656250000000002e-001    +1.0577415488465001e-002
718      +1.4265149501874999e-001    +4.3656250000000002e-001    +1.0242850456607999e-002
719      +1.3470643049405601e-001    +4.3656250000000002e-001    +9.8835516885669994e-003
720      +1.2676310252936801e-001    +4.3656250000000002e-001    +9.4995296422609992e-003
721      +1.1882162643066700e-001    +4.3656250000000002e-001    +9.0907954927689997e-003
722      +1.1088211741416699e-001    +4.3656250000000002e-001    +8.6573611315249998e-003
723      +1.0294469060075601e-001    +4.3656250000000002e-001    +8.1992391654479996e-003
724      +9.5009461010449006e-002    +4.3656250000000002e-001    +7.7164429160319998e-003
725      +8.7076543556854999e-002    +4.3656250000000002e-001    +7.2089864183740001e-003
726      +7.9146053041645001e-002    +4.3656250000000002e-001    +6.6768844201560004e-003
727      +7.1218104149040007e-002    +4.3656250000000002e-001    +6.1201523805759998e-003
728      +6.3292811440309002e-002    +4.3656250000000002e-001    +5.5388064692289997e-003
729      +5.5370289348277001e-002    +4.3656250000000002e-001    +4.9328635649290003e-003
730      +4.7450652171846998e-002    +4.3656250000000002e-001    +4.3023412544929999e-003
731      +3.9534014070538998e-002    +4.3656250000000002e-001    +3.6472578314599999e-003
732      +3.1620489059035001e-002    +4.3656250000000002e-001    +2.9676322947760000e-003
733      +2.3710191001750001e-002    +4.3656250000000002e-001    +2.2634843474100001e-003
734      +1.5803233607407999e-002    +4.3656250000000002e-001    +1.5348343949370001e-003
735      +7.8997304236389995e-003    +4.3656250000000002e-001    +7.8170354405900002e-004
736      +2.6328386728220001e-003    +4.3656250000000002e-001    +2.6328386728299998e-004
737      -0.0000000000000000e+000    +4.3656250000000002e-001    +0.0000000000000000e+000
738      +5.0800000000000001e-001    +4.2862499999999998e-001    +0.0000000000000000e+000
739      +5.0536716132717796e-001    +4.2862499999999998e-001    +2.6328386728299998e-004
740      +5.0010026957636100e-001    +4.2862499999999998e-001    +7.8170354405900002e-004
741      +4.9219676639259202e-001    +4.2862499999999998e-001    +1.5348343949370001e-003
742      +4.8428980899825003e-001    +4.2862499999999998e-001    +2.2634843474100001e-003
743      +4.7637951094096498e-001    +4.2862499999999998e-001    +2.9676322947760000e-003
744      +4.6846598592946198e-001    +4.2862499999999998e-001    +3.6472578314599999e-003
745      +4.6054934782815299e-001    +4.2862499999999998e-001    +4.3023412544929999e-003
746      +4.5262971065172303e-001    +4.2862499999999998e-001    +4.9328635649290003e-003
747      +4.4470718855969099e-001    +4.2862499999999998e-001    +5.5388064692289997e-003
748      +4.3678189585096000e-001    +4.2862499999999998e-001    +6.1201523805759998e-003
749      +4.2885394695835499e-001    +4.2862499999999998e-001    +6.6768844201560004e-003
750      +4.2092345644314499e-001    +4.2862499999999998e-001    +7.2089864183740001e-003
751      +4.1299053898955101e-001    +4.2862499999999998e-001    +7.7164429160319998e-003
752      +4.0505530939924400e-001    +4.2862499999999998e-001    +8.1992391654479996e-003
753      +3.9711788258583303e-001    +4.2862499999999998e-001    +8.6573611315249998e-003
754      +3.8917837356933299e-001    +4.2862499999999998e-001    +9.0907954927689997e-003
755      +3.8123689747063200e-001    +4.2862499999999998e-001    +9.4995296422609992e-003
756      +3.7329356950594400e-001    +4.2862499999999998e-001    +9.8835516885669994e-003
757      +3.6534850498124999e-001    +4.2862499999999998e-001    +1.0242850456607999e-002
758      +3.5740181928673198e-001    +4.2862499999999998e-001    +1.0577415488465001e-002
759      +3.4945362789119999e-001    +4.2862499999999998e-001    +1.0887237044146000e-002
760      +3.4150404633650799e-001    +4.2862499999999998e-001    +1.1172306102294000e-002
761      +3.3355319023196300e-001    +4.2862499999999998e-001    +1.1432614360836001e-002
762      +3.2560117524873200e-001    +4.2862499999999998e-001    +1.1668154237599000e-002
763      +3.1764811711423202e-001    +4.2862499999999998e-001    +1.1878918870850999e-002
764      +3.0969413160652898e-001    +4.2862499999999998e-001    +1.2064902119806001e-002
765      +3.0173933454871599e-001    +4.2862499999999998e-001    +1.2226098565073000e-002
766      +2.9378384180330003e-001    +4.2862499999999998e-001    +1.2362503509044000e-002
767      +2.8582776926657799e-001    +4.2862499999999998e-001    +1.2474112976243000e-002
768      +2.7787123286300602e-001    +4.2862499999999998e-001    +1.2560923713613000e-002
769      +2.6991434853957902e-001    +4.2862499999999998e-001    +1.2622933190750000e-002
770      +2.6195723226018902e-001    +4.2862499999999998e-001    +1.2660139600094000e-002
771      +2.5400000000000000e-001    +4.2862499999999998e-001    +1.2672541857055001e-002
772      +2.4604276773981201e-001    +4.2862499999999998e-001    +1.2660139600094000e-002
773      +2.3808565146042199e-001    +4.2862499999999998e-001    +1.2622933190750000e-002
774      +2.3012876713699401e-001    +4.2862499999999998e-001    +1.2560923713613000e-002
775      +2.2217223073342199e-001    +4.2862499999999998e-001    +1.2474112976243000e-002
776      +2.1421615819670001e-001    +4.2862499999999998e-001    +1.2362503509044000e-002
777      +2.0626066545128399e-001    +4.2862499999999998e-001    +1.2226098565073000e-002
778      +1.9830586839347100e-001    +4.2862499999999998e-001    +1.2064902119806001e-002
779      +1.9035188288576799e-001    +4.2862499999999998e-001    +1.1878918870850999e-002
780      +1.8239882475126801e-001    +4.2862499999999998e-001    +1.1668154237599000e-002
781      +1.7444680976803700e-001    +4.2862499999999998e-001    +1.1432614360836001e-002
782      +1.6649595366349201e-001    +4.2862499999999998e-001    +1.1172306102294000e-002
783      +1.5854637210879999e-001    +4.2862499999999998e-001    +1.0887237044146000e-002
784      +1.5059818071326800e-001    +4.2862499999999998e-001    +1.0577415488465001e-002
785      +1.4265149501874999e-001    +4.2862499999999998e-001    +1.0242850456607999e-002
786      +1.3470643049405601e-001    +4.2862499999999998e-001    +9.8835516885669994e-003
787      +1.2676310252936801e-001    +4.2862499999999998e-001    +9.4995296422609992e-003
788      +1.1882162643066700e-001    +4.2862499999999998e-001    +9.0907954927689997e-003
789      +1.1088211741416699e-001    +4.2862499999999998e-001    +8.6573611315249998e-003
790      +1.0294469060075601e-001    +4.2862499999999998e-001    +8.1992391654479996e-003
791      +9.5009461010449006e-002    +4.2862499999999998e-001    +7.7164429160319998e-003
792      +8.7076543556854999e-002    +4.2862499999999998e-001    +7.2089864183740001e-003
793      +7.9146053041645001e-002    +4.2862499999999998e-001    +6.6768844201560004e-003
794      +7.1218104149040007e-002    +4.2862499999999998e-001    +6.1201523805759998e-003
795      +6.3292811440309002e-002    +4.2862499999999998e-001    +5.5388064692289997e-003
796      +5.5370289348277001e-002    +4.2862499999999998e-001    +4.9328635649290003e-003
797      +4.7450652171846998e-002    +4.2862499999999998e-001    +4.3023412544929999e-003
798      +3.9534014070538998e-002    +4.2862499999999998e-001    +3.6472578314599999e-003
799      +3.1620489059035001e-002    +4.2862499999999998e-001    +2.9676322947760000e-003
800      +2.3710191001750001e-002    +4.2862499999999998e-001    +2.2634843474100001e-003
801      +1.5803233607407999e-002    +4.2862499999999998e-001    +1.5348343949370001e-003
802      +7.8997304236389995e-003    +4.2862499999999998e-001    +7.8170354405900002e-004
803      +2.6328386728220001e-003    +4.2862499999999998e-001    +2.6328386728299998e-004
804      -0.0000000000000000e+000    +4.2862499999999998e-001    +0.0000000000000000e+000
805      +5.0800000000000001e-001    +4.2068749999999999e-001    +0.0000000000000000e+000
806      +5.0536716132717796e-001    +4.2068749999999999e-001    +2.6328386728299998e-004
807      +5.0010026957636100e-001    +4.2068749999999999e-001    +7.8170354405900002e-004
808      +4.9219676639259202e-001    +4.2068749999999999e-001    +1.5348343949370001e-003
809      +4.8428980899825003e-001    +4.2068749999999999e-001    +2.2634843474100001e-003
810      +4.7637951094096498e-001    +4.2068749999999999e-001    +2.9676322947760000e-003
811      +4.6846598592946198e-001    +4.2068749999999999e-001    +3.6472578314599999e-003
812      +4.6054934782815299e-001    +4.2068749999999999e-001    +4.3023412544929999e-003
813      +4.5262971065172303e-001    +4.2068749999999999e-001    +4.9328635649290003e-003
814      +4.4470718855969099e-001    +4.2068749999999999e-001    +5.5388064692289997e-003
815      +4.3678189585096000e-001    +4.2068749999999999e-001    +6.1201523805759998e-003
816      +4.2885394695835499e-001    +4.2068749999999999e-001    +6.6768844201560004e-003
817      +4.2092345644314499e-001    +4.2068749999999999e-001    +7.2089864183740001e-003
818      +4.1299053898955101e-001    +4.2068749999999999e-001    +7.7164429160319998e-003
819      +4.0505530939924400e-001    +4.2068749999999999e-001    +8.1992391654479996e-003
820      +3.9711788258583303e-001    +4.2068749999999999e-001    +8.6573611315249998e-003
821      +3.8917837356933299e-001    +4.2068749999999999e-001    +9.0907954927689997e-003
822      +3.8123689747063200e-001    +4.2068749999999999e-001    +9.4995296422609992e-003
823      +3.7329356950594400e-001    +4.2068749999999999e-001    +9.8835516885669994e-003
824      +3.6534850498124999e-001    +4.2068749999999999e-001    +1.0242850456607999e-002
825      +3.5740181928673198e-001    +4.2068749999999999e-001    +1.0577415488465001e-002
826      +3.4945362789119999e-001    +4.2068749999999999e-001    +1.0887237044146000e-002
827      +3.4150404633650799e-001    +4.2068749999999999e-001    +1.1172306102294000e-002
828      +3.3355319023196300e-001    +4.2068749999999999e-001    +1.1432614360836001e-002
829      +3.2560117524873200e-001    +4.2068749999999999e-001    +1.1668154237599000e-002
830      +3.1764811711423202e-001    +4.2068749999999999e-001    +1.1878918870850999e-002
831      +3.0969413160652898e-001    +4.2068749999999999e-001    +1.2064902119806001e-002
832      +3.0173933454871599e-001    +4.2068749999999999e-001    +1.2226098565073000e-002
833      +2.9378384180330003e-001    +4.2068749999999999e-001    +1.2362503509044000e-002
834      +2.8582776926657799e-001    +4.2068749999999999e-001    +1.2474112976243000e-002
835      +2.7787123286300602e-001    +4.2068749999999999e-001    +1.2560923713613000e-002
836      +2.6991434853957902e-001    +4.2068749999999999e-001    +1.2622933190750000e-002
837      +2.6195723226018902e-001    +4.2068749999999999e-001    +1.2660139600094000e-002
838      +2.5400000000000000e-001    +4.2068749999999999e-001    +1.2672541857055001e-002
839      +2.4604276773981201e-001    +4.2068749999999999e-001    +1.2660139600094000e-002
840      +2.3808565146042199e-001    +4.2068749999999999e-001    +1.2622933190750000e-002
841      +2.3012876713699401e-001    +4.2068749999999999e-001    +1.2560923713613000e-002
842      +2.2217223073342199e-001    +4.2068749999999999e-001    +1.2474112976243000e-002
843      +2.1421615819670001e-001    +4.2068749999999999e-001    +1.2362503509044000e-002
844      +2.0626066545128399e-001    +4.2068749999999999e-001    +1.2226098565073000e-002
845      +1.9830586839347100e-001    +4.2068749999999999e-001    +1.2064902119806001e-002
846      +1.9035188288576799e-001    +4.2068749999999999e-001    +1.1878918870850999e-002
847      +1.8239882475126801e-001    +4.2068749999999999e-001    +1.1668154237599000e-002
848      +1.7444680976803700e-001    +4.2068749999999999e-001    +1.1432614360836001e-002
849      +1.6649595366349201e-001    +4.2068749999999999e-001    +1.1172306102294000e-002
850      +1.5854637210879999e-001    +4.2068749999999999e-001    +1.0887237044146000e-002
851      +1.5059818071326800e-001    +4.2068749999999999e-001    +1.0577415488465001e-002
852      +1.4265149501874999e-001    +4.2068749999999999e-001    +1.0242850456607999e-002
853      +1.3470643049405601e-001    +4.2068749999999999e-001    +9.8835516885669994e-003
854      +1.2676310252936801e-001    +4.2068749999999999e-001    +9.4995296422609992e-003
855      +1.1882162643066700e-001    +4.2068749999999999e-001    +9.0907954927689997e-003
856      +1.1088211741416699e-001    +4.2068749999999999e-001    +8.6573611315249998e-003
857      +1.0294469060075601e-001    +4.2068749999999999e-001    +8.1992391654479996e-003
858      +9.5009461010449006e-002    +4.2068749999999999e-001    +7.7164429160319998e-003
859      +8.7076543556854999e-002    +4.2068749999999999e-001    +7.2089864183740001e-003
860      +7.9146053041645001e-002    +4.2068749999999999e-001    +6.6768844201560004e-003
861      +7.1218104149040007e-002    +4.2068749999999999e-001    +6.1201523805759998e-003
862      +6.3292811440309002e-002    +4.2068749999999999e-001    +5.5388064692289997e-003
863      +5.5370289348277001e-002    +4.2068749999999999e-001    +4.9328635649290003e-003
864      +4.7450652171846998e-002    +4.2068749999999999e-001    +4.3023412544929999e-003
865      +3.9534014070538998e-002    +4.2068749999999999e-001    +3.6472578314599999e-003
866      +3.1620489059035001e-002    +4.2068749999999999e-001    +2.9676322947760000e-003
867      +2.3710191001750001e-002    +4.2068749999999999e-001    +2.2634843474100001e-003
868      +1.5803233607407999e-002    +4.2068749999999999e-001    +1.5348343949370001e-003
869      +7.8997304236389995e-003    +4.2068749999999999e-001    +7.8170354405900002e-004
870      +2.6328386728220001e-003    +4.2068749999999999e-001    +2.6328386728299998e-004
871      -0.0000000000000000e+000    +4.2068749999999999e-001    +0.0000000000000000e+000
872      +5.0800000000000001e-001    +4.1275000000000001e-001    +0.0000000000000000e+000
873      +5.0536716132717796e-001    +4.1275000000000001e-001    +2.6328386728299998e-004
874      +5.0010026957636100e-001    +4.1275000000000001e-001    +7.8170354405900002e-004
875      +4.9219676639259202e-001    +4.1275000000000001e-001    +1.5348343949370001e-003
876      +4.8428980899825003e-001    +4.1275000000000001e-001    +2.2634843474100001e-003
877      +4.7637951094096498e-001    +4.1275000000000001e-001    +2.9676322947760000e-003
878      +4.6846598592946198e-001    +4.1275000000000001e-001    +3.6472578314599999e-003
879      +4.6054934782815299e-001    +4.1275000000000001e-001    +4.3023412544929999e-003
880      +4.5262971065172303e-001    +4.1275000000000001e-001    +4.9328635649290003e-003
881      +4.4470718855969099e-001    +4.1275000000000001e-001    +5.5388064692289997e-003
882      +4.3678189585096000e-001    +4.1275000000000001e-001    +6.1201523805759998e-003
883      +4.2885394695835499e-001    +4.1275000000000001e-001    +6.6768844201560004e-003
884      +4.2092345644314499e-001    +4.1275000000000001e-001    +7.2089864183740001e-003
885      +4.1299053898955101e-001    +4.1275000000000001e-001    +7.7164429160319998e-003
886      +4.0505530939924400e-001    +4.1275000000000001e-001    +8.1992391654479996e-003
887      +3.9711788258583303e-001    +4.1275000000000001e-001    +8.6573611315249998e-003
888      +3.8917837356933299e-001    +4.1275000000000001e-001    +9.0907954927689997e-003
889      +3.8123689747063200e-001    +4.1275000000000001e-001    +9.4995296422609992e-003
890      +3.7329356950594400e-001    +4.1275000000000001e-001    +9.8835516885669994e-003
891      +3.6534850498124999e-001    +4.1275000000000001e-001    +1.0242850456607999e-002
892      +3.5740181928673198e-001    +4.1275000000000001e-001    +1.0577415488465001e-002
893      +3.4945362789119999e-001    +4.1275000000000001e-001    +1.0887237044146000e-002
894      +3.4150404633650799e-001    +4.1275000000000001e-001    +1.1172306102294000e-002
895      +3.3355319023196300e-001    +4.1275000000000001e-001    +1.1432614360836001e-002
896      +3.2560117524873200e-001    +4.1275000000000001e-001    +1.1668154237599000e-002
897      +3.1764811711423202e-001    +4.1275000000000001e-001    +1.1878918870850999e-002
898      +3.0969413160652898e-001    +4.1275000000000001e-001    +1.2064902119806001e-002
899      +3.0173933454871599e-001    +4.1275000000000001e-001    +1.2226098565073000e-002
900      +2.9378384180330003e-001    +4.1275000000000001e-001    +1.2362503509044000e-002
901      +2.8582776926657799e-001    +4.1275000000000001e-001    +1.2474112976243000e-002
902      +2.7787123286300602e-001    +4.1275000000000001e-001    +1.2560923713613000e-002
903      +2.6991434853957902e-001    +4.1275000000000001e-001    +1.2622933190750000e-002
904      +2.6195723226018902e-001    +4.1275000000000001e-001    +1.2660139600094000e-002
905      +2.5400000000000000e-001    +4.1275000000000001e-001    +1.2672541857055001e-002
906      +2.4604276773981201e-001    +4.1275000000000001e-001    +1.2660139600094000e-002
907      +2.3808565146042199e-001    +4.1275000000000001e-001    +1.2622933190750000e-002
908      +2.3012876713699401e-001    +4.1275000000000001e-001    +1.2560923713613000e-002
909      +2.2217223073342199e-001    +4.1275000000000001e-001    +1.2474112976243000e-002
910      +2.1421615819670001e-001    +4.1275000000000001e-001    +1.2362503509044000e-002
911      +2.0626066545128399e-001    +4.1275000000000001e-001    +1.2226098565073000e-002
912      +1.9830586839347100e-001    +4.1275000000000001e-001    +1.2064902119806001e-002
913      +1.9035188288576799e-001    +4.1275000000000001e-001    +1.1878918870850999e-002
914      +1.8239882475126801e-001    +4.1275000000000001e-001    +1.1668154237599000e-002
915      +1.7444680976803700e-001    +4.1275000000000001e-001    +1.1432614360836001e-002
916      +1.6649595366349201e-001    +4.1275000000000001e-001    +1.1172306102294000e-002
917      +1.5854637210879999e-001    +4.1275000000000001e-001    +1.0887237044146000e-002
918      +1.5059818071326800e-001    +4.1275000000000001e-001    +1.0577415488465001e-002
919      +1.4265149501874999e-001    +4.1275000000000001e-001    +1.0242850456607999e-002
920      +1.3470643049405601e-001    +4.1275000000000001e-001    +9.8835516885669994e-003
921      +1.2676310252936801e-001    +4.1275000000000001e-001    +9.4995296422609992e-003
922      +1.1882162643066700e-001    +4.1275000000000001e-001    +9.0907954927689997e-003
923      +1.1088211741416699e-001    +4.1275000000000001e-001    +8.6573611315249998e-003
924      +1.0294469060075601e-001    +4.1275000000000001e-001    +8.1992391654479996e-003
925      +9.5009461010449006e-002    +4.1275000000000001e-001    +7.7164429160319998e-003
926      +8.7076543556854999e-002    +4.1275000000000001e-001    +7.2089864183740001e-003
927      +7.9146053041645001e-002    +4.1275000000000001e-001    +6.6768844201560004e-003
928      +7.1218104149040007e-002    +4.1275000000000001e-001    +6.1201523805759998e-003
929      +6.3292811440309002e-002    +4.1275000000000001e-001    +5.5388064692289997e-003
930      +5.5370289348277001e-002    +4.1275000000000001e-001    +4.9328635649290003e-003
931      +4.7450652171846998e-002    +4.1275000000000001e-001    +4.3023412544929999e-003
932      +3.9534014070538998e-002    +4.1275000000000001e-001    +3.6472578314599999e-003
933      +3.1620489059035001e-002    +4.1275000000000001e-001    +2.9676322947760000e-003
934      +2.3710191001750001e-002    +4.1275000000000001e-001    +2.2634843474100001e-003
935      +1.5803233607407999e-002    +4.1275000000000001e-001    +1.5348343949370001e-003
936      +7.8997304236389995e-003    +4.1275000000000001e-001    +7.8170354405900002e-004
937      +2.6328386728220001e-003    +4.1275000000000001e-001    +2.6328386728299998e-004
938      -0.0000000000000000e+000    +4.1275000000000001e-001    +0.0000000000000000e+000
939      +5.0800000000000001e-001    +4.0481250000000002e-001    +0.0000000000000000e+000
940      +5.0536716132717796e-001    +4.0481250000000002e-001    +2.6328386728299998e-004
941      +5.0010026957636100e-001    +4.0481250000000002e-001    +7.8170354405900002e-004
942      +4.9219676639259202e-001    +4.0481250000000002e-001    +1.5348343949370001e-003
943      +4.8428980899825003e-001    +4.0481250000000002e-001    +2.2634843474100001e-003
944      +4.7637951094096498e-001    +4.0481250000000002e-001    +2.9676322947760000e-003
945      +4.6846598592946198e-001    +4.0481250000000002e-001    +3.6472578314599999e-003
946      +4.6054934782815299e-001    +4.0481250000000002e-001    +4.3023412544929999e-003
947      +4.5262971065172303e-001    +4.0481250000000002e-001    +4.9328635649290003e-003
948      +4.4470718855969099e-001    +4.0481250000000002e-001    +5.5388064692289997e-003
949      +4.3678189585096000e-001    +4.0481250000000002e-001    +6.1201523805759998e-003
950      +4.2885394695835499e-001    +4.0481250000000002e-001    +6.6768844201560004e-003
951      +4.2092345644314499e-001    +4.0481250000000002e-001    +7.2089864183740001e-003
952      +4.1299053898955101e-001    +4.0481250000000002e-001    +7.7164429160319998e-003
953      +4.0505530939924400e-001    +4.0481250000000002e-001    +8.1992391654479996e-003
954      +3.9711788258583303e-001    +4.0481250000000002e-001    +8.6573611315249998e-003
955      +3.8917837356933299e-001    +4.0481250000000002e-001    +9.0907954927689997e-003
956      +3.8123689747063200e-001    +4.0481250000000002e-001    +9.4995296422609992e-003
957      +3.7329356950594400e-001    +4.0481250000000002e-001    +9.8835516885669994e-003
958      +3.6534850498124999e-001    +4.0481250000000002e-001    +1.0242850456607999e-002
959      +3.5740181928673198e-001    +4.0481250000000002e-001    +1.0577415488465001e-002
960      +3.4945362789119999e-001    +4.0481250000000002e-001    +1.0887237044146000e-002
961      +3.4150404633650799e-001    +4.0481250000000002e-001    +1.1172306102294000e-002
962      +3.3355319023196300e-001    +4.0481250000000002e-001    +1.1432614360836001e-002
963      +3.2560117524873200e-001    +4.0481250000000002e-001    +1.1668154237599000e-002
964      +3.1764811711423202e-001    +4.0481250000000002e-001    +1.1878918870850999e-002
965      +3.0969413160652898e-001    +4.0481250000000002e-001    +1.2064902119806001e-002
966      +3.0173933454871599e-001    +4.0481250000000002e-001    +1.2226098565073000e-002
967      +2.9378384180330003e-001    +4.0481250000000002e-001    +1.2362503509044000e-002
968      +2.8582776926657799e-001    +4.0481250000000002e-001    +1.2474112976243000e-002
969      +2.7787123286300602e-001    +4.0481250000000002e-001    +1.2560923713613000e-002
970      +2.6991434853957902e-001    +4.0481250000000002e-001    +1.2622933190750000e-002
971      +2.6195723226018902e-001    +4.0481250000000002e-001    +1.2660139600094000e-002
972      +2.5400000000000000e-001    +4.0481250000000002e-001    +1.2672541857055001e-002
973      +2.4604276773981201e-001    +4.0481250000000002e-001    +1.2660139600094000e-002
974      +2.3808565146042199e-001    +4.0481250000000002e-001    +1.2622933190750000e-002
975      +2.3012876713699401e-001    +4.0481250000000002e-001    +1.2560923713613000e-002
976      +2.2217223073342199e-001    +4.0481250000000002e-001    +1.2474112976243000e-002
977      +2.1421615819670001e-001    +4.0481250000000002e-001    +1.2362503509044000e-002
978      +2.0626066545128399e-001    +4.0481250000000002e-001    +1.2226098565073000e-002
979      +1.9830586839347100e-001    +4.0481250000000002e-001    +1.2064902119806001e-002
980      +1.9035188288576799e-001    +4.0481250000000002e-001    +1.1878918870850999e-002
981      +1.8239882475126801e-001    +4.0481250000000002e-001    +1.1668154237599000e-002
982      +1.7444680976803700e-001    +4.0481250000000002e-001    +1.1432614360836001e-002
983      +1.6649595366349201e-001    +4.0481250000000002e-001    +1.1172306102294000e-002
984      +1.5854637210879999e-001    +4.0481250000000002e-001    +1.0887237044146000e-002
985      +1.5059818071326800e-001    +4.0481250000000002e-001    +1.0577415488465001e-002
986      +1.4265149501874999e-001    +4.0481250000000002e-001    +1.0242850456607999e-002
987      +1.3470643049405601e-001    +4.0481250000000002e-001    +9.8835516885669994e-003
988      +1.2676310252936801e-001    +4.0481250000000002e-001    +9.4995296422609992e-003
989      +1.1882162643066700e-001    +4.0481250000000002e-001    +9.0907954927689997e-003
990      +1.1088211741416699e-001    +4.0481250000000002e-001    +8.6573611315249998e-003
991      +1.0294469060075601e-001    +4.0481250000000002e-001    +8.1992391654479996e-003
992      +9.5009461010449006e-002    +4.0481250000000002e-001    +7.7164429160319998e-003
993      +8.7076543556854999e-002    +4.0481250000000002e-001    +7.2089864183740001e-003
994      +7.9146053041645001e-002    +4.0481250000000002e-001    +6.6768844201560004e-003
995      +7.1218104149040007e-002    +4.0481250000000002e-001    +6.1201523805759998e-003
996      +6.3292811440309002e-002    +4.0481250000000002e-001    +5.5388064692289997e-003
997      +5.5370289348277001e-002    +4.0481250000000002e-001    +4.9328635649290003e-003
998      +4.7450652171846998e-002    +4.0481250000000002e-001    +4.3023412544929999e-003
999      +3.9534014070538998e-002    +4.0481250000000002e-001    +3.6472578314599999e-003
1000     +3.1620489059035001e-002    +4.0481250000000002e-001    +2.9676322947760000e-003
1001     +2.3710191001750001e-002    +4.0481250000000002e-001    +2.2634843474100001e-003
1002     +1.5803233607407999e-002    +4.0481250000000002e-001    +1.5348343949370001e-003
1003     +7.8997304236389995e-003    +4.0481250000000002e-001    +7.8170354405900002e-004
1004     +2.6328386728220001e-003    +4.0481250000000002e-001    +2.6328386728299998e-004
1005     -0.0000000000000000e+000    +4.0481250000000002e-001    +0.0000000000000000e+000
1006     +5.0800000000000001e-001    +3.9687499999999998e-001    +0.0000000000000000e+000
1007     +5.0536716132717796e-001    +3.9687499999999998e-001    +2.6328386728299998e-004
1008     +5.0010026957636100e-001    +3.9687499999999998e-001    +7.8170354405900002e-004
1009     +4.9219676639259202e-001    +3.9687499999999998e-001    +1.5348343949370001e-003
1010     +4.8428980899825003e-001    +3.9687499999999998e-001    +2.2634843474100001e-003
1011     +4.7637951094096498e-001    +3.9687499999999998e-001    +2.9676322947760000e-003
1012     +4.6846598592946098e-001    +3.9687499999999998e-001    +3.6472578314599999e-003
1013     +4.6054934782815299e-001    +3.9687499999999998e-001    +4.3023412544929999e-003
1014     +4.5262971065172303e-001    +3.9687499999999998e-001    +4.9328635649290003e-003
1015     +4.4470718855969099e-001    +3.9687499999999998e-001    +5.5388064692289997e-003
1016     +4.3678189585096000e-001    +3.9687499999999998e-001    +6.1201523805759998e-003
1017     +4.2885394695835499e-001    +3.9687499999999998e-001    +6.6768844201560004e-003
1018     +4.2092345644314499e-001    +3.9687499999999998e-001    +7.2089864183740001e-003
1019     +4.1299053898955101e-001    +3.9687499999999998e-001    +7.7164429160319998e-003
1020     +4.0505530939924400e-001    +3.9687499999999998e-001    +8.1992391654479996e-003
1021     +3.9711788258583303e-001    +3.9687499999999998e-001    +8.6573611315249998e-003
1022     +3.8917837356933299e-001    +3.9687499999999998e-001    +9.0907954927689997e-003
1023     +3.8123689747063200e-001    +3.9687499999999998e-001    +9.4995296422609992e-003
1024     +3.7329356950594400e-001    +3.9687499999999998e-001    +9.8835516885669994e-003
1025     +3.6534850498124999e-001    +3.9687499999999998e-001    +1.0242850456607999e-002
1026     +3.5740181928673198e-001    +3.9687499999999998e-001    +1.0577415488465001e-002
1027     +3.4945362789119999e-001    +3.9687499999999998e-001    +1.0887237044146000e-002
1028     +3.4150404633650799e-001    +3.9687499999999998e-001    +1.1172306102294000e-002
1029     +3.3355319023196300e-001    +3.9687499999999998e-001    +1.1432614360836001e-002
1030     +3.2560117524873200e-001    +3.9687499999999998e-001    +1.1668154237599000e-002
1031     +3.1764811711423202e-001    +3.9687499999999998e-001    +1.1878918870850999e-002
1032     +3.0969413160652898e-001    +3.9687499999999998e-001    +1.2064902119806001e-002
1033     +3.0173933454871599e-001    +3.9687499999999998e-001    +1.2226098565073000e-002
1034     +2.9378384180330003e-001    +3.9687499999999998e-001    +1.2362503509044000e-002
1035     +2.8582776926657799e-001    +3.9687499999999998e-001    +1.2474112976243000e-002
1036     +2.7787123286300602e-001    +3.9687499999999998e-001    +1.2560923713613000e-002
1037     +2.6991434853957902e-001    +3.9687499999999998e-001    +1.2622933190750000e-002
1038     +2.6195723226018902e-001    +3.9687499999999998e-001    +1.2660139600094000e-002
1039     +2.5400000000000000e-001    +3.9687499999999998e-001    +1.2672541857055001e-002
1040     +2.4604276773981201e-001    +3.9687499999999998e-001    +1.2660139600094000e-002
1041     +2.3808565146042199e-001    +3.9687499999999998e-001    +1.2622933190750000e-002
1042     +2.3012876713699401e-001    +3.9687499999999998e-001    +1.2560923713613000e-002
1043     +2.2217223073342199e-001    +3.9687499999999998e-001    +1.2474112976243000e-002
1044     +2.1421615819670001e-001    +3.9687499999999998e-001    +1.2362503509044000e-002
1045     +2.0626066545128399e-001    +3.9687499999999998e-001    +1.2226098565073000e-002
1046     +1.9830586839347100e-001    +3.9687499999999998e-001    +1.2064902119806001e-002
1047     +1.9035188288576799e-001    +3.9687499999999998e-001    +1.1878918870850999e-002
1048     +1.8239882475126801e-001    +3.9687499999999998e-001    +1.1668154237599000e-002
1049     +1.7444680976803700e-001    +3.9687499999999998e-001    +1.1432614360836001e-002
1050     +1.6649595366349201e-001    +3.9687499999999998e-001    +1.1172306102294000e-002
1051     +1.5854637210879999e-001    +3.9687499999999998e-001    +1.0887237044146000e-002
1052     +1.5059818071326800e-001    +3.9687499999999998e-001    +1.0577415488465001e-002
1053     +1.4265149501874999e-001    +3.9687499999999998e-001    +1.0242850456607999e-002
1054     +1.3470643049405601e-001    +3.9687499999999998e-001    +9.8835516885669994e-003
1055     +1.2676310252936801e-001    +3.9687499999999998e-001    +9.4995296422609992e-003
1056     +1.1882162643066700e-001    +3.9687499999999998e-001    +9.0907954927689997e-003
1057     +1.1088211741416699e-001    +3.9687499999999998e-001    +8.6573611315249998e-003
1058     +1.0294469060075601e-001    +3.9687499999999998e-001    +8.1992391654479996e-003
1059     +9.5009461010449006e-002    +3.9687499999999998e-001    +7.7164429160319998e-003
1060     +8.7076543556854999e-002    +3.9687499999999998e-001    +7.2089864183740001e-003
1061     +7.9146053041645001e-002    +3.9687499999999998e-001    +6.6768844201560004e-003
1062     +7.1218104149040007e-002    +3.9687499999999998e-001    +6.1201523805759998e-003
1063     +6.3292811440309002e-002    +3.9687499999999998e-001    +5.5388064692289997e-003
1064     +5.5370289348277001e-002    +3.9687499999999998e-001    +4.9328635649290003e-003
1065     +4.7450652171846998e-002    +3.9687499999999998e-001    +4.3023412544929999e-003
1066     +3.9534014070538998e-002    +3.9687499999999998e-001    +3.6472578314599999e-003
1067     +3.1620489059035001e-002    +3.9687499999999998e-001    +2.9676322947760000e-003
1068     +2.3710191001750001e-002    +3.9687499999999998e-001    +2.2634843474100001e-003
1069     +1.5803233607407999e-002    +3.9687499999999998e-001    +1.5348343949370001e-003
1070     +7.8997304236389995e-003    +3.9687499999999998e-001    +7.8170354405900002e-004
1071     +2.6328386728220001e-003    +3.9687499999999998e-001    +2.6328386728299998e-004
1072     -0.0000000000000000e+000    +3.9687499999999998e-001    +0.0000000000000000e+000
1073     +5.0800000000000001e-001    +3.8893749999999999e-001    +0.0000000000000000e+000
1074     +5.0536716132717796e-001    +3.8893749999999999e-001    +2.6328386728299998e-004
1075     +5.0010026957636100e-001    +3.8893749999999999e-001    +7.8170354405900002e-004
1076     +4.9219676639259202e-001    +3.8893749999999999e-001    +1.5348343949370001e-003
1077     +4.8428980899825003e-001    +3.8893749999999999e-001    +2.2634843474100001e-003
1078     +4.7637951094096498e-001    +3.8893749999999999e-001    +2.9676322947760000e-003
1079     +4.6846598592946098e-001    +3.8893749999999999e-001    +3.6472578314599999e-003
1080     +4.6054934782815299e-001    +3.8893749999999999e-001    +4.3023412544929999e-003
1081     +4.5262971065172303e-001    +3.8893749999999999e-001    +4.9328635649290003e-003
1082     +4.4470718855969099e-001    +3.8893749999999999e-001    +5.5388064692289997e-003
1083     +4.3678189585096000e-001    +3.8893749999999999e-001    +6.1201523805759998e-003
1084     +4.2885394695835499e-001    +3.8893749999999999e-001    +6.6768844201560004e-003
1085     +4.2092345644314499e-001    +3.8893749999999999e-001    +7.2089864183740001e-003
1086     +4.1299053898955101e-001    +3.8893749999999999e-001    +7.7164429160319998e-003
1087     +4.0505530939924400e-001    +3.8893749999999999e-001    +8.1992391654479996e-003
1088     +3.9711788258583303e-001    +3.8893749999999999e-001    +8.6573611315249998e-003
1089     +3.8917837356933199e-001    +3.8893749999999999e-001    +9.0907954927689997e-003
1090     +3.8123689747063200e-001    +3.8893749999999999e-001    +9.4995296422609992e-003
1091     +3.7329356950594400e-001    +3.8893749999999999e-001    +9.8835516885669994e-003
1092     +3.6534850498124999e-001    +3.8893749999999999e-001    +1.0242850456607999e-002
1093     +3.5740181928673198e-001    +3.8893749999999999e-001    +1.0577415488465001e-002
1094     +3.4945362789119999e-001    +3.8893749999999999e-001    +1.0887237044146000e-002
1095     +3.4150404633650799e-001    +3.8893749999999999e-001    +1.1172306102294000e-002
1096     +3.3355319023196300e-001    +3.8893749999999999e-001    +1.1432614360836001e-002
1097     +3.2560117524873200e-001    +3.8893749999999999e-001    +1.1668154237599000e-002
1098     +3.1764811711423202e-001    +3.8893749999999999e-001    +1.1878918870850999e-002
1099     +3.0969413160652898e-001    +3.8893749999999999e-001    +1.2064902119806001e-002
1100     +3.0173933454871599e-001    +3.8893749999999999e-001    +1.2226098565073000e-002
1101     +2.9378384180330003e-001    +3.8893749999999999e-001    +1.2362503509044000e-002
1102     +2.8582776926657799e-001    +3.8893749999999999e-001    +1.2474112976243000e-002
1103     +2.7787123286300602e-001    +3.8893749999999999e-001    +1.2560923713613000e-002
1104     +2.6991434853957802e-001    +3.8893749999999999e-001    +1.2622933190750000e-002
1105     +2.6195723226018902e-001    +3.8893749999999999e-001    +1.2660139600094000e-002
1106     +2.5400000000000000e-001    +3.8893749999999999e-001    +1.2672541857055001e-002
1107     +2.4604276773981201e-001    +3.8893749999999999e-001    +1.2660139600094000e-002
1108     +2.3808565146042199e-001    +3.8893749999999999e-001    +1.2622933190750000e-002
1109     +2.3012876713699401e-001    +3.8893749999999999e-001    +1.2560923713613000e-002
1110     +2.2217223073342199e-001    +3.8893749999999999e-001    +1.2474112976243000e-002
1111     +2.1421615819670001e-001    +3.8893749999999999e-001    +1.2362503509044000e-002
1112     +2.0626066545128399e-001    +3.8893749999999999e-001    +1.2226098565073000e-002
1113     +1.9830586839347100e-001    +3.8893749999999999e-001    +1.2064902119806001e-002
1114     +1.9035188288576799e-001    +3.8893749999999999e-001    +1.1878918870850999e-002
1115     +1.8239882475126801e-001    +3.8893749999999999e-001    +1.1668154237599000e-002
1116     +1.7444680976803700e-001    +3.8893749999999999e-001    +1.1432614360836001e-002
1117     +1.6649595366349201e-001    +3.8893749999999999e-001    +1.1172306102294000e-002
1118     +1.5854637210879999e-001    +3.8893749999999999e-001    +1.0887237044146000e-002
1119     +1.5059818071326800e-001    +3.8893749999999999e-001    +1.0577415488465001e-002
1120     +1.4265149501874999e-001    +3.8893749999999999e-001    +1.0242850456607999e-002
1121     +1.3470643049405601e-001    +3.8893749999999999e-001    +9.8835516885669994e-003
1122     +1.2676310252936801e-001    +3.8893749999999999e-001    +9.4995296422609992e-003
1123     +1.1882162643066700e-001    +3.8893749999999999e-001    +9.0907954927689997e-003
1124     +1.1088211741416699e-001    +3.8893749999999999e-001    +8.6573611315249998e-003
1125     +1.0294469060075601e-001    +3.8893749999999999e-001    +8.1992391654479996e-003
1126     +9.5009461010449006e-002    +3.8893749999999999e-001    +7.7164429160319998e-003
1127     +8.7076543556854999e-002    +3.8893749999999999e-001    +7.2089864183740001e-003
1128     +7.9146053041645001e-002    +3.8893749999999999e-001    +6.6768844201560004e-003
1129     +7.1218104149040007e-002    +3.8893749999999999e-001    +6.1201523805759998e-003
1130     +6.3292811440309002e-002    +3.8893749999999999e-001    +5.5388064692289997e-003
1131     +5.5370289348277001e-002    +3.8893749999999999e-001    +4.9328635649290003e-003
1132     +4.7450652171846998e-002    +3.8893749999999999e-001    +4.3023412544929999e-003
1133     +3.9534014070538998e-002    +3.8893749999999999e-001    +3.6472578314599999e-003
1134     +3.1620489059035001e-002    +3.8893749999999999e-001    +2.9676322947760000e-003
1135     +2.3710191001750001e-002    +3.8893749999999999e-001    +2.2634843474100001e-003
1136     +1.5803233607407999e-002    +3.8893749999999999e-001    +1.5348343949370001e-003
1137     +7.8997304236389995e-003    +3.8893749999999999e-001    +7.8170354405900002e-004
1138     +2.6328386728220001e-003    +3.8893749999999999e-001    +2.6328386728299998e-004
1139     -0.0000000000000000e+000    +3.8893749999999999e-001    +0.0000000000000000e+000
1140     +5.0800000000000001e-001    +3.8100000000000001e-001    +0.0000000000000000e+000
1141     +5.0536716132717796e-001    +3.8100000000000001e-001    +2.6328386728299998e-004
1142     +5.0010026957636100e-001    +3.8100000000000001e-001    +7.8170354405900002e-004
1143     +4.9219676639259202e-001    +3.8100000000000001e-001    +1.5348343949370001e-003
1144     +4.8428980899825003e-001    +3.8100000000000001e-001    +2.2634843474100001e-003
1145     +4.7637951094096498e-001    +3.8100000000000001e-001    +2.9676322947760000e-003
1146     +4.6846598592946098e-001    +3.8100000000000001e-001    +3.6472578314599999e-003
1147     +4.6054934782815299e-001    +3.8100000000000001e-001    +4.3023412544929999e-003
1148     +4.5262971065172303e-001    +3.8100000000000001e-001    +4.9328635649290003e-003
1149     +4.4470718855969099e-001    +3.8100000000000001e-001    +5.5388064692289997e-003
1150     +4.3678189585096000e-001    +3.8100000000000001e-001    +6.1201523805759998e-003
1151     +4.2885394695835499e-001    +3.8100000000000001e-001    +6.6768844201560004e-003
1152     +4.2092345644314499e-001    +3.8100000000000001e-001    +7.2089864183740001e-003
1153     +4.1299053898955101e-001    +3.8100000000000001e-001    +7.7164429160319998e-003
1154     +4.0505530939924400e-001    +3.8100000000000001e-001    +8.1992391654479996e-003
1155     +3.9711788258583303e-001    +3.8100000000000001e-001    +8.6573611315249998e-003
1156     +3.8917837356933199e-001    +3.8100000000000001e-001    +9.0907954927689997e-003
1157     +3.8123689747063200e-001    +3.8100000000000001e-001    +9.4995296422609992e-003
1158     +3.7329356950594400e-001    +3.8100000000000001e-001    +9.8835516885669994e-003
1159     +3.6534850498124999e-001    +3.8100000000000001e-001    +1.0242850456607999e-002
1160     +3.5740181928673198e-001    +3.8100000000000001e-001    +1.0577415488465001e-002
1161     +3.4945362789119999e-001    +3.8100000000000001e-001    +1.0887237044146000e-002
1162     +3.4150404633650799e-001    +3.8100000000000001e-001    +1.1172306102294000e-002
1163     +3.3355319023196300e-001    +3.8100000000000001e-001    +1.1432614360836001e-002
1164     +3.2560117524873200e-001    +3.8100000000000001e-001    +1.1668154237599000e-002
1165     +3.1764811711423202e-001    +3.8100000000000001e-001    +1.1878918870850999e-002
1166     +3.0969413160652898e-001    +3.8100000000000001e-001    +1.2064902119806001e-002
1167     +3.0173933454871599e-001    +3.8100000000000001e-001    +1.2226098565073000e-002
1168     +2.9378384180330003e-001    +3.8100000000000001e-001    +1.2362503509044000e-002
1169     +2.8582776926657799e-001    +3.8100000000000001e-001    +1.2474112976243000e-002
1170     +2.7787123286300602e-001    +3.8100000000000001e-001    +1.2560923713611999e-002
1171     +2.6991434853957902e-001    +3.8100000000000001e-001    +1.2622933190750000e-002
1172     +2.6195723226018902e-001    +3.8100000000000001e-001    +1.2660139600094000e-002
1173     +2.5400000000000000e-001    +3.8100000000000001e-001    +1.2672541857055001e-002
1174     +2.4604276773981201e-001    +3.8100000000000001e-001    +1.2660139600094000e-002
1175     +2.3808565146042199e-001    +3.8100000000000001e-001    +1.2622933190750000e-002
1176     +2.3012876713699401e-001    +3.8100000000000001e-001    +1.2560923713613000e-002
1177     +2.2217223073342199e-001    +3.8100000000000001e-001    +1.2474112976243000e-002
1178     +2.1421615819670001e-001    +3.8100000000000001e-001    +1.2362503509044000e-002
1179     +2.0626066545128399e-001    +3.8100000000000001e-001    +1.2226098565073000e-002
1180     +1.9830586839347100e-001    +3.8100000000000001e-001    +1.2064902119806001e-002
1181     +1.9035188288576799e-001    +3.8100000000000001e-001    +1.1878918870850999e-002
1182     +1.8239882475126801e-001    +3.8100000000000001e-001    +1.1668154237599000e-002
1183     +1.7444680976803700e-001    +3.8100000000000001e-001    +1.1432614360836001e-002
1184     +1.6649595366349201e-001    +3.8100000000000001e-001    +1.1172306102294000e-002
1185     +1.5854637210879999e-001    +3.8100000000000001e-001    +1.0887237044146000e-002
1186     +1.5059818071326800e-001    +3.8100000000000001e-001    +1.0577415488465001e-002
1187     +1.4265149501874999e-001    +3.8100000000000001e-001    +1.0242850456607999e-002
1188     +1.3470643049405601e-001    +3.8100000000000001e-001    +9.8835516885669994e-003
1189     +1.2676310252936801e-001    +3.8100000000000001e-001    +9.4995296422609992e-003
1190     +1.1882162643066700e-001    +3.8100000000000001e-001    +9.0907954927689997e-003
1191     +1.1088211741416699e-001    +3.8100000000000001e-001    +8.6573611315249998e-003
1192     +1.0294469060075601e-001    +3.8100000000000001e-001    +8.1992391654479996e-003
1193     +9.5009461010449006e-002    +3.8100000000000001e-001    +7.7164429160319998e-003
1194     +8.7076543556854999e-002    +3.8100000000000001e-001    +7.2089864183740001e-003
1195     +7.9146053041645001e-002    +3.8100000000000001e-001    +6.6768844201560004e-003
1196     +7.1218104149040007e-002    +3.8100000000000001e-001    +6.1201523805759998e-003
1197     +6.3292811440309002e-002    +3.8100000000000001e-001    +5.5388064692289997e-003
1198     +5.5370289348277001e-002    +3.8100000000000001e-001    +4.9328635649290003e-003
1199     +4.7450652171846998e-002    +3.8100000000000001e-001    +4.3023412544929999e-003
1200     +3.9534014070538998e-002    +3.8100000000000001e-001    +3.6472578314599999e-003
1201     +3.1620489059035001e-002    +3.8100000000000001e-001    +2.9676322947760000e-003
1202     +2.3710191001750001e-002    +3.8100000000000001e-001    +2.2634843474100001e-003
1203     +1.5803233607407999e-002    +3.8100000000000001e-001    +1.5348343949370001e-003
1204     +7.8997304236389995e-003    +3.8100000000000001e-001    +7.8170354405900002e-004
1205     +2.6328386728220001e-003    +3.8100000000000001e-001    +2.6328386728299998e-004
1206     -0.0000000000000000e+000    +3.8100000000000001e-001    +0.0000000000000000e+000
1207     +5.0800000000000001e-001    +3.7306250000000002e-001    +0.0000000000000000e+000
1208     +5.0536716132717796e-001    +3.7306250000000002e-001    +2.6328386728299998e-004
1209     +5.0010026957636100e-001    +3.7306250000000002e-001    +7.8170354405900002e-004
1210     +4.9219676639259202e-001    +3.7306250000000002e-001    +1.5348343949370001e-003
1211     +4.8428980899825003e-001    +3.7306250000000002e-001    +2.2634843474100001e-003
1212     +4.7637951094096498e-001    +3.7306250000000002e-001    +2.9676322947760000e-003
1213     +4.6846598592946198e-001    +3.7306250000000002e-001    +3.6472578314599999e-003
1214     +4.6054934782815299e-001    +3.7306250000000002e-001    +4.3023412544929999e-003
1215     +4.5262971065172303e-001    +3.7306250000000002e-001    +4.9328635649290003e-003
1216     +4.4470718855969099e-001    +3.7306250000000002e-001    +5.5388064692289997e-003
1217     +4.3678189585096000e-001    +3.7306250000000002e-001    +6.1201523805759998e-003
1218     +4.2885394695835499e-001    +3.7306250000000002e-001    +6.6768844201560004e-003
1219     +4.2092345644314499e-001    +3.7306250000000002e-001    +7.2089864183740001e-003
1220     +4.1299053898955101e-001    +3.7306250000000002e-001    +7.7164429160319998e-003
1221     +4.0505530939924400e-001    +3.7306250000000002e-001    +8.1992391654479996e-003
1222     +3.9711788258583303e-001    +3.7306250000000002e-001    +8.6573611315249998e-003
1223     +3.8917837356933299e-001    +3.7306250000000002e-001    +9.0907954927689997e-003
1224     +3.8123689747063200e-001    +3.7306250000000002e-001    +9.4995296422609992e-003
1225     +3.7329356950594400e-001    +3.7306250000000002e-001    +9.8835516885669994e-003
1226     +3.6534850498124999e-001    +3.7306250000000002e-001    +1.0242850456607999e-002
1227     +3.5740181928673198e-001    +3.7306250000000002e-001    +1.0577415488465001e-002
1228     +3.4945362789119999e-001    +3.7306250000000002e-001    +1.0887237044146000e-002
1229     +3.4150404633650799e-001    +3.7306250000000002e-001    +1.1172306102294000e-002
1230     +3.3355319023196300e-001    +3.7306250000000002e-001    +1.1432614360836001e-002
1231     +3.2560117524873200e-001    +3.7306250000000002e-001    +1.1668154237599000e-002
1232     +3.1764811711423202e-001    +3.7306250000000002e-001    +1.1878918870850999e-002
1233     +3.0969413160652898e-001    +3.7306250000000002e-001    +1.2064902119806001e-002
1234     +3.0173933454871599e-001    +3.7306250000000002e-001    +1.2226098565073000e-002
1235     +2.9378384180330003e-001    +3.7306250000000002e-001    +1.2362503509044000e-002
1236     +2.8582776926657799e-001    +3.7306250000000002e-001    +1.2474112976243000e-002
1237     +2.7787123286300602e-001    +3.7306250000000002e-001    +1.2560923713611999e-002
1238     +2.6991434853957902e-001    +3.7306250000000002e-001    +1.2622933190750000e-002
1239     +2.6195723226018902e-001    +3.7306250000000002e-001    +1.2660139600094000e-002
1240     +2.5400000000000000e-001    +3.7306250000000002e-001    +1.2672541857055001e-002
1241     +2.4604276773981201e-001    +3.7306250000000002e-001    +1.2660139600094000e-002
1242     +2.3808565146042199e-001    +3.7306250000000002e-001    +1.2622933190750000e-002
1243     +2.3012876713699401e-001    +3.7306250000000002e-001    +1.2560923713611999e-002
1244     +2.2217223073342199e-001    +3.7306250000000002e-001    +1.2474112976243000e-002
1245     +2.1421615819670001e-001    +3.7306250000000002e-001    +1.2362503509044000e-002
1246     +2.0626066545128399e-001    +3.7306250000000002e-001    +1.2226098565073000e-002
1247     +1.9830586839347100e-001    +3.7306250000000002e-001    +1.2064902119806001e-002
1248     +1.9035188288576799e-001    +3.7306250000000002e-001    +1.1878918870850999e-002
1249     +1.8239882475126801e-001    +3.7306250000000002e-001    +1.1668154237599000e-002
1250     +1.7444680976803700e-001    +3.7306250000000002e-001    +1.1432614360836001e-002
1251     +1.6649595366349201e-001    +3.7306250000000002e-001    +1.1172306102294000e-002
1252     +1.5854637210879999e-001    +3.7306250000000002e-001    +1.0887237044146000e-002
1253     +1.5059818071326800e-001    +3.7306250000000002e-001    +1.0577415488465001e-002
1254     +1.4265149501874999e-001    +3.7306250000000002e-001    +1.0242850456607999e-002
1255     +1.3470643049405601e-001    +3.7306250000000002e-001    +9.8835516885669994e-003
1256     +1.2676310252936801e-001    +3.7306250000000002e-001    +9.4995296422609992e-003
1257     +1.1882162643066700e-001    +3.7306250000000002e-001    +9.0907954927689997e-003
1258     +1.1088211741416699e-001    +3.7306250000000002e-001    +8.6573611315249998e-003
1259     +1.0294469060075601e-001    +3.7306250000000002e-001    +8.1992391654479996e-003
1260     +9.5009461010449006e-002    +3.7306250000000002e-001    +7.7164429160319998e-003
1261     +8.7076543556854999e-002    +3.7306250000000002e-001    +7.2089864183740001e-003
1262     +7.9146053041645001e-002    +3.7306250000000002e-001    +6.6768844201560004e-003
1263     +7.1218104149040007e-002    +3.7306250000000002e-001    +6.1201523805759998e-003
1264     +6.3292811440309002e-002    +3.7306250000000002e-001    +5.5388064692289997e-003
1265     +5.5370289348277001e-002    +3.7306250000000002e-001    +4.9328635649290003e-003
1266     +4.7450652171846998e-002    +3.7306250000000002e-001    +4.3023412544929999e-003
1267     +3.9534014070538998e-002    +3.7306250000000002e-001    +3.6472578314599999e-003
1268     +3.1620489059035001e-002    +3.7306250000000002e-001    +2.9676322947760000e-003
1269     +2.3710191001750001e-002    +3.7306250000000002e-001    +2.2634843474100001e-003
1270     +1.5803233607407999e-002    +3.7306250000000002e-001    +1.5348343949370001e-003
1271     +7.8997304236389995e-003    +3.7306250000000002e-001    +7.8170354405900002e-004
1272     +2.6328386728220001e-003    +3.7306250000000002e-001    +2.6328386728299998e-004
1273     -0.0000000000000000e+000    +3.7306250000000002e-001    +0.0000000000000000e+000
1274     +5.0800000000000001e-001    +3.6512499999999998e-001    +0.0000000000000000e+000
1275     +5.0536716132717796e-001    +3.6512499999999998e-001    +2.6328386728299998e-004
1276     +5.0010026957636100e-001    +3.6512499999999998e-001    +7.8170354405900002e-004
1277     +4.9219676639259202e-001    +3.6512499999999998e-001    +1.5348343949370001e-003
1278     +4.8428980899825003e-001    +3.6512499999999998e-001    +2.2634843474100001e-003
1279     +4.7637951094096498e-001    +3.6512499999999998e-001    +2.9676322947760000e-003
1280     +4.6846598592946198e-001    +3.6512499999999998e-001    +3.6472578314599999e-003
1281     +4.6054934782815299e-001    +3.6512499999999998e-001    +4.3023412544929999e-003
1282     +4.5262971065172303e-001    +3.6512499999999998e-001    +4.9328635649290003e-003
1283     +4.4470718855969099e-001    +3.6512499999999998e-001    +5.5388064692289997e-003
1284     +4.3678189585096000e-001    +3.6512499999999998e-001    +6.1201523805759998e-003
1285     +4.2885394695835499e-001    +3.6512499999999998e-001    +6.6768844201560004e-003
1286     +4.2092345644314499e-001    +3.6512499999999998e-001    +7.2089864183740001e-003
1287     +4.1299053898955101e-001    +3.6512499999999998e-001    +7.7164429160319998e-003
1288     +4.0505530939924400e-001    +3.6512499999999998e-001    +8.1992391654479996e-003
1289     +3.9711788258583303e-001    +3.6512499999999998e-001    +8.6573611315249998e-003
1290     +3.8917837356933299e-001    +3.6512499999999998e-001    +9.0907954927689997e-003
1291     +3.8123689747063200e-001    +3.6512499999999998e-001    +9.4995296422609992e-003
1292     +3.7329356950594400e-001    +3.6512499999999998e-001    +9.8835516885669994e-003
1293     +3.6534850498124999e-001    +3.6512499999999998e-001    +1.0242850456607999e-002
1294     +3.5740181928673198e-001    +3.6512499999999998e-001    +1.0577415488465001e-002
1295     +3.4945362789119999e-001    +3.6512499999999998e-001    +1.0887237044146000e-002
1296     +3.4150404633650799e-001    +3.6512499999999998e-001    +1.1172306102294000e-002
1297     +3.3355319023196300e-001    +3.6512499999999998e-001    +1.1432614360836001e-002
1298     +3.2560117524873200e-001    +3.6512499999999998e-001    +1.1668154237599000e-002
1299     +3.1764811711423202e-001    +3.6512499999999998e-001    +1.1878918870850999e-002
1300     +3.0969413160652898e-001    +3.6512499999999998e-001    +1.2064902119806001e-002
1301     +3.0173933454871599e-001    +3.6512499999999998e-001    +1.2226098565073000e-002
1302     +2.9378384180330003e-001    +3.6512499999999998e-001    +1.2362503509044000e-002
1303     +2.8582776926657799e-001    +3.6512499999999998e-001    +1.2474112976243000e-002
1304     +2.7787123286300602e-001    +3.6512499999999998e-001    +1.2560923713611999e-002
1305     +2.6991434853957902e-001    +3.6512499999999998e-001    +1.2622933190750000e-002
1306     +2.6195723226018902e-001    +3.6512499999999998e-001    +1.2660139600094000e-002
1307     +2.5400000000000000e-001    +3.6512499999999998e-001    +1.2672541857055001e-002
1308     +2.4604276773981201e-001    +3.6512499999999998e-001    +1.2660139600094000e-002
1309     +2.3808565146042199e-001    +3.6512499999999998e-001    +1.2622933190750000e-002
1310     +2.3012876713699401e-001    +3.6512499999999998e-001    +1.2560923713611999e-002
1311     +2.2217223073342199e-001    +3.6512499999999998e-001    +1.2474112976243000e-002
1312     +2.1421615819670001e-001    +3.6512499999999998e-001    +1.2362503509044000e-002
1313     +2.0626066545128399e-001    +3.6512499999999998e-001    +1.2226098565073000e-002
1314     +1.9830586839347100e-001    +3.6512499999999998e-001    +1.2064902119806001e-002
1315     +1.9035188288576799e-001    +3.6512499999999998e-001    +1.1878918870850999e-002
1316     +1.8239882475126801e-001    +3.6512499999999998e-001    +1.1668154237599000e-002
1317     +1.7444680976803700e-001    +3.6512499999999998e-001    +1.1432614360836001e-002
1318     +1.6649595366349201e-001    +3.6512499999999998e-001    +1.1172306102294000e-002
1319     +1.5854637210879999e-001    +3.6512499999999998e-001    +1.0887237044146000e-002
1320     +1.5059818071326800e-001    +3.6512499999999998e-001    +1.0577415488465001e-002
1321     +1.4265149501874999e-001    +3.6512499999999998e-001    +1.0242850456607999e-002
1322     +1.3470643049405601e-001    +3.6512499999999998e-001    +9.8835516885669994e-003
1323     +1.2676310252936801e-001    +3.6512499999999998e-001    +9.4995296422609992e-003
1324     +1.1882162643066700e-001    +3.6512499999999998e-001    +9.0907954927689997e-003
1325     +1.1088211741416699e-001    +3.6512499999999998e-001    +8.6573611315249998e-003
1326     +1.0294469060075601e-001    +3.6512499999999998e-001    +8.1992391654479996e-003
1327     +9.5009461010449006e-002    +3.6512499999999998e-001    +7.7164429160319998e-003
1328     +8.7076543556854999e-002    +3.6512499999999998e-001    +7.2089864183740001e-003
1329     +7.9146053041645001e-002    +3.6512499999999998e-001    +6.6768844201560004e-003
1330     +7.1218104149040007e-002    +3.6512499999999998e-001    +6.1201523805759998e-003
1331     +6.3292811440309002e-002    +3.6512499999999998e-001    +5.5388064692289997e-003
1332     +5.5370289348277001e-002    +3.6512499999999998e-001    +4.9328635649290003e-003
1333     +4.7450652171846998e-002    +3.6512499999999998e-001    +4.3023412544929999e-003
1334     +3.9534014070538998e-002    +3.6512499999999998e-001    +3.6472578314599999e-003
1335     +3.1620489059035001e-002    +3.6512499999999998e-001    +2.9676322947760000e-003
1336     +2.3710191001750001e-002    +3.6512499999999998e-001    +2.2634843474100001e-003
1337     +1.5803233607407999e-002    +3.6512499999999998e-001    +1.5348343949370001e-003
1338     +7.8997304236389995e-003    +3.6512499999999998e-001    +7.8170354405900002e-004
1339     +2.6328386728220001e-003    +3.6512499999999998e-001    +2.6328386728299998e-004
1340     -0.0000000000000000e+000    +3.6512499999999998e-001    +0.0000000000000000e+000
1341     +5.0800000000000001e-001    +3.5718749999999999e-001    +0.0000000000000000e+000
1342     +5.0536716132717796e-001    +3.5718749999999999e-001    +2.6328386728299998e-004
1343     +5.0010026957636100e-001    +3.5718749999999999e-001    +7.8170354405900002e-004
1344     +4.9219676639259202e-001    +3.5718749999999999e-001    +1.5348343949370001e-003
1345     +4.8428980899825003e-001    +3.5718749999999999e-001    +2.2634843474100001e-003
1346     +4.7637951094096498e-001    +3.5718749999999999e-001    +2.9676322947760000e-003
1347     +4.6846598592946198e-001    +3.5718749999999999e-001    +3.6472578314599999e-003
1348     +4.6054934782815299e-001    +3.5718749999999999e-001    +4.3023412544929999e-003
1349     +4.5262971065172303e-001    +3.5718749999999999e-001    +4.9328635649290003e-003
1350     +4.4470718855969099e-001    +3.5718749999999999e-001    +5.5388064692289997e-003
1351     +4.3678189585096000e-001    +3.5718749999999999e-001    +6.1201523805759998e-003
1352     +4.2885394695835499e-001    +3.5718749999999999e-001    +6.6768844201560004e-003
1353     +4.2092345644314499e-001    +3.5718749999999999e-001    +7.2089864183740001e-003
1354     +4.1299053898955101e-001    +3.5718749999999999e-001    +7.7164429160319998e-003
1355     +4.0505530939924400e-001    +3.5718749999999999e-001    +8.1992391654479996e-003
1356     +3.9711788258583303e-001    +3.5718749999999999e-001    +8.6573611315249998e-003
1357     +3.8917837356933299e-001    +3.5718749999999999e-001    +9.0907954927689997e-003
1358     +3.8123689747063200e-001    +3.5718749999999999e-001    +9.4995296422609992e-003
1359     +3.7329356950594400e-001    +3.5718749999999999e-001    +9.8835516885669994e-003
1360     +3.6534850498124999e-001    +3.5718749999999999e-001    +1.0242850456607999e-002
1361     +3.5740181928673198e-001    +3.5718749999999999e-001    +1.0577415488465001e-002
1362     +3.4945362789119999e-001    +3.5718749999999999e-001    +1.0887237044146000e-002
1363     +3.4150404633650799e-001    +3.5718749999999999e-001    +1.1172306102294000e-002
1364     +3.3355319023196300e-001    +3.5718749999999999e-001    +1.1432614360836001e-002
1365     +3.2560117524873200e-001    +3.5718749999999999e-001    +1.1668154237599000e-002
1366     +3.1764811711423202e-001    +3.5718749999999999e-001    +1.1878918870850999e-002
1367     +3.0969413160652898e-001    +3.5718749999999999e-001    +1.2064902119806001e-002
1368     +3.0173933454871599e-001    +3.5718749999999999e-001    +1.2226098565073000e-002
1369     +2.9378384180330003e-001    +3.5718749999999999e-001    +1.2362503509044000e-002
1370     +2.8582776926657799e-001    +3.5718749999999999e-001    +1.2474112976243000e-002
1371     +2.7787123286300602e-001    +3.5718749999999999e-001    +1.2560923713611999e-002
1372     +2.6991434853957902e-001    +3.5718749999999999e-001    +1.2622933190750000e-002
1373     +2.6195723226018902e-001    +3.5718749999999999e-001    +1.2660139600094000e-002
1374     +2.5400000000000000e-001    +3.5718749999999999e-001    +1.2672541857055001e-002
1375     +2.4604276773981201e-001    +3.5718749999999999e-001    +1.2660139600094000e-002
1376     +2.3808565146042199e-001    +3.5718749999999999e-001    +1.2622933190750000e-002
1377     +2.3012876713699401e-001    +3.5718749999999999e-001    +1.2560923713611999e-002
1378     +2.2217223073342199e-001    +3.5718749999999999e-001    +1.2474112976243000e-002
1379     +2.1421615819670001e-001    +3.5718749999999999e-001    +1.2362503509044000e-002
1380     +2.0626066545128399e-001    +3.5718749999999999e-001    +1.2226098565073000e-002
1381     +1.9830586839347100e-001    +3.5718749999999999e-001    +1.2064902119806001e-002
1382     +1.9035188288576799e-001    +3.5718749999999999e-001    +1.1878918870850999e-002
1383     +1.8239882475126801e-001    +3.5718749999999999e-001    +1.1668154237599000e-002
1384     +1.7444680976803700e-001    +3.5718749999999999e-001    +1.1432614360836001e-002
1385     +1.6649595366349201e-001    +3.5718749999999999e-001    +1.1172306102294000e-002
1386     +1.5854637210879999e-001    +3.5718749999999999e-001    +1.0887237044146000e-002
1387     +1.5059818071326800e-001    +3.5718749999999999e-001    +1.0577415488465001e-002
1388     +1.4265149501874999e-001    +3.5718749999999999e-001    +1.0242850456607999e-002
1389     +1.3470643049405601e-001    +3.5718749999999999e-001    +9.8835516885669994e-003
1390     +1.2676310252936801e-001    +3.5718749999999999e-001    +9.4995296422609992e-003
1391     +1.1882162643066700e-001    +3.5718749999999999e-001    +9.0907954927689997e-003
1392     +1.1088211741416699e-001    +3.5718749999999999e-001    +8.6573611315249998e-003
1393     +1.0294469060075601e-001    +3.5718749999999999e-001    +8.1992391654479996e-003
1394     +9.5009461010449006e-002    +3.5718749999999999e-001    +7.7164429160319998e-003
1395     +8.7076543556854999e-002    +3.5718749999999999e-001    +7.2089864183740001e-003
1396     +7.9146053041645001e-002    +3.5718749999999999e-001    +6.6768844201560004e-003
1397     +7.1218104149040007e-002    +3.5718749999999999e-001    +6.1201523805759998e-003
1398     +6.3292811440309002e-002    +3.5718749999999999e-001    +5.5388064692289997e-003
1399     +5.5370289348277001e-002    +3.5718749999999999e-001    +4.9328635649290003e-003
1400     +4.7450652171846998e-002    +3.5718749999999999e-001    +4.3023412544929999e-003
1401     +3.9534014070538998e-002    +3.5718749999999999e-001    +3.6472578314599999e-003
1402     +3.1620489059035001e-002    +3.5718749999999999e-001    +2.9676322947760000e-003
1403     +2.3710191001750001e-002    +3.5718749999999999e-001    +2.2634843474100001e-003
1404     +1.5803233607407999e-002    +3.5718749999999999e-001    +1.5348343949370001e-003
1405     +7.8997304236389995e-003    +3.5718749999999999e-001    +7.8170354405900002e-004
1406     +2.6328386728220001e-003    +3.5718749999999999e-001    +2.6328386728299998e-004
1407     -0.0000000000000000e+000    +3.5718749999999999e-001    +0.0000000000000000e+000
1408     +5.0800000000000001e-001    +3.4925000000000000e-001    +0.0000000000000000e+000
1409     +5.0536716132717796e-001    +3.4925000000000000e-001    +2.6328386728299998e-004
1410     +5.0010026957636100e-001    +3.4925000000000000e-001    +7.8170354405900002e-004
1411     +4.9219676639259302e-001    +3.4925000000000000e-001    +1.5348343949370001e-003
1412     +4.8428980899825003e-001    +3.4925000000000000e-001    +2.2634843474100001e-003
1413     +4.7637951094096498e-001    +3.4925000000000000e-001    +2.9676322947760000e-003
1414     +4.6846598592946198e-001    +3.4925000000000000e-001    +3.6472578314599999e-003
1415     +4.6054934782815299e-001    +3.4925000000000000e-001    +4.3023412544929999e-003
1416     +4.5262971065172303e-001    +3.4925000000000000e-001    +4.9328635649290003e-003
1417     +4.4470718855969099e-001    +3.4925000000000000e-001    +5.5388064692289997e-003
1418     +4.3678189585096000e-001    +3.4925000000000000e-001    +6.1201523805759998e-003
1419     +4.2885394695835499e-001    +3.4925000000000000e-001    +6.6768844201560004e-003
1420     +4.2092345644314499e-001    +3.4925000000000000e-001    +7.2089864183740001e-003
1421     +4.1299053898955101e-001    +3.4925000000000000e-001    +7.7164429160319998e-003
1422     +4.0505530939924400e-001    +3.4925000000000000e-001    +8.1992391654479996e-003
1423     +3.9711788258583303e-001    +3.4925000000000000e-001    +8.6573611315249998e-003
1424     +3.8917837356933299e-001    +3.4925000000000000e-001    +9.0907954927689997e-003
1425     +3.8123689747063200e-001    +3.4925000000000000e-001    +9.4995296422609992e-003
1426     +3.7329356950594400e-001    +3.4925000000000000e-001    +9.8835516885669994e-003
1427     +3.6534850498124999e-001    +3.4925000000000000e-001    +1.0242850456607999e-002
1428     +3.5740181928673198e-001    +3.4925000000000000e-001    +1.0577415488465001e-002
1429     +3.4945362789119999e-001    +3.4925000000000000e-001    +1.0887237044146000e-002
1430     +3.4150404633650799e-001    +3.4925000000000000e-001    +1.1172306102294000e-002
1431     +3.3355319023196300e-001    +3.4925000000000000e-001    +1.1432614360836001e-002
1432     +3.2560117524873200e-001    +3.4925000000000000e-001    +1.1668154237599000e-002
1433     +3.1764811711423202e-001    +3.4925000000000000e-001    +1.1878918870850999e-002
1434     +3.0969413160652898e-001    +3.4925000000000000e-001    +1.2064902119806001e-002
1435     +3.0173933454871599e-001    +3.4925000000000000e-001    +1.2226098565073000e-002
1436     +2.9378384180330003e-001    +3.4925000000000000e-001    +1.2362503509044000e-002
1437     +2.8582776926657799e-001    +3.4925000000000000e-001    +1.2474112976243000e-002
1438     +2.7787123286300602e-001    +3.4925000000000000e-001    +1.2560923713611999e-002
1439     +2.6991434853957902e-001    +3.4925000000000000e-001    +1.2622933190750000e-002
1440     +2.6195723226018902e-001    +3.4925000000000000e-001    +1.2660139600094000e-002
1441     +2.5400000000000000e-001    +3.4925000000000000e-001    +1.2672541857055001e-002
1442     +2.4604276773981201e-001    +3.4925000000000000e-001    +1.2660139600094000e-002
1443     +2.3808565146042199e-001    +3.4925000000000000e-001    +1.2622933190750000e-002
1444     +2.3012876713699401e-001    +3.4925000000000000e-001    +1.2560923713611999e-002
1445     +2.2217223073342199e-001    +3.4925000000000000e-001    +1.2474112976243000e-002
1446     +2.1421615819670001e-001    +3.4925000000000000e-001    +1.2362503509044000e-002
1447     +2.0626066545128399e-001    +3.4925000000000000e-001    +1.2226098565073000e-002
1448     +1.9830586839347100e-001    +3.4925000000000000e-001    +1.2064902119806001e-002
1449     +1.9035188288576799e-001    +3.4925000000000000e-001    +1.1878918870850999e-002
1450     +1.8239882475126801e-001    +3.4925000000000000e-001    +1.1668154237599000e-002
1451     +1.7444680976803700e-001    +3.4925000000000000e-001    +1.1432614360836001e-002
1452     +1.6649595366349201e-001    +3.4925000000000000e-001    +1.1172306102294000e-002
1453     +1.5854637210879999e-001    +3.4925000000000000e-001    +1.0887237044146000e-002
1454     +1.5059818071326800e-001    +3.4925000000000000e-001    +1.0577415488465001e-002
1455     +1.4265149501874999e-001    +3.4925000000000000e-001    +1.0242850456607999e-002
1456     +1.3470643049405601e-001    +3.4925000000000000e-001    +9.8835516885669994e-003
1457     +1.2676310252936801e-001    +3.4925000000000000e-001    +9.4995296422609992e-003
1458     +1.1882162643066700e-001    +3.4925000000000000e-001    +9.0907954927689997e-003
1459     +1.1088211741416699e-001    +3.4925000000000000e-001    +8.6573611315249998e-003
1460     +1.0294469060075601e-001    +3.4925000000000000e-001    +8.1992391654479996e-003
1461     +9.5009461010449006e-002    +3.4925000000000000e-001    +7.7164429160319998e-003
1462     +8.7076543556854999e-002    +3.4925000000000000e-001    +7.2089864183740001e-003
1463     +7.9146053041645001e-002    +3.4925000000000000e-001    +6.6768844201560004e-003
1464     +7.1218104149040007e-002    +3.4925000000000000e-001    +6.1201523805759998e-003
1465     +6.3292811440309002e-002    +3.4925000000000000e-001    +5.5388064692289997e-003
1466     +5.5370289348277001e-002    +3.4925000000000000e-001    +4.9328635649290003e-003
1467     +4.7450652171846998e-002    +3.4925000000000000e-001    +4.3023412544929999e-003
1468     +3.9534014070538998e-002    +3.4925000000000000e-001    +3.6472578314599999e-003
1469     +3.1620489059035001e-002    +3.4925000000000000e-001    +2.9676322947760000e-003
1470     +2.3710191001750001e-002    +3.4925000000000000e-001    +2.2634843474100001e-003
1471     +1.5803233607407999e-002    +3.4925000000000000e-001    +1.5348343949370001e-003
1472     +7.8997304236389995e-003    +3.4925000000000000e-001    +7.8170354405900002e-004
1473     +2.6328386728220001e-003    +3.4925000000000000e-001    +2.6328386728299998e-004
1474     -0.0000000000000000e+000    +3.4925000000000000e-001    +0.0000000000000000e+000
1475     +5.0800000000000001e-001    +3.4131250000000002e-001    +0.0000000000000000e+000
1476     +5.0536716132717796e-001    +3.4131250000000002e-001    +2.6328386728299998e-004
1477     +5.0010026957636100e-001    +3.4131250000000002e-001    +7.8170354405900002e-004
1478     +4.9219676639259302e-001    +3.4131250000000002e-001    +1.5348343949370001e-003
1479     +4.8428980899825003e-001    +3.4131250000000002e-001    +2.2634843474100001e-003
1480     +4.7637951094096498e-001    +3.4131250000000002e-001    +2.9676322947760000e-003
1481     +4.6846598592946198e-001    +3.4131250000000002e-001    +3.6472578314599999e-003
1482     +4.6054934782815299e-001    +3.4131250000000002e-001    +4.3023412544929999e-003
1483     +4.5262971065172303e-001    +3.4131250000000002e-001    +4.9328635649290003e-003
1484     +4.4470718855969099e-001    +3.4131250000000002e-001    +5.5388064692289997e-003
1485     +4.3678189585096000e-001    +3.4131250000000002e-001    +6.1201523805759998e-003
1486     +4.2885394695835499e-001    +3.4131250000000002e-001    +6.6768844201560004e-003
1487     +4.2092345644314499e-001    +3.4131250000000002e-001    +7.2089864183740001e-003
1488     +4.1299053898955101e-001    +3.4131250000000002e-001    +7.7164429160319998e-003
1489     +4.0505530939924400e-001    +3.4131250000000002e-001    +8.1992391654479996e-003
1490     +3.9711788258583303e-001    +3.4131250000000002e-001    +8.6573611315249998e-003
1491     +3.8917837356933299e-001    +3.4131250000000002e-001    +9.0907954927689997e-003
1492     +3.8123689747063200e-001    +3.4131250000000002e-001    +9.4995296422609992e-003
1493     +3.7329356950594400e-001    +3.4131250000000002e-001    +9.8835516885669994e-003
1494     +3.6534850498124999e-001    +3.4131250000000002e-001    +1.0242850456607999e-002
1495     +3.5740181928673198e-001    +3.4131250000000002e-001    +1.0577415488465001e-002
1496     +3.4945362789119999e-001    +3.4131250000000002e-001    +1.0887237044146000e-002
1497     +3.4150404633650799e-001    +3.4131250000000002e-001    +1.1172306102294000e-002
1498     +3.3355319023196300e-001    +3.4131250000000002e-001    +1.1432614360836001e-002
1499     +3.2560117524873200e-001    +3.4131250000000002e-001    +1.1668154237599000e-002
1500     +3.1764811711423202e-001    +3.4131250000000002e-001    +1.1878918870850999e-002
1501     +3.0969413160652898e-001    +3.4131250000000002e-001    +1.2064902119806001e-002
1502     +3.0173933454871599e-001    +3.4131250000000002e-001    +1.2226098565073000e-002
1503     +2.9378384180330003e-001    +3.4131250000000002e-001    +1.2362503509044000e-002
1504     +2.8582776926657799e-001    +3.4131250000000002e-001    +1.2474112976243000e-002
1505     +2.7787123286300602e-001    +3.4131250000000002e-001    +1.2560923713611999e-002
1506     +2.6991434853957902e-001    +3.4131250000000002e-001    +1.2622933190750000e-002
1507     +2.6195723226018902e-001    +3.4131250000000002e-001    +1.2660139600094000e-002
1508     +2.5400000000000000e-001    +3.4131250000000002e-001    +1.2672541857055001e-002
1509     +2.4604276773981201e-001    +3.4131250000000002e-001    +1.2660139600094000e-002
1510     +2.3808565146042199e-001    +3.4131250000000002e-001    +1.2622933190750000e-002
1511     +2.3012876713699401e-001    +3.4131250000000002e-001    +1.2560923713611999e-002
1512     +2.2217223073342199e-001    +3.4131250000000002e-001    +1.2474112976243000e-002
1513     +2.1421615819670001e-001    +3.4131250000000002e-001    +1.2362503509044000e-002
1514     +2.0626066545128399e-001    +3.4131250000000002e-001    +1.2226098565073000e-002
1515     +1.9830586839347100e-001    +3.4131250000000002e-001    +1.2064902119806001e-002
1516     +1.9035188288576799e-001    +3.4131250000000002e-001    +1.1878918870850999e-002
1517     +1.8239882475126801e-001    +3.4131250000000002e-001    +1.1668154237599000e-002
1518     +1.7444680976803700e-001    +3.4131250000000002e-001    +1.1432614360836001e-002
1519     +1.6649595366349201e-001    +3.4131250000000002e-001    +1.1172306102294000e-002
1520     +1.5854637210879999e-001    +3.4131250000000002e-001    +1.0887237044146000e-002
1521     +1.5059818071326800e-001    +3.4131250000000002e-001    +1.0577415488465001e-002
1522     +1.4265149501874999e-001    +3.4131250000000002e-001    +1.0242850456607999e-002
1523     +1.3470643049405601e-001    +3.4131250000000002e-001    +9.8835516885669994e-003
1524     +1.2676310252936801e-001    +3.4131250000000002e-001    +9.4995296422609992e-003
1525     +1.1882162643066700e-001    +3.4131250000000002e-001    +9.0907954927689997e-003
1526     +1.1088211741416699e-001    +3.4131250000000002e-001    +8.6573611315249998e-003
1527     +1.0294469060075601e-001    +3.4131250000000002e-001    +8.1992391654479996e-003
1528     +9.5009461010449006e-002    +3.4131250000000002e-001    +7.7164429160319998e-003
1529     +8.7076543556854999e-002    +3.4131250000000002e-001    +7.2089864183740001e-003
1530     +7.9146053041645001e-002    +3.4131250000000002e-001    +6.6768844201560004e-003
1531     +7.1218104149040007e-002    +3.4131250000000002e-001    +6.1201523805759998e-003
1532     +6.3292811440309002e-002    +3.4131250000000002e-001    +5.5388064692289997e-003
1533     +5.5370289348277001e-002    +3.4131250000000002e-001    +4.9328635649290003e-003
1534     +4.7450652171846998e-002    +3.4131250000000002e-001    +4.3023412544929999e-003
1535     +3.9534014070538998e-002    +3.4131250000000002e-001    +3.6472578314599999e-003
1536     +3.1620489059035001e-002    +3.4131250000000002e-001    +2.9676322947760000e-003
1537     +2.3710191001750001e-002    +3.4131250000000002e-001    +2.2634843474100001e-003
1538     +1.5803233607407999e-002    +3.4131250000000002e-001    +1.5348343949370001e-003
1539     +7.8997304236389995e-003    +3.4131250000000002e-001    +7.8170354405900002e-004
1540     +2.6328386728220001e-003    +3.4131250000000002e-001    +2.6328386728299998e-004
1541     -0.0000000000000000e+000    +3.4131250000000002e-001    +0.0000000000000000e+000
1542     +5.0800000000000001e-001    +3.3337499999999998e-001    +0.0000000000000000e+000
1543     +5.0536716132717796e-001    +3.3337499999999998e-001    +2.6328386728299998e-004
1544     +5.0010026957636100e-001    +3.3337499999999998e-001    +7.8170354405900002e-004
1545     +4.9219676639259202e-001    +3.3337499999999998e-001    +1.5348343949370001e-003
1546     +4.8428980899825003e-001    +3.3337499999999998e-001    +2.2634843474100001e-003
1547     +4.7637951094096498e-001    +3.3337499999999998e-001    +2.9676322947760000e-003
1548     +4.6846598592946098e-001    +3.3337499999999998e-001    +3.6472578314599999e-003
1549     +4.6054934782815299e-001    +3.3337499999999998e-001    +4.3023412544919998e-003
1550     +4.5262971065172303e-001    +3.3337499999999998e-001    +4.9328635649290003e-003
1551     +4.4470718855969099e-001    +3.3337499999999998e-001    +5.5388064692289997e-003
1552     +4.3678189585096000e-001    +3.3337499999999998e-001    +6.1201523805759998e-003
1553     +4.2885394695835499e-001    +3.3337499999999998e-001    +6.6768844201560004e-003
1554     +4.2092345644314499e-001    +3.3337499999999998e-001    +7.2089864183740001e-003
1555     +4.1299053898955101e-001    +3.3337499999999998e-001    +7.7164429160319998e-003
1556     +4.0505530939924400e-001    +3.3337499999999998e-001    +8.1992391654479996e-003
1557     +3.9711788258583303e-001    +3.3337499999999998e-001    +8.6573611315249998e-003
1558     +3.8917837356933299e-001    +3.3337499999999998e-001    +9.0907954927689997e-003
1559     +3.8123689747063200e-001    +3.3337499999999998e-001    +9.4995296422609992e-003
1560     +3.7329356950594400e-001    +3.3337499999999998e-001    +9.8835516885669994e-003
1561     +3.6534850498124999e-001    +3.3337499999999998e-001    +1.0242850456607999e-002
1562     +3.5740181928673198e-001    +3.3337499999999998e-001    +1.0577415488465001e-002
1563     +3.4945362789119999e-001    +3.3337499999999998e-001    +1.0887237044146000e-002
1564     +3.4150404633650799e-001    +3.3337499999999998e-001    +1.1172306102294000e-002
1565     +3.3355319023196300e-001    +3.3337499999999998e-001    +1.1432614360836001e-002
1566     +3.2560117524873200e-001    +3.3337499999999998e-001    +1.1668154237599000e-002
1567     +3.1764811711423202e-001    +3.3337499999999998e-001    +1.1878918870850999e-002
1568     +3.0969413160652898e-001    +3.3337499999999998e-001    +1.2064902119806001e-002
1569     +3.0173933454871599e-001    +3.3337499999999998e-001    +1.2226098565073000e-002
1570     +2.9378384180330003e-001    +3.3337499999999998e-001    +1.2362503509044000e-002
1571     +2.8582776926657799e-001    +3.3337499999999998e-001    +1.2474112976243000e-002
1572     +2.7787123286300602e-001    +3.3337499999999998e-001    +1.2560923713611999e-002
1573     +2.6991434853957902e-001    +3.3337499999999998e-001    +1.2622933190750000e-002
1574     +2.6195723226018902e-001    +3.3337499999999998e-001    +1.2660139600094000e-002
1575     +2.5400000000000000e-001    +3.3337499999999998e-001    +1.2672541857055001e-002
1576     +2.4604276773981201e-001    +3.3337499999999998e-001    +1.2660139600094000e-002
1577     +2.3808565146042199e-001    +3.3337499999999998e-001    +1.2622933190750000e-002
1578     +2.3012876713699401e-001    +3.3337499999999998e-001    +1.2560923713611999e-002
1579     +2.2217223073342199e-001    +3.3337499999999998e-001    +1.2474112976243000e-002
1580     +2.1421615819670001e-001    +3.3337499999999998e-001    +1.2362503509044000e-002
1581     +2.0626066545128399e-001    +3.3337499999999998e-001    +1.2226098565073000e-002
1582     +1.9830586839347100e-001    +3.3337499999999998e-001    +1.2064902119806001e-002
1583     +1.9035188288576799e-001    +3.3337499999999998e-001    +1.1878918870850999e-002
1584     +1.8239882475126801e-001    +3.3337499999999998e-001    +1.1668154237599000e-002
1585     +1.7444680976803700e-001    +3.3337499999999998e-001    +1.1432614360836001e-002
1586     +1.6649595366349201e-001    +3.3337499999999998e-001    +1.1172306102294000e-002
1587     +1.5854637210879999e-001    +3.3337499999999998e-001    +1.0887237044146000e-002
1588     +1.5059818071326800e-001    +3.3337499999999998e-001    +1.0577415488465001e-002
1589     +1.4265149501874999e-001    +3.3337499999999998e-001    +1.0242850456607999e-002
1590     +1.3470643049405601e-001    +3.3337499999999998e-001    +9.8835516885669994e-003
1591     +1.2676310252936801e-001    +3.3337499999999998e-001    +9.4995296422609992e-003
1592     +1.1882162643066700e-001    +3.3337499999999998e-001    +9.0907954927689997e-003
1593     +1.1088211741416699e-001    +3.3337499999999998e-001    +8.6573611315249998e-003
1594     +1.0294469060075601e-001    +3.3337499999999998e-001    +8.1992391654479996e-003
1595     +9.5009461010449006e-002    +3.3337499999999998e-001    +7.7164429160319998e-003
1596     +8.7076543556854999e-002    +3.3337499999999998e-001    +7.2089864183740001e-003
1597     +7.9146053041645001e-002    +3.3337499999999998e-001    +6.6768844201560004e-003
1598     +7.1218104149040007e-002    +3.3337499999999998e-001    +6.1201523805759998e-003
1599     +6.3292811440309002e-002    +3.3337499999999998e-001    +5.5388064692289997e-003
1600     +5.5370289348277001e-002    +3.3337499999999998e-001    +4.9328635649290003e-003
1601     +4.7450652171846998e-002    +3.3337499999999998e-001    +4.3023412544929999e-003
1602     +3.9534014070538998e-002    +3.3337499999999998e-001    +3.6472578314599999e-003
1603     +3.1620489059035001e-002    +3.3337499999999998e-001    +2.9676322947760000e-003
1604     +2.3710191001750001e-002    +3.3337499999999998e-001    +2.2634843474100001e-003
1605     +1.5803233607407999e-002    +3.3337499999999998e-001    +1.5348343949370001e-003
1606     +7.8997304236389995e-003    +3.3337499999999998e-001    +7.8170354405900002e-004
1607     +2.6328386728220001e-003    +3.3337499999999998e-001    +2.6328386728299998e-004
1608     -0.0000000000000000e+000    +3.3337499999999998e-001    +0.0000000000000000e+000
1609     +5.0800000000000001e-001    +3.2543749999999999e-001    +0.0000000000000000e+000
1610     +5.0536716132717796e-001    +3.2543749999999999e-001    +2.6328386728299998e-004
1611     +5.0010026957636100e-001    +3.2543749999999999e-001    +7.8170354405900002e-004
1612     +4.9219676639259202e-001    +3.2543749999999999e-001    +1.5348343949370001e-003
1613     +4.8428980899825003e-001    +3.2543749999999999e-001    +2.2634843474100001e-003
1614     +4.7637951094096498e-001    +3.2543749999999999e-001    +2.9676322947760000e-003
1615     +4.6846598592946098e-001    +3.2543749999999999e-001    +3.6472578314599999e-003
1616     +4.6054934782815299e-001    +3.2543749999999999e-001    +4.3023412544919998e-003
1617     +4.5262971065172303e-001    +3.2543749999999999e-001    +4.9328635649290003e-003
1618     +4.4470718855969099e-001    +3.2543749999999999e-001    +5.5388064692289997e-003
1619     +4.3678189585096000e-001    +3.2543749999999999e-001    +6.1201523805759998e-003
1620     +4.2885394695835499e-001    +3.2543749999999999e-001    +6.6768844201560004e-003
1621     +4.2092345644314499e-001    +3.2543749999999999e-001    +7.2089864183740001e-003
1622     +4.1299053898955101e-001    +3.2543749999999999e-001    +7.7164429160319998e-003
1623     +4.0505530939924400e-001    +3.2543749999999999e-001    +8.1992391654479996e-003
1624     +3.9711788258583303e-001    +3.2543749999999999e-001    +8.6573611315249998e-003
1625     +3.8917837356933199e-001    +3.2543749999999999e-001    +9.0907954927689997e-003
1626     +3.8123689747063200e-001    +3.2543749999999999e-001    +9.4995296422609992e-003
1627     +3.7329356950594400e-001    +3.2543749999999999e-001    +9.8835516885669994e-003
1628     +3.6534850498124999e-001    +3.2543749999999999e-001    +1.0242850456607999e-002
1629     +3.5740181928673198e-001    +3.2543749999999999e-001    +1.0577415488465001e-002
1630     +3.4945362789119999e-001    +3.2543749999999999e-001    +1.0887237044146000e-002
1631     +3.4150404633650799e-001    +3.2543749999999999e-001    +1.1172306102293000e-002
1632     +3.3355319023196300e-001    +3.2543749999999999e-001    +1.1432614360836001e-002
1633     +3.2560117524873200e-001    +3.2543749999999999e-001    +1.1668154237599000e-002
1634     +3.1764811711423202e-001    +3.2543749999999999e-001    +1.1878918870850999e-002
1635     +3.0969413160652898e-001    +3.2543749999999999e-001    +1.2064902119806001e-002
1636     +3.0173933454871599e-001    +3.2543749999999999e-001    +1.2226098565073000e-002
1637     +2.9378384180330003e-001    +3.2543749999999999e-001    +1.2362503509044000e-002
1638     +2.8582776926657799e-001    +3.2543749999999999e-001    +1.2474112976243000e-002
1639     +2.7787123286300602e-001    +3.2543749999999999e-001    +1.2560923713611999e-002
1640     +2.6991434853957802e-001    +3.2543749999999999e-001    +1.2622933190750000e-002
1641     +2.6195723226018902e-001    +3.2543749999999999e-001    +1.2660139600094000e-002
1642     +2.5400000000000000e-001    +3.2543749999999999e-001    +1.2672541857055001e-002
1643     +2.4604276773981201e-001    +3.2543749999999999e-001    +1.2660139600094000e-002
1644     +2.3808565146042199e-001    +3.2543749999999999e-001    +1.2622933190750000e-002
1645     +2.3012876713699401e-001    +3.2543749999999999e-001    +1.2560923713611999e-002
1646     +2.2217223073342199e-001    +3.2543749999999999e-001    +1.2474112976243000e-002
1647     +2.1421615819670001e-001    +3.2543749999999999e-001    +1.2362503509044000e-002
1648     +2.0626066545128399e-001    +3.2543749999999999e-001    +1.2226098565073000e-002
1649     +1.9830586839347100e-001    +3.2543749999999999e-001    +1.2064902119806001e-002
1650     +1.9035188288576799e-001    +3.2543749999999999e-001    +1.1878918870850999e-002
1651     +1.8239882475126801e-001    +3.2543749999999999e-001    +1.1668154237599000e-002
1652     +1.7444680976803700e-001    +3.2543749999999999e-001    +1.1432614360836001e-002
1653     +1.6649595366349201e-001    +3.2543749999999999e-001    +1.1172306102294000e-002
1654     +1.5854637210879999e-001    +3.2543749999999999e-001    +1.0887237044146000e-002
1655     +1.5059818071326800e-001    +3.2543749999999999e-001    +1.0577415488465001e-002
1656     +1.4265149501874999e-001    +3.2543749999999999e-001    +1.0242850456607999e-002
1657     +1.3470643049405601e-001    +3.2543749999999999e-001    +9.8835516885669994e-003
1658     +1.2676310252936801e-001    +3.2543749999999999e-001    +9.4995296422609992e-003
1659     +1.1882162643066700e-001    +3.2543749999999999e-001    +9.0907954927689997e-003
1660     +1.1088211741416699e-001    +3.2543749999999999e-001    +8.6573611315249998e-003
1661     +1.0294469060075601e-001    +3.2543749999999999e-001    +8.1992391654479996e-003
1662     +9.5009461010449006e-002    +3.2543749999999999e-001    +7.7164429160319998e-003
1663     +8.7076543556854999e-002    +3.2543749999999999e-001    +7.2089864183740001e-003
1664     +7.9146053041645001e-002    +3.2543749999999999e-001    +6.6768844201560004e-003
1665     +7.1218104149040007e-002    +3.2543749999999999e-001    +6.1201523805759998e-003
1666     +6.3292811440309002e-002    +3.2543749999999999e-001    +5.5388064692289997e-003
1667     +5.5370289348277001e-002    +3.2543749999999999e-001    +4.9328635649290003e-003
1668     +4.7450652171846998e-002    +3.2543749999999999e-001    +4.3023412544929999e-003
1669     +3.9534014070538998e-002    +3.2543749999999999e-001    +3.6472578314599999e-003
1670     +3.1620489059035001e-002    +3.2543749999999999e-001    +2.9676322947760000e-003
1671     +2.3710191001750001e-002    +3.2543749999999999e-001    +2.2634843474100001e-003
1672     +1.5803233607407999e-002    +3.2543749999999999e-001    +1.5348343949370001e-003
1673     +7.8997304236389995e-003    +3.2543749999999999e-001    +7.8170354405900002e-004
1674     +2.6328386728220001e-003    +3.2543749999999999e-001    +2.6328386728299998e-004
1675     -0.0000000000000000e+000    +3.2543749999999999e-001    +0.0000000000000000e+000
1676     +5.0800000000000001e-001    +3.1750000000000000e-001    +0.0000000000000000e+000
1677     +5.0536716132717796e-001    +3.1750000000000000e-001    +2.6328386728299998e-004
1678     +5.0010026957636100e-001    +3.1750000000000000e-001    +7.8170354405900002e-004
1679     +4.9219676639259202e-001    +3.1750000000000000e-001    +1.5348343949370001e-003
1680     +4.8428980899825003e-001    +3.1750000000000000e-001    +2.2634843474100001e-003
1681     +4.7637951094096498e-001    +3.1750000000000000e-001    +2.9676322947760000e-003
1682     +4.6846598592946098e-001    +3.1750000000000000e-001    +3.6472578314599999e-003
1683     +4.6054934782815299e-001    +3.1750000000000000e-001    +4.3023412544919998e-003
1684     +4.5262971065172303e-001    +3.1750000000000000e-001    +4.9328635649290003e-003
1685     +4.4470718855969099e-001    +3.1750000000000000e-001    +5.5388064692289997e-003
1686     +4.3678189585096000e-001    +3.1750000000000000e-001    +6.1201523805759998e-003
1687     +4.2885394695835499e-001    +3.1750000000000000e-001    +6.6768844201560004e-003
1688     +4.2092345644314499e-001    +3.1750000000000000e-001    +7.2089864183740001e-003
1689     +4.1299053898955101e-001    +3.1750000000000000e-001    +7.7164429160319998e-003
1690     +4.0505530939924400e-001    +3.1750000000000000e-001    +8.1992391654479996e-003
1691     +3.9711788258583303e-001    +3.1750000000000000e-001    +8.6573611315249998e-003
1692     +3.8917837356933199e-001    +3.1750000000000000e-001    +9.0907954927689997e-003
1693     +3.8123689747063200e-001    +3.1750000000000000e-001    +9.4995296422609992e-003
1694     +3.7329356950594400e-001    +3.1750000000000000e-001    +9.8835516885669994e-003
1695     +3.6534850498124999e-001    +3.1750000000000000e-001    +1.0242850456607999e-002
1696     +3.5740181928673198e-001    +3.1750000000000000e-001    +1.0577415488465001e-002
1697     +3.4945362789119999e-001    +3.1750000000000000e-001    +1.0887237044146000e-002
1698     +3.4150404633650799e-001    +3.1750000000000000e-001    +1.1172306102293000e-002
1699     +3.3355319023196300e-001    +3.1750000000000000e-001    +1.1432614360836001e-002
1700     +3.2560117524873200e-001    +3.1750000000000000e-001    +1.1668154237599000e-002
1701     +3.1764811711423202e-001    +3.1750000000000000e-001    +1.1878918870850999e-002
1702     +3.0969413160652898e-001    +3.1750000000000000e-001    +1.2064902119806001e-002
1703     +3.0173933454871599e-001    +3.1750000000000000e-001    +1.2226098565073000e-002
1704     +2.9378384180330003e-001    +3.1750000000000000e-001    +1.2362503509044000e-002
1705     +2.8582776926657799e-001    +3.1750000000000000e-001    +1.2474112976243000e-002
1706     +2.7787123286300602e-001    +3.1750000000000000e-001    +1.2560923713611999e-002
1707     +2.6991434853957902e-001    +3.1750000000000000e-001    +1.2622933190750000e-002
1708     +2.6195723226018902e-001    +3.1750000000000000e-001    +1.2660139600094000e-002
1709     +2.5400000000000000e-001    +3.1750000000000000e-001    +1.2672541857055001e-002
1710     +2.4604276773981201e-001    +3.1750000000000000e-001    +1.2660139600094000e-002
1711     +2.3808565146042199e-001    +3.1750000000000000e-001    +1.2622933190750000e-002
1712     +2.3012876713699401e-001    +3.1750000000000000e-001    +1.2560923713611999e-002
1713     +2.2217223073342199e-001    +3.1750000000000000e-001    +1.2474112976243000e-002
1714     +2.1421615819670001e-001    +3.1750000000000000e-001    +1.2362503509044000e-002
1715     +2.0626066545128399e-001    +3.1750000000000000e-001    +1.2226098565073000e-002
1716     +1.9830586839347100e-001    +3.1750000000000000e-001    +1.2064902119806001e-002
1717     +1.9035188288576799e-001    +3.1750000000000000e-001    +1.1878918870850999e-002
1718     +1.8239882475126801e-001    +3.1750000000000000e-001    +1.1668154237599000e-002
1719     +1.7444680976803700e-001    +3.1750000000000000e-001    +1.1432614360836001e-002
1720     +1.6649595366349201e-001    +3.1750000000000000e-001    +1.1172306102293000e-002
1721     +1.5854637210879999e-001    +3.1750000000000000e-001    +1.0887237044146000e-002
1722     +1.5059818071326800e-001    +3.1750000000000000e-001    +1.0577415488465001e-002
1723     +1.4265149501874999e-001    +3.1750000000000000e-001    +1.0242850456607999e-002
1724     +1.3470643049405601e-001    +3.1750000000000000e-001    +9.8835516885669994e-003
1725     +1.2676310252936801e-001    +3.1750000000000000e-001    +9.4995296422609992e-003
1726     +1.1882162643066700e-001    +3.1750000000000000e-001    +9.0907954927689997e-003
1727     +1.1088211741416699e-001    +3.1750000000000000e-001    +8.6573611315249998e-003
1728     +1.0294469060075601e-001    +3.1750000000000000e-001    +8.1992391654479996e-003
1729     +9.5009461010449006e-002    +3.1750000000000000e-001    +7.7164429160319998e-003
1730     +8.7076543556854999e-002    +3.1750000000000000e-001    +7.2089864183740001e-003
1731     +7.9146053041645001e-002    +3.1750000000000000e-001    +6.6768844201560004e-003
1732     +7.1218104149040007e-002    +3.1750000000000000e-001    +6.1201523805759998e-003
1733     +6.3292811440309002e-002    +3.1750000000000000e-001    +5.5388064692289997e-003
1734     +5.5370289348277001e-002    +3.1750000000000000e-001    +4.9328635649290003e-003
1735     +4.7450652171846998e-002    +3.1750000000000000e-001    +4.3023412544929999e-003
1736     +3.9534014070538998e-002    +3.1750000000000000e-001    +3.6472578314599999e-003
1737     +3.1620489059035001e-002    +3.1750000000000000e-001    +2.9676322947760000e-003
1738     +2.3710191001750001e-002    +3.1750000000000000e-001    +2.2634843474100001e-003
1739     +1.5803233607407999e-002    +3.1750000000000000e-001    +1.5348343949370001e-003
1740     +7.8997304236389995e-003    +3.1750000000000000e-001    +7.8170354405900002e-004
1741     +2.6328386728220001e-003    +3.1750000000000000e-001    +2.6328386728299998e-004
1742     -0.0000000000000000e+000    +3.1750000000000000e-001    +0.0000000000000000e+000
1743     +5.0800000000000001e-001    +3.0956250000000002e-001    +0.0000000000000000e+000
1744     +5.0536716132717896e-001    +3.0956250000000002e-001    +2.6328386728299998e-004
1745     +5.0010026957636100e-001    +3.0956250000000002e-001    +7.8170354405900002e-004
1746     +4.9219676639259202e-001    +3.0956250000000002e-001    +1.5348343949370001e-003
1747     +4.8428980899825003e-001    +3.0956250000000002e-001    +2.2634843474100001e-003
1748     +4.7637951094096498e-001    +3.0956250000000002e-001    +2.9676322947760000e-003
1749     +4.6846598592946198e-001    +3.0956250000000002e-001    +3.6472578314599999e-003
1750     +4.6054934782815299e-001    +3.0956250000000002e-001    +4.3023412544919998e-003
1751     +4.5262971065172303e-001    +3.0956250000000002e-001    +4.9328635649290003e-003
1752     +4.4470718855969099e-001    +3.0956250000000002e-001    +5.5388064692289997e-003
1753     +4.3678189585096000e-001    +3.0956250000000002e-001    +6.1201523805759998e-003
1754     +4.2885394695835499e-001    +3.0956250000000002e-001    +6.6768844201560004e-003
1755     +4.2092345644314499e-001    +3.0956250000000002e-001    +7.2089864183740001e-003
1756     +4.1299053898955101e-001    +3.0956250000000002e-001    +7.7164429160319998e-003
1757     +4.0505530939924400e-001    +3.0956250000000002e-001    +8.1992391654479996e-003
1758     +3.9711788258583303e-001    +3.0956250000000002e-001    +8.6573611315249998e-003
1759     +3.8917837356933299e-001    +3.0956250000000002e-001    +9.0907954927689997e-003
1760     +3.8123689747063200e-001    +3.0956250000000002e-001    +9.4995296422609992e-003
1761     +3.7329356950594400e-001    +3.0956250000000002e-001    +9.8835516885669994e-003
1762     +3.6534850498124999e-001    +3.0956250000000002e-001    +1.0242850456607999e-002
1763     +3.5740181928673198e-001    +3.0956250000000002e-001    +1.0577415488465001e-002
1764     +3.4945362789119999e-001    +3.0956250000000002e-001    +1.0887237044146000e-002
1765     +3.4150404633650799e-001    +3.0956250000000002e-001    +1.1172306102293000e-002
1766     +3.3355319023196300e-001    +3.0956250000000002e-001    +1.1432614360836001e-002
1767     +3.2560117524873200e-001    +3.0956250000000002e-001    +1.1668154237599000e-002
1768     +3.1764811711423202e-001    +3.0956250000000002e-001    +1.1878918870850999e-002
1769     +3.0969413160652898e-001    +3.0956250000000002e-001    +1.2064902119806001e-002
1770     +3.0173933454871599e-001    +3.0956250000000002e-001    +1.2226098565073000e-002
1771     +2.9378384180330003e-001    +3.0956250000000002e-001    +1.2362503509044000e-002
1772     +2.8582776926657799e-001    +3.0956250000000002e-001    +1.2474112976243000e-002
1773     +2.7787123286300602e-001    +3.0956250000000002e-001    +1.2560923713611999e-002
1774     +2.6991434853957902e-001    +3.0956250000000002e-001    +1.2622933190750000e-002
1775     +2.6195723226018902e-001    +3.0956250000000002e-001    +1.2660139600094000e-002
1776     +2.5400000000000000e-001    +3.0956250000000002e-001    +1.2672541857055001e-002
1777     +2.4604276773981201e-001    +3.0956250000000002e-001    +1.2660139600094000e-002
1778     +2.3808565146042199e-001    +3.0956250000000002e-001    +1.2622933190750000e-002
1779     +2.3012876713699401e-001    +3.0956250000000002e-001    +1.2560923713611999e-002
1780     +2.2217223073342199e-001    +3.0956250000000002e-001    +1.2474112976243000e-002
1781     +2.1421615819670001e-001    +3.0956250000000002e-001    +1.2362503509044000e-002
1782     +2.0626066545128399e-001    +3.0956250000000002e-001    +1.2226098565073000e-002
1783     +1.9830586839347100e-001    +3.0956250000000002e-001    +1.2064902119806001e-002
1784     +1.9035188288576799e-001    +3.0956250000000002e-001    +1.1878918870850999e-002
1785     +1.8239882475126801e-001    +3.0956250000000002e-001    +1.1668154237599000e-002
1786     +1.7444680976803700e-001    +3.0956250000000002e-001    +1.1432614360836001e-002
1787     +1.6649595366349201e-001    +3.0956250000000002e-001    +1.1172306102293000e-002
1788     +1.5854637210879999e-001    +3.0956250000000002e-001    +1.0887237044146000e-002
1789     +1.5059818071326800e-001    +3.0956250000000002e-001    +1.0577415488465001e-002
1790     +1.4265149501874999e-001    +3.0956250000000002e-001    +1.0242850456607999e-002
1791     +1.3470643049405601e-001    +3.0956250000000002e-001    +9.8835516885669994e-003
1792     +1.2676310252936801e-001    +3.0956250000000002e-001    +9.4995296422609992e-003
1793     +1.1882162643066700e-001    +3.0956250000000002e-001    +9.0907954927689997e-003
1794     +1.1088211741416699e-001    +3.0956250000000002e-001    +8.6573611315249998e-003
1795     +1.0294469060075601e-001    +3.0956250000000002e-001    +8.1992391654479996e-003
1796     +9.5009461010449006e-002    +3.0956250000000002e-001    +7.7164429160319998e-003
1797     +8.7076543556854999e-002    +3.0956250000000002e-001    +7.2089864183740001e-003
1798     +7.9146053041645001e-002    +3.0956250000000002e-001    +6.6768844201560004e-003
1799     +7.1218104149040007e-002    +3.0956250000000002e-001    +6.1201523805759998e-003
1800     +6.3292811440309002e-002    +3.0956250000000002e-001    +5.5388064692289997e-003
1801     +5.5370289348277001e-002    +3.0956250000000002e-001    +4.9328635649290003e-003
1802     +4.7450652171846998e-002    +3.0956250000000002e-001    +4.3023412544919998e-003
1803     +3.9534014070538998e-002    +3.0956250000000002e-001    +3.6472578314599999e-003
1804     +3.1620489059035001e-002    +3.0956250000000002e-001    +2.9676322947760000e-003
1805     +2.3710191001750001e-002    +3.0956250000000002e-001    +2.2634843474100001e-003
1806     +1.5803233607407999e-002    +3.0956250000000002e-001    +1.5348343949370001e-003
1807     +7.8997304236389995e-003    +3.0956250000000002e-001    +7.8170354405900002e-004
1808     +2.6328386728220001e-003    +3.0956250000000002e-001    +2.6328386728299998e-004
1809     -0.0000000000000000e+000    +3.0956250000000002e-001    +0.0000000000000000e+000
1810     +5.0800000000000001e-001    +3.0162499999999998e-001    +0.0000000000000000e+000
1811     +5.0536716132717896e-001    +3.0162499999999998e-001    +2.6328386728299998e-004
1812     +5.0010026957636100e-001    +3.0162499999999998e-001    +7.8170354405900002e-004
1813     +4.9219676639259202e-001    +3.0162499999999998e-001    +1.5348343949370001e-003
1814     +4.8428980899825003e-001    +3.0162499999999998e-001    +2.2634843474100001e-003
1815     +4.7637951094096498e-001    +3.0162499999999998e-001    +2.9676322947760000e-003
1816     +4.6846598592946198e-001    +3.0162499999999998e-001    +3.6472578314599999e-003
1817     +4.6054934782815299e-001    +3.0162499999999998e-001    +4.3023412544919998e-003
1818     +4.5262971065172303e-001    +3.0162499999999998e-001    +4.9328635649290003e-003
1819     +4.4470718855969099e-001    +3.0162499999999998e-001    +5.5388064692289997e-003
1820     +4.3678189585096000e-001    +3.0162499999999998e-001    +6.1201523805759998e-003
1821     +4.2885394695835499e-001    +3.0162499999999998e-001    +6.6768844201560004e-003
1822     +4.2092345644314499e-001    +3.0162499999999998e-001    +7.2089864183740001e-003
1823     +4.1299053898955101e-001    +3.0162499999999998e-001    +7.7164429160319998e-003
1824     +4.0505530939924400e-001    +3.0162499999999998e-001    +8.1992391654479996e-003
1825     +3.9711788258583303e-001    +3.0162499999999998e-001    +8.6573611315249998e-003
1826     +3.8917837356933299e-001    +3.0162499999999998e-001    +9.0907954927689997e-003
1827     +3.8123689747063200e-001    +3.0162499999999998e-001    +9.4995296422609992e-003
1828     +3.7329356950594400e-001    +3.0162499999999998e-001    +9.8835516885669994e-003
1829     +3.6534850498124999e-001    +3.0162499999999998e-001    +1.0242850456607999e-002
1830     +3.5740181928673198e-001    +3.0162499999999998e-001    +1.0577415488465001e-002
1831     +3.4945362789119999e-001    +3.0162499999999998e-001    +1.0887237044146000e-002
1832     +3.4150404633650799e-001    +3.0162499999999998e-001    +1.1172306102293000e-002
1833     +3.3355319023196300e-001    +3.0162499999999998e-001    +1.1432614360836001e-002
1834     +3.2560117524873200e-001    +3.0162499999999998e-001    +1.1668154237599000e-002
1835     +3.1764811711423202e-001    +3.0162499999999998e-001    +1.1878918870850999e-002
1836     +3.0969413160652898e-001    +3.0162499999999998e-001    +1.2064902119806001e-002
1837     +3.0173933454871599e-001    +3.0162499999999998e-001    +1.2226098565073000e-002
1838     +2.9378384180330003e-001    +3.0162499999999998e-001    +1.2362503509044000e-002
1839     +2.8582776926657799e-001    +3.0162499999999998e-001    +1.2474112976243000e-002
1840     +2.7787123286300602e-001    +3.0162499999999998e-001    +1.2560923713611999e-002
1841     +2.6991434853957902e-001    +3.0162499999999998e-001    +1.2622933190750000e-002
1842     +2.6195723226018902e-001    +3.0162499999999998e-001    +1.2660139600094000e-002
1843     +2.5400000000000000e-001    +3.0162499999999998e-001    +1.2672541857055001e-002
1844     +2.4604276773981201e-001    +3.0162499999999998e-001    +1.2660139600094000e-002
1845     +2.3808565146042199e-001    +3.0162499999999998e-001    +1.2622933190750000e-002
1846     +2.3012876713699401e-001    +3.0162499999999998e-001    +1.2560923713611999e-002
1847     +2.2217223073342199e-001    +3.0162499999999998e-001    +1.2474112976243000e-002
1848     +2.1421615819670001e-001    +3.0162499999999998e-001    +1.2362503509044000e-002
1849     +2.0626066545128399e-001    +3.0162499999999998e-001    +1.2226098565073000e-002
1850     +1.9830586839347100e-001    +3.0162499999999998e-001    +1.2064902119806001e-002
1851     +1.9035188288576799e-001    +3.0162499999999998e-001    +1.1878918870850999e-002
1852     +1.8239882475126801e-001    +3.0162499999999998e-001    +1.1668154237599000e-002
1853     +1.7444680976803700e-001    +3.0162499999999998e-001    +1.1432614360836001e-002
1854     +1.6649595366349201e-001    +3.0162499999999998e-001    +1.1172306102293000e-002
1855     +1.5854637210879999e-001    +3.0162499999999998e-001    +1.0887237044146000e-002
1856     +1.5059818071326800e-001    +3.0162499999999998e-001    +1.0577415488465001e-002
1857     +1.4265149501874999e-001    +3.0162499999999998e-001    +1.0242850456607999e-002
1858     +1.3470643049405601e-001    +3.0162499999999998e-001    +9.8835516885669994e-003
1859     +1.2676310252936801e-001    +3.0162499999999998e-001    +9.4995296422609992e-003
1860     +1.1882162643066700e-001    +3.0162499999999998e-001    +9.0907954927689997e-003
1861     +1.1088211741416699e-001    +3.0162499999999998e-001    +8.6573611315249998e-003
1862     +1.0294469060075601e-001    +3.0162499999999998e-001    +8.1992391654479996e-003
1863     +9.5009461010449006e-002    +3.0162499999999998e-001    +7.7164429160319998e-003
1864     +8.7076543556854999e-002    +3.0162499999999998e-001    +7.2089864183740001e-003
1865     +7.9146053041645001e-002    +3.0162499999999998e-001    +6.6768844201560004e-003
1866     +7.1218104149040007e-002    +3.0162499999999998e-001    +6.1201523805759998e-003
1867     +6.3292811440309002e-002    +3.0162499999999998e-001    +5.5388064692289997e-003
1868     +5.5370289348277001e-002    +3.0162499999999998e-001    +4.9328635649290003e-003
1869     +4.7450652171846998e-002    +3.0162499999999998e-001    +4.3023412544919998e-003
1870     +3.9534014070538998e-002    +3.0162499999999998e-001    +3.6472578314599999e-003
1871     +3.1620489059035001e-002    +3.0162499999999998e-001    +2.9676322947760000e-003
1872     +2.3710191001750001e-002    +3.0162499999999998e-001    +2.2634843474100001e-003
1873     +1.5803233607407999e-002    +3.0162499999999998e-001    +1.5348343949370001e-003
1874     +7.8997304236389995e-003    +3.0162499999999998e-001    +7.8170354405900002e-004
1875     +2.6328386728220001e-003    +3.0162499999999998e-001    +2.6328386728299998e-004
1876     -0.0000000000000000e+000    +3.0162499999999998e-001    +0.0000000000000000e+000
1877     +5.0800000000000001e-001    +2.9368749999999999e-001    +0.0000000000000000e+000
1878     +5.0536716132717896e-001    +2.9368749999999999e-001    +2.6328386728299998e-004
1879     +5.0010026957636200e-001    +2.9368749999999999e-001    +7.8170354405900002e-004
1880     +4.9219676639259302e-001    +2.9368749999999999e-001    +1.5348343949370001e-003
1881     +4.8428980899825003e-001    +2.9368749999999999e-001    +2.2634843474100001e-003
1882     +4.7637951094096498e-001    +2.9368749999999999e-001    +2.9676322947760000e-003
1883     +4.6846598592946198e-001    +2.9368749999999999e-001    +3.6472578314599999e-003
1884     +4.6054934782815299e-001    +2.9368749999999999e-001    +4.3023412544919998e-003
1885     +4.5262971065172303e-001    +2.9368749999999999e-001    +4.9328635649290003e-003
1886     +4.4470718855969099e-001    +2.9368749999999999e-001    +5.5388064692289997e-003
1887     +4.3678189585096000e-001    +2.9368749999999999e-001    +6.1201523805759998e-003
1888     +4.2885394695835499e-001    +2.9368749999999999e-001    +6.6768844201560004e-003
1889     +4.2092345644314499e-001    +2.9368749999999999e-001    +7.2089864183740001e-003
1890     +4.1299053898955101e-001    +2.9368749999999999e-001    +7.7164429160319998e-003
1891     +4.0505530939924400e-001    +2.9368749999999999e-001    +8.1992391654479996e-003
1892     +3.9711788258583303e-001    +2.9368749999999999e-001    +8.6573611315249998e-003
1893     +3.8917837356933299e-001    +2.9368749999999999e-001    +9.0907954927689997e-003
1894     +3.8123689747063200e-001    +2.9368749999999999e-001    +9.4995296422609992e-003
1895     +3.7329356950594400e-001    +2.9368749999999999e-001    +9.8835516885669994e-003
1896     +3.6534850498124999e-001    +2.9368749999999999e-001    +1.0242850456607999e-002
1897     +3.5740181928673198e-001    +2.9368749999999999e-001    +1.0577415488465001e-002
1898     +3.4945362789119999e-001    +2.9368749999999999e-001    +1.0887237044146000e-002
1899     +3.4150404633650799e-001    +2.9368749999999999e-001    +1.1172306102293000e-002
1900     +3.3355319023196300e-001    +2.9368749999999999e-001    +1.1432614360836001e-002
1901     +3.2560117524873200e-001    +2.9368749999999999e-001    +1.1668154237599000e-002
1902     +3.1764811711423202e-001    +2.9368749999999999e-001    +1.1878918870850999e-002
1903     +3.0969413160652898e-001    +2.9368749999999999e-001    +1.2064902119806001e-002
1904     +3.0173933454871599e-001    +2.9368749999999999e-001    +1.2226098565073000e-002
1905     +2.9378384180330003e-001    +2.9368749999999999e-001    +1.2362503509044000e-002
1906     +2.8582776926657799e-001    +2.9368749999999999e-001    +1.2474112976243000e-002
1907     +2.7787123286300602e-001    +2.9368749999999999e-001    +1.2560923713611999e-002
1908     +2.6991434853957902e-001    +2.9368749999999999e-001    +1.2622933190750000e-002
1909     +2.6195723226018902e-001    +2.9368749999999999e-001    +1.2660139600094000e-002
1910     +2.5400000000000000e-001    +2.9368749999999999e-001    +1.2672541857055001e-002
1911     +2.4604276773981201e-001    +2.9368749999999999e-001    +1.2660139600094000e-002
1912     +2.3808565146042199e-001    +2.9368749999999999e-001    +1.2622933190750000e-002
1913     +2.3012876713699401e-001    +2.9368749999999999e-001    +1.2560923713611999e-002
1914     +2.2217223073342199e-001    +2.9368749999999999e-001    +1.2474112976243000e-002
1915     +2.1421615819670001e-001    +2.9368749999999999e-001    +1.2362503509044000e-002
1916     +2.0626066545128399e-001    +2.9368749999999999e-001    +1.2226098565073000e-002
1917     +1.9830586839347100e-001    +2.9368749999999999e-001    +1.2064902119806001e-002
1918     +1.9035188288576799e-001    +2.9368749999999999e-001    +1.1878918870850999e-002
1919     +1.8239882475126801e-001    +2.9368749999999999e-001    +1.1668154237599000e-002
1920     +1.7444680976803700e-001    +2.9368749999999999e-001    +1.1432614360836001e-002
1921     +1.6649595366349201e-001    +2.9368749999999999e-001    +1.1172306102293000e-002
1922     +1.5854637210879999e-001    +2.9368749999999999e-001    +1.0887237044146000e-002
1923     +1.5059818071326800e-001    +2.9368749999999999e-001    +1.0577415488465001e-002
1924     +1.4265149501874999e-001    +2.9368749999999999e-001    +1.0242850456607999e-002
1925     +1.3470643049405601e-001    +2.9368749999999999e-001    +9.8835516885669994e-003
1926     +1.2676310252936801e-001    +2.9368749999999999e-001    +9.4995296422609992e-003
1927     +1.1882162643066700e-001    +2.9368749999999999e-001    +9.0907954927689997e-003
1928     +1.1088211741416699e-001    +2.9368749999999999e-001    +8.6573611315249998e-003
1929     +1.0294469060075601e-001    +2.9368749999999999e-001    +8.1992391654479996e-003
1930     +9.5009461010449006e-002    +2.9368749999999999e-001    +7.7164429160319998e-003
1931     +8.7076543556854999e-002    +2.9368749999999999e-001    +7.2089864183740001e-003
1932     +7.9146053041645001e-002    +2.9368749999999999e-001    +6.6768844201560004e-003
1933     +7.1218104149040007e-002    +2.9368749999999999e-001    +6.1201523805759998e-003
1934     +6.3292811440309002e-002    +2.9368749999999999e-001    +5.5388064692289997e-003
1935     +5.5370289348277001e-002    +2.9368749999999999e-001    +4.9328635649290003e-003
1936     +4.7450652171846998e-002    +2.9368749999999999e-001    +4.3023412544919998e-003
1937     +3.9534014070538998e-002    +2.9368749999999999e-001    +3.6472578314599999e-003
1938     +3.1620489059035001e-002    +2.9368749999999999e-001    +2.9676322947760000e-003
1939     +2.3710191001750001e-002    +2.9368749999999999e-001    +2.2634843474100001e-003
1940     +1.5803233607407999e-002    +2.9368749999999999e-001    +1.5348343949370001e-003
1941     +7.8997304236389995e-003    +2.9368749999999999e-001    +7.8170354405900002e-004
1942     +2.6328386728220001e-003    +2.9368749999999999e-001    +2.6328386728299998e-004
1943     -0.0000000000000000e+000    +2.9368749999999999e-001    +0.0000000000000000e+000
1944     +5.0800000000000001e-001    +2.8575000000000000e-001    +0.0000000000000000e+000
1945     +5.0536716132717896e-001    +2.8575000000000000e-001    +2.6328386728299998e-004
1946     +5.0010026957636200e-001    +2.8575000000000000e-001    +7.8170354405900002e-004
1947     +4.9219676639259302e-001    +2.8575000000000000e-001    +1.5348343949370001e-003
1948     +4.8428980899825003e-001    +2.8575000000000000e-001    +2.2634843474100001e-003
1949     +4.7637951094096498e-001    +2.8575000000000000e-001    +2.9676322947760000e-003
1950     +4.6846598592946198e-001    +2.8575000000000000e-001    +3.6472578314599999e-003
1951     +4.6054934782815299e-001    +2.8575000000000000e-001    +4.3023412544919998e-003
1952     +4.5262971065172303e-001    +2.8575000000000000e-001    +4.9328635649290003e-003
1953     +4.4470718855969099e-001    +2.8575000000000000e-001    +5.5388064692289997e-003
1954     +4.3678189585096000e-001    +2.8575000000000000e-001    +6.1201523805759998e-003
1955     +4.2885394695835499e-001    +2.8575000000000000e-001    +6.6768844201560004e-003
1956     +4.2092345644314499e-001    +2.8575000000000000e-001    +7.2089864183740001e-003
1957     +4.1299053898955101e-001    +2.8575000000000000e-001    +7.7164429160319998e-003
1958     +4.0505530939924400e-001    +2.8575000000000000e-001    +8.1992391654479996e-003
1959     +3.9711788258583303e-001    +2.8575000000000000e-001    +8.6573611315249998e-003
1960     +3.8917837356933299e-001    +2.8575000000000000e-001    +9.0907954927689997e-003
1961     +3.8123689747063200e-001    +2.8575000000000000e-001    +9.4995296422609992e-003
1962     +3.7329356950594400e-001    +2.8575000000000000e-001    +9.8835516885669994e-003
1963     +3.6534850498124999e-001    +2.8575000000000000e-001    +1.0242850456607999e-002
1964     +3.5740181928673198e-001    +2.8575000000000000e-001    +1.0577415488465001e-002
1965     +3.4945362789119999e-001    +2.8575000000000000e-001    +1.0887237044146000e-002
1966     +3.4150404633650799e-001    +2.8575000000000000e-001    +1.1172306102293000e-002
1967     +3.3355319023196300e-001    +2.8575000000000000e-001    +1.1432614360836001e-002
1968     +3.2560117524873200e-001    +2.8575000000000000e-001    +1.1668154237599000e-002
1969     +3.1764811711423202e-001    +2.8575000000000000e-001    +1.1878918870850999e-002
1970     +3.0969413160652898e-001    +2.8575000000000000e-001    +1.2064902119806001e-002
1971     +3.0173933454871599e-001    +2.8575000000000000e-001    +1.2226098565073000e-002
1972     +2.9378384180330003e-001    +2.8575000000000000e-001    +1.2362503509044000e-002
1973     +2.8582776926657799e-001    +2.8575000000000000e-001    +1.2474112976243000e-002
1974     +2.7787123286300602e-001    +2.8575000000000000e-001    +1.2560923713611999e-002
1975     +2.6991434853957902e-001    +2.8575000000000000e-001    +1.2622933190750000e-002
1976     +2.6195723226018902e-001    +2.8575000000000000e-001    +1.2660139600094000e-002
1977     +2.5400000000000000e-001    +2.8575000000000000e-001    +1.2672541857055001e-002
1978     +2.4604276773981201e-001    +2.8575000000000000e-001    +1.2660139600094000e-002
1979     +2.3808565146042199e-001    +2.8575000000000000e-001    +1.2622933190750000e-002
1980     +2.3012876713699401e-001    +2.8575000000000000e-001    +1.2560923713611999e-002
1981     +2.2217223073342199e-001    +2.8575000000000000e-001    +1.2474112976243000e-002
1982     +2.1421615819670001e-001    +2.8575000000000000e-001    +1.2362503509044000e-002
1983     +2.0626066545128399e-001    +2.8575000000000000e-001    +1.2226098565073000e-002
1984     +1.9830586839347100e-001    +2.8575000000000000e-001    +1.2064902119806001e-002
1985     +1.9035188288576799e-001    +2.8575000000000000e-001    +1.1878918870850999e-002
1986     +1.8239882475126801e-001    +2.8575000000000000e-001    +1.1668154237599000e-002
1987     +1.7444680976803700e-001    +2.8575000000000000e-001    +1.1432614360836001e-002
1988     +1.6649595366349201e-001    +2.8575000000000000e-001    +1.1172306102293000e-002
1989     +1.5854637210879999e-001    +2.8575000000000000e-001    +1.0887237044146000e-002
1990     +1.5059818071326800e-001    +2.8575000000000000e-001    +1.0577415488465001e-002
1991     +1.4265149501874999e-001    +2.8575000000000000e-001    +1.0242850456607999e-002
1992     +1.3470643049405601e-001    +2.8575000000000000e-001    +9.8835516885669994e-003
1993     +1.2676310252936801e-001    +2.8575000000000000e-001    +9.4995296422609992e-003
1994     +1.1882162643066700e-001    +2.8575000000000000e-001    +9.0907954927689997e-003
1995     +1.1088211741416699e-001    +2.8575000000000000e-001    +8.6573611315249998e-003
1996     +1.0294469060075601e-001    +2.8575000000000000e-001    +8.1992391654479996e-003
1997     +9.5009461010449006e-002    +2.8575000000000000e-001    +7.7164429160319998e-003
1998     +8.7076543556854999e-002    +2.8575000000000000e-001    +7.2089864183740001e-003
1999     +7.9146053041645001e-002    +2.8575000000000000e-001    +6.6768844201560004e-003
2000     +7.1218104149040007e-002    +2.8575000000000000e-001    +6.1201523805759998e-003
2001     +6.3292811440309002e-002    +2.8575000000000000e-001    +5.5388064692289997e-003
2002     +5.5370289348277001e-002    +2.8575000000000000e-001    +4.9328635649290003e-003
2003     +4.7450652171846998e-002    +2.8575000000000000e-001    +4.3023412544919998e-003
2004     +3.9534014070538998e-002    +2.8575000000000000e-001    +3.6472578314599999e-003
2005     +3.1620489059035001e-002    +2.8575000000000000e-001    +2.9676322947760000e-003
2006     +2.3710191001750001e-002    +2.8575000000000000e-001    +2.2634843474100001e-003
2007     +1.5803233607407999e-002    +2.8575000000000000e-001    +1.5348343949370001e-003
2008     +7.8997304236389995e-003    +2.8575000000000000e-001    +7.8170354405900002e-004
2009     +2.6328386728220001e-003    +2.8575000000000000e-001    +2.6328386728299998e-004
2010     -0.0000000000000000e+000    +2.8575000000000000e-001    +0.0000000000000000e+000
2011     +5.0800000000000001e-001    +2.7781250000000002e-001    +0.0000000000000000e+000
2012     +5.0536716132717896e-001    +2.7781250000000002e-001    +2.6328386728200002e-004
2013     +5.0010026957636200e-001    +2.7781250000000002e-001    +7.8170354405900002e-004
2014     +4.9219676639259302e-001    +2.7781250000000002e-001    +1.5348343949370001e-003
2015     +4.8428980899825003e-001    +2.7781250000000002e-001    +2.2634843474100001e-003
2016     +4.7637951094096498e-001    +2.7781250000000002e-001    +2.9676322947760000e-003
2017     +4.6846598592946198e-001    +2.7781250000000002e-001    +3.6472578314599999e-003
2018     +4.6054934782815299e-001    +2.7781250000000002e-001    +4.3023412544919998e-003
2019     +4.5262971065172303e-001    +2.7781250000000002e-001    +4.9328635649290003e-003
2020     +4.4470718855969099e-001    +2.7781250000000002e-001    +5.5388064692289997e-003
2021     +4.3678189585096000e-001    +2.7781250000000002e-001    +6.1201523805759998e-003
2022     +4.2885394695835499e-001    +2.7781250000000002e-001    +6.6768844201560004e-003
2023     +4.2092345644314499e-001    +2.7781250000000002e-001    +7.2089864183740001e-003
2024     +4.1299053898955101e-001    +2.7781250000000002e-001    +7.7164429160319998e-003
2025     +4.0505530939924400e-001    +2.7781250000000002e-001    +8.1992391654479996e-003
2026     +3.9711788258583303e-001    +2.7781250000000002e-001    +8.6573611315249998e-003
2027     +3.8917837356933299e-001    +2.7781250000000002e-001    +9.0907954927689997e-003
2028     +3.8123689747063200e-001    +2.7781250000000002e-001    +9.4995296422609992e-003
2029     +3.7329356950594400e-001    +2.7781250000000002e-001    +9.8835516885669994e-003
2030     +3.6534850498124999e-001    +2.7781250000000002e-001    +1.0242850456607999e-002
2031     +3.5740181928673198e-001    +2.7781250000000002e-001    +1.0577415488465001e-002
2032     +3.4945362789119999e-001    +2.7781250000000002e-001    +1.0887237044146000e-002
2033     +3.4150404633650799e-001    +2.7781250000000002e-001    +1.1172306102293000e-002
2034     +3.3355319023196300e-001    +2.7781250000000002e-001    +1.1432614360836001e-002
2035     +3.2560117524873200e-001    +2.7781250000000002e-001    +1.1668154237599000e-002
2036     +3.1764811711423202e-001    +2.7781250000000002e-001    +1.1878918870850999e-002
2037     +3.0969413160652898e-001    +2.7781250000000002e-001    +1.2064902119806001e-002
2038     +3.0173933454871599e-001    +2.7781250000000002e-001    +1.2226098565073000e-002
2039     +2.9378384180330003e-001    +2.7781250000000002e-001    +1.2362503509044000e-002
2040     +2.8582776926657799e-001    +2.7781250000000002e-001    +1.2474112976243000e-002
2041     +2.7787123286300602e-001    +2.7781250000000002e-001    +1.2560923713611999e-002
2042     +2.6991434853957902e-001    +2.7781250000000002e-001    +1.2622933190750000e-002
2043     +2.6195723226018902e-001    +2.7781250000000002e-001    +1.2660139600094000e-002
2044     +2.5400000000000000e-001    +2.7781250000000002e-001    +1.2672541857055001e-002
2045     +2.4604276773981201e-001    +2.7781250000000002e-001    +1.2660139600094000e-002
2046     +2.3808565146042199e-001    +2.7781250000000002e-001    +1.2622933190750000e-002
2047     +2.3012876713699401e-001    +2.7781250000000002e-001    +1.2560923713611999e-002
2048     +2.2217223073342199e-001    +2.7781250000000002e-001    +1.2474112976243000e-002
2049     +2.1421615819670001e-001    +2.7781250000000002e-001    +1.2362503509044000e-002
2050     +2.0626066545128399e-001    +2.7781250000000002e-001    +1.2226098565073000e-002
2051     +1.9830586839347100e-001    +2.7781250000000002e-001    +1.2064902119806001e-002
2052     +1.9035188288576799e-001    +2.7781250000000002e-001    +1.1878918870850999e-002
2053     +1.8239882475126801e-001    +2.7781250000000002e-001    +1.1668154237599000e-002
2054     +1.7444680976803700e-001    +2.7781250000000002e-001    +1.1432614360836001e-002
2055     +1.6649595366349201e-001    +2.7781250000000002e-001    +1.1172306102293000e-002
2056     +1.5854637210879999e-001    +2.7781250000000002e-001    +1.0887237044146000e-002
2057     +1.5059818071326800e-001    +2.7781250000000002e-001    +1.0577415488465001e-002
2058     +1.4265149501874999e-001    +2.7781250000000002e-001    +1.0242850456607999e-002
2059     +1.3470643049405601e-001    +2.7781250000000002e-001    +9.8835516885669994e-003
2060     +1.2676310252936801e-001    +2.7781250000000002e-001    +9.4995296422609992e-003
2061     +1.1882162643066700e-001    +2.7781250000000002e-001    +9.0907954927689997e-003
2062     +1.1088211741416699e-001    +2.7781250000000002e-001    +8.6573611315249998e-003
2063     +1.0294469060075601e-001    +2.7781250000000002e-001    +8.1992391654479996e-003
2064     +9.5009461010449006e-002    +2.7781250000000002e-001    +7.7164429160319998e-003
2065     +8.7076543556854999e-002    +2.7781250000000002e-001    +7.2089864183740001e-003
2066     +7.9146053041645001e-002    +2.7781250000000002e-001    +6.6768844201560004e-003
2067     +7.1218104149040007e-002    +2.7781250000000002e-001    +6.1201523805759998e-003
2068     +6.3292811440309002e-002    +2.7781250000000002e-001    +5.5388064692289997e-003
2069     +5.5370289348277001e-002    +2.7781250000000002e-001    +4.9328635649290003e-003
2070     +4.7450652171846998e-002    +2.7781250000000002e-001    +4.3023412544919998e-003
2071     +3.9534014070538998e-002    +2.7781250000000002e-001    +3.6472578314599999e-003
2072     +3.1620489059035001e-002    +2.7781250000000002e-001    +2.9676322947760000e-003
2073     +2.3710191001750001e-002    +2.7781250000000002e-001    +2.2634843474100001e-003
2074     +1.5803233607407999e-002    +2.7781250000000002e-001    +1.5348343949370001e-003
2075     +7.8997304236389995e-003    +2.7781250000000002e-001    +7.8170354405900002e-004
2076     +2.6328386728220001e-003    +2.7781250000000002e-001    +2.6328386728299998e-004
2077     -0.0000000000000000e+000    +2.7781250000000002e-001    +0.0000000000000000e+000
2078     +5.0800000000000001e-001    +2.6987499999999998e-001    +0.0000000000000000e+000
2079     +5.0536716132717896e-001    +2.6987499999999998e-001    +2.6328386728200002e-004
2080     +5.0010026957636100e-001    +2.6987499999999998e-001    +7.8170354405900002e-004
2081     +4.9219676639259302e-001    +2.6987499999999998e-001    +1.5348343949370001e-003
2082     +4.8428980899825103e-001    +2.6987499999999998e-001    +2.2634843474100001e-003
2083     +4.7637951094096498e-001    +2.6987499999999998e-001    +2.9676322947760000e-003
2084     +4.6846598592946198e-001    +2.6987499999999998e-001    +3.6472578314599999e-003
2085     +4.6054934782815299e-001    +2.6987499999999998e-001    +4.3023412544919998e-003
2086     +4.5262971065172303e-001    +2.6987499999999998e-001    +4.9328635649290003e-003
2087     +4.4470718855969099e-001    +2.6987499999999998e-001    +5.5388064692289997e-003
2088     +4.3678189585096000e-001    +2.6987499999999998e-001    +6.1201523805759998e-003
2089     +4.2885394695835499e-001    +2.6987499999999998e-001    +6.6768844201560004e-003
2090     +4.2092345644314499e-001    +2.6987499999999998e-001    +7.2089864183740001e-003
2091     +4.1299053898955101e-001    +2.6987499999999998e-001    +7.7164429160319998e-003
2092     +4.0505530939924400e-001    +2.6987499999999998e-001    +8.1992391654479996e-003
2093     +3.9711788258583303e-001    +2.6987499999999998e-001    +8.6573611315249998e-003
2094     +3.8917837356933299e-001    +2.6987499999999998e-001    +9.0907954927689997e-003
2095     +3.8123689747063200e-001    +2.6987499999999998e-001    +9.4995296422609992e-003
2096     +3.7329356950594400e-001    +2.6987499999999998e-001    +9.8835516885669994e-003
2097     +3.6534850498124999e-001    +2.6987499999999998e-001    +1.0242850456607999e-002
2098     +3.5740181928673198e-001    +2.6987499999999998e-001    +1.0577415488465001e-002
2099     +3.4945362789119999e-001    +2.6987499999999998e-001    +1.0887237044146000e-002
2100     +3.4150404633650799e-001    +2.6987499999999998e-001    +1.1172306102293000e-002
2101     +3.3355319023196300e-001    +2.6987499999999998e-001    +1.1432614360836001e-002
2102     +3.2560117524873200e-001    +2.6987499999999998e-001    +1.1668154237599000e-002
2103     +3.1764811711423202e-001    +2.6987499999999998e-001    +1.1878918870850999e-002
2104     +3.0969413160652898e-001    +2.6987499999999998e-001    +1.2064902119806001e-002
2105     +3.0173933454871599e-001    +2.6987499999999998e-001    +1.2226098565073000e-002
2106     +2.9378384180330003e-001    +2.6987499999999998e-001    +1.2362503509044000e-002
2107     +2.8582776926657799e-001    +2.6987499999999998e-001    +1.2474112976243000e-002
2108     +2.7787123286300602e-001    +2.6987499999999998e-001    +1.2560923713611999e-002
2109     +2.6991434853957902e-001    +2.6987499999999998e-001    +1.2622933190750000e-002
2110     +2.6195723226018902e-001    +2.6987499999999998e-001    +1.2660139600094000e-002
2111     +2.5400000000000000e-001    +2.6987499999999998e-001    +1.2672541857055001e-002
2112     +2.4604276773981201e-001    +2.6987499999999998e-001    +1.2660139600094000e-002
2113     +2.3808565146042199e-001    +2.6987499999999998e-001    +1.2622933190750000e-002
2114     +2.3012876713699401e-001    +2.6987499999999998e-001    +1.2560923713611999e-002
2115     +2.2217223073342199e-001    +2.6987499999999998e-001    +1.2474112976243000e-002
2116     +2.1421615819670001e-001    +2.6987499999999998e-001    +1.2362503509044000e-002
2117     +2.0626066545128399e-001    +2.6987499999999998e-001    +1.2226098565073000e-002
2118     +1.9830586839347100e-001    +2.6987499999999998e-001    +1.2064902119806001e-002
2119     +1.9035188288576799e-001    +2.6987499999999998e-001    +1.1878918870850999e-002
2120     +1.8239882475126801e-001    +2.6987499999999998e-001    +1.1668154237599000e-002
2121     +1.7444680976803700e-001    +2.6987499999999998e-001    +1.1432614360836001e-002
2122     +1.6649595366349201e-001    +2.6987499999999998e-001    +1.1172306102293000e-002
2123     +1.5854637210879999e-001    +2.6987499999999998e-001    +1.0887237044146000e-002
2124     +1.5059818071326800e-001    +2.6987499999999998e-001    +1.0577415488465001e-002
2125     +1.4265149501874999e-001    +2.6987499999999998e-001    +1.0242850456607999e-002
2126     +1.3470643049405601e-001    +2.6987499999999998e-001    +9.8835516885669994e-003
2127     +1.2676310252936801e-001    +2.6987499999999998e-001    +9.4995296422609992e-003
2128     +1.1882162643066700e-001    +2.6987499999999998e-001    +9.0907954927689997e-003
2129     +1.1088211741416699e-001    +2.6987499999999998e-001    +8.6573611315249998e-003
2130     +1.0294469060075601e-001    +2.6987499999999998e-001    +8.1992391654479996e-003
2131     +9.5009461010449006e-002    +2.6987499999999998e-001    +7.7164429160319998e-003
2132     +8.7076543556854999e-002    +2.6987499999999998e-001    +7.2089864183740001e-003
2133     +7.9146053041645001e-002    +2.6987499999999998e-001    +6.6768844201560004e-003
2134     +7.1218104149040007e-002    +2.6987499999999998e-001    +6.1201523805759998e-003
2135     +6.3292811440309002e-002    +2.6987499999999998e-001    +5.5388064692289997e-003
2136     +5.5370289348277001e-002    +2.6987499999999998e-001    +4.9328635649290003e-003
2137     +4.7450652171846998e-002    +2.6987499999999998e-001    +4.3023412544919998e-003
2138     +3.9534014070538998e-002    +2.6987499999999998e-001    +3.6472578314599999e-003
2139     +3.1620489059035001e-002    +2.6987499999999998e-001    +2.9676322947760000e-003
2140     +2.3710191001750001e-002    +2.6987499999999998e-001    +2.2634843474100001e-003
2141     +1.5803233607407999e-002    +2.6987499999999998e-001    +1.5348343949370001e-003
2142     +7.8997304236389995e-003    +2.6987499999999998e-001    +7.8170354405900002e-004
2143     +2.6328386728220001e-003    +2.6987499999999998e-001    +2.6328386728299998e-004
2144     -0.0000000000000000e+000    +2.6987499999999998e-001    +0.0000000000000000e+000
2145     +5.0800000000000001e-001    +2.6193749999999999e-001    +0.0000000000000000e+000
2146     +5.0536716132717896e-001    +2.6193749999999999e-001    +2.6328386728200002e-004
2147     +5.0010026957636100e-001    +2.6193749999999999e-001    +7.8170354405900002e-004
2148     +4.9219676639259302e-001    +2.6193749999999999e-001    +1.5348343949370001e-003
2149     +4.8428980899825003e-001    +2.6193749999999999e-001    +2.2634843474100001e-003
2150     +4.7637951094096498e-001    +2.6193749999999999e-001    +2.9676322947760000e-003
2151     +4.6846598592946198e-001    +2.6193749999999999e-001    +3.6472578314599999e-003
2152     +4.6054934782815299e-001    +2.6193749999999999e-001    +4.3023412544919998e-003
2153     +4.5262971065172303e-001    +2.6193749999999999e-001    +4.9328635649290003e-003
2154     +4.4470718855969099e-001    +2.6193749999999999e-001    +5.5388064692289997e-003
2155     +4.3678189585096000e-001    +2.6193749999999999e-001    +6.1201523805759998e-003
2156     +4.2885394695835499e-001    +2.6193749999999999e-001    +6.6768844201560004e-003
2157     +4.2092345644314499e-001    +2.6193749999999999e-001    +7.2089864183740001e-003
2158     +4.1299053898955101e-001    +2.6193749999999999e-001    +7.7164429160319998e-003
2159     +4.0505530939924400e-001    +2.6193749999999999e-001    +8.1992391654479996e-003
2160     +3.9711788258583303e-001    +2.6193749999999999e-001    +8.6573611315249998e-003
2161     +3.8917837356933299e-001    +2.6193749999999999e-001    +9.0907954927689997e-003
2162     +3.8123689747063200e-001    +2.6193749999999999e-001    +9.4995296422609992e-003
2163     +3.7329356950594400e-001    +2.6193749999999999e-001    +9.8835516885669994e-003
2164     +3.6534850498124999e-001    +2.6193749999999999e-001    +1.0242850456607999e-002
2165     +3.5740181928673198e-001    +2.6193749999999999e-001    +1.0577415488465001e-002
2166     +3.4945362789119999e-001    +2.6193749999999999e-001    +1.0887237044146000e-002
2167     +3.4150404633650799e-001    +2.6193749999999999e-001    +1.1172306102293000e-002
2168     +3.3355319023196300e-001    +2.6193749999999999e-001    +1.1432614360836001e-002
2169     +3.2560117524873200e-001    +2.6193749999999999e-001    +1.1668154237599000e-002
2170     +3.1764811711423202e-001    +2.6193749999999999e-001    +1.1878918870850999e-002
2171     +3.0969413160652898e-001    +2.6193749999999999e-001    +1.2064902119806001e-002
2172     +3.0173933454871599e-001    +2.6193749999999999e-001    +1.2226098565073000e-002
2173     +2.9378384180330003e-001    +2.6193749999999999e-001    +1.2362503509044000e-002
2174     +2.8582776926657799e-001    +2.6193749999999999e-001    +1.2474112976243000e-002
2175     +2.7787123286300602e-001    +2.6193749999999999e-001    +1.2560923713611999e-002
2176     +2.6991434853957902e-001    +2.6193749999999999e-001    +1.2622933190750000e-002
2177     +2.6195723226018902e-001    +2.6193749999999999e-001    +1.2660139600094000e-002
2178     +2.5400000000000000e-001    +2.6193749999999999e-001    +1.2672541857055001e-002
2179     +2.4604276773981201e-001    +2.6193749999999999e-001    +1.2660139600094000e-002
2180     +2.3808565146042199e-001    +2.6193749999999999e-001    +1.2622933190750000e-002
2181     +2.3012876713699401e-001    +2.6193749999999999e-001    +1.2560923713611999e-002
2182     +2.2217223073342199e-001    +2.6193749999999999e-001    +1.2474112976243000e-002
2183     +2.1421615819670001e-001    +2.6193749999999999e-001    +1.2362503509044000e-002
2184     +2.0626066545128399e-001    +2.6193749999999999e-001    +1.2226098565073000e-002
2185     +1.9830586839347100e-001    +2.6193749999999999e-001    +1.2064902119806001e-002
2186     +1.9035188288576799e-001    +2.6193749999999999e-001    +1.1878918870850999e-002
2187     +1.8239882475126801e-001    +2.6193749999999999e-001    +1.1668154237599000e-002
2188     +1.7444680976803700e-001    +2.6193749999999999e-001    +1.1432614360836001e-002
2189     +1.6649595366349201e-001    +2.6193749999999999e-001    +1.1172306102293000e-002
2190     +1.5854637210879999e-001    +2.6193749999999999e-001    +1.0887237044146000e-002
2191     +1.5059818071326800e-001    +2.6193749999999999e-001    +1.0577415488465001e-002
2192     +1.4265149501874999e-001    +2.6193749999999999e-001    +1.0242850456607999e-002
2193     +1.3470643049405601e-001    +2.6193749999999999e-001    +9.8835516885669994e-003
2194     +1.2676310252936801e-001    +2.6193749999999999e-001    +9.4995296422609992e-003
2195     +1.1882162643066700e-001    +2.6193749999999999e-001    +9.0907954927689997e-003
2196     +1.1088211741416699e-001    +2.6193749999999999e-001    +8.6573611315249998e-003
2197     +1.0294469060075601e-001    +2.6193749999999999e-001    +8.1992391654479996e-003
2198     +9.5009461010449006e-002    +2.6193749999999999e-001    +7.7164429160319998e-003
2199     +8.7076543556854999e-002    +2.6193749999999999e-001    +7.2089864183740001e-003
2200     +7.9146053041645001e-002    +2.6193749999999999e-001    +6.6768844201560004e-003
2201     +7.1218104149040007e-002    +2.6193749999999999e-001    +6.1201523805759998e-003
2202     +6.3292811440309002e-002    +2.6193749999999999e-001    +5.5388064692289997e-003
2203     +5.5370289348277001e-002    +2.6193749999999999e-001    +4.9328635649290003e-003
2204     +4.7450652171846998e-002    +2.6193749999999999e-001    +4.3023412544919998e-003
2205     +3.9534014070538998e-002    +2.6193749999999999e-001    +3.6472578314599999e-003
2206     +3.1620489059035001e-002    +2.6193749999999999e-001    +2.9676322947760000e-003
2207     +2.3710191001750001e-002    +2.6193749999999999e-001    +2.2634843474100001e-003
2208     +1.5803233607407999e-002    +2.6193749999999999e-001    +1.5348343949370001e-003
2209     +7.8997304236389995e-003    +2.6193749999999999e-001    +7.8170354405900002e-004
2210     +2.6328386728220001e-003    +2.6193749999999999e-001    +2.6328386728200002e-004
2211     -0.0000000000000000e+000    +2.6193749999999999e-001    +0.0000000000000000e+000
2212     +5.0800000000000001e-001    +2.5400000000000000e-001    +0.0000000000000000e+000
2213     +5.0536716132717896e-001    +2.5400000000000000e-001    +2.6328386728200002e-004
2214     +5.0010026957636100e-001    +2.5400000000000000e-001    +7.8170354405900002e-004
2215     +4.9219676639259302e-001    +2.5400000000000000e-001    +1.5348343949370001e-003
2216     +4.8428980899825003e-001    +2.5400000000000000e-001    +2.2634843474100001e-003
2217     +4.7637951094096498e-001    +2.5400000000000000e-001    +2.9676322947760000e-003
2218     +4.6846598592946198e-001    +2.5400000000000000e-001    +3.6472578314599999e-003
2219     +4.6054934782815299e-001    +2.5400000000000000e-001    +4.3023412544919998e-003
2220     +4.5262971065172303e-001    +2.5400000000000000e-001    +4.9328635649290003e-003
2221     +4.4470718855969099e-001    +2.5400000000000000e-001    +5.5388064692289997e-003
2222     +4.3678189585096000e-001    +2.5400000000000000e-001    +6.1201523805759998e-003
2223     +4.2885394695835499e-001    +2.5400000000000000e-001    +6.6768844201560004e-003
2224     +4.2092345644314499e-001    +2.5400000000000000e-001    +7.2089864183740001e-003
2225     +4.1299053898955101e-001    +2.5400000000000000e-001    +7.7164429160319998e-003
2226     +4.0505530939924400e-001    +2.5400000000000000e-001    +8.1992391654479996e-003
2227     +3.9711788258583303e-001    +2.5400000000000000e-001    +8.6573611315249998e-003
2228     +3.8917837356933299e-001    +2.5400000000000000e-001    +9.0907954927689997e-003
2229     +3.8123689747063200e-001    +2.5400000000000000e-001    +9.4995296422609992e-003
2230     +3.7329356950594400e-001    +2.5400000000000000e-001    +9.8835516885669994e-003
2231     +3.6534850498124999e-001    +2.5400000000000000e-001    +1.0242850456607999e-002
2232     +3.5740181928673198e-001    +2.5400000000000000e-001    +1.0577415488465001e-002
2233     +3.4945362789119999e-001    +2.5400000000000000e-001    +1.0887237044146000e-002
2234     +3.4150404633650799e-001    +2.5400000000000000e-001    +1.1172306102293000e-002
2235     +3.3355319023196300e-001    +2.5400000000000000e-001    +1.1432614360836001e-002
2236     +3.2560117524873200e-001    +2.5400000000000000e-001    +1.1668154237599000e-002
2237     +3.1764811711423202e-001    +2.5400000000000000e-001    +1.1878918870850999e-002
2238     +3.0969413160652898e-001    +2.5400000000000000e-001    +1.2064902119806001e-002
2239     +3.0173933454871599e-001    +2.5400000000000000e-001    +1.2226098565073000e-002
2240     +2.9378384180330003e-001    +2.5400000000000000e-001    +1.2362503509044000e-002
2241     +2.8582776926657799e-001    +2.5400000000000000e-001    +1.2474112976243000e-002
2242     +2.7787123286300602e-001    +2.5400000000000000e-001    +1.2560923713611999e-002
2243     +2.6991434853957902e-001    +2.5400000000000000e-001    +1.2622933190750000e-002
2244     +2.6195723226018902e-001    +2.5400000000000000e-001    +1.2660139600094000e-002
2245     +2.5400000000000000e-001    +2.5400000000000000e-001    +1.2672541857055001e-002
2246     +2.4604276773981201e-001    +2.5400000000000000e-001    +1.2660139600094000e-002
2247     +2.3808565146042199e-001    +2.5400000000000000e-001    +1.2622933190750000e-002
2248     +2.3012876713699401e-001    +2.5400000000000000e-001    +1.2560923713611999e-002
2249     +2.2217223073342199e-001    +2.5400000000000000e-001    +1.2474112976243000e-002
2250     +2.1421615819670001e-001    +2.5400000000000000e-001    +1.2362503509044000e-002
2251     +2.0626066545128399e-001    +2.5400000000000000e-001    +1.2226098565073000e-002
2252     +1.9830586839347100e-001    +2.5400000000000000e-001    +1.2064902119806001e-002
2253     +1.9035188288576799e-001    +2.5400000000000000e-001    +1.1878918870850999e-002
2254     +1.8239882475126801e-001    +2.5400000000000000e-001    +1.1668154237599000e-002
2255     +1.7444680976803700e-001    +2.5400000000000000e-001    +1.1432614360836001e-002
2256     +1.6649595366349201e-001    +2.5400000000000000e-001    +1.1172306102293000e-002
2257     +1.5854637210879999e-001    +2.5400000000000000e-001    +1.0887237044146000e-002
2258     +1.5059818071326800e-001    +2.5400000000000000e-001    +1.0577415488465001e-002
2259     +1.4265149501874999e-001    +2.5400000000000000e-001    +1.0242850456607999e-002
2260     +1.3470643049405601e-001    +2.5400000000000000e-001    +9.8835516885669994e-003
2261     +1.2676310252936801e-001    +2.5400000000000000e-001    +9.4995296422609992e-003
2262     +1.1882162643066700e-001    +2.5400000000000000e-001    +9.0907954927689997e-003
2263     +1.1088211741416699e-001    +2.5400000000000000e-001    +8.6573611315249998e-003
2264     +1.0294469060075601e-001    +2.5400000000000000e-001    +8.1992391654479996e-003
2265     +9.5009461010449006e-002    +2.5400000000000000e-001    +7.7164429160319998e-003
2266     +8.7076543556854999e-002    +2.5400000000000000e-001    +7.2089864183740001e-003
2267     +7.9146053041645001e-002    +2.5400000000000000e-001    +6.6768844201560004e-003
2268     +7.1218104149040007e-002    +2.5400000000000000e-001    +6.1201523805759998e-003
2269     +6.3292811440309002e-002    +2.5400000000000000e-001    +5.5388064692289997e-003
2270     +5.5370289348277001e-002    +2.5400000000000000e-001    +4.9328635649290003e-003
2271     +4.7450652171846998e-002    +2.5400000000000000e-001    +4.3023412544919998e-003
2272     +3.9534014070538998e-002    +2.5400000000000000e-001    +3.6472578314599999e-003
2273     +3.1620489059035001e-002    +2.5400000000000000e-001    +2.9676322947760000e-003
2274     +2.3710191001750001e-002    +2.5400000000000000e-001    +2.2634843474100001e-003
2275     +1.5803233607407999e-002    +2.5400000000000000e-001    +1.5348343949370001e-003
2276     +7.8997304236389995e-003    +2.5400000000000000e-001    +7.8170354405900002e-004
2277     +2.6328386728220001e-003    +2.5400000000000000e-001    +2.6328386728200002e-004
2278     -0.0000000000000000e+000    +2.5400000000000000e-001    +0.0000000000000000e+000
2279     +5.0800000000000001e-001    +2.4606249999999999e-001    +0.0000000000000000e+000
2280     +5.0536716132717896e-001    +2.4606249999999999e-001    +2.6328386728200002e-004
2281     +5.0010026957636100e-001    +2.4606249999999999e-001    +7.8170354405900002e-004
2282     +4.9219676639259302e-001    +2.4606249999999999e-001    +1.5348343949370001e-003
2283     +4.8428980899825003e-001    +2.4606249999999999e-001    +2.2634843474100001e-003
2284     +4.7637951094096498e-001    +2.4606249999999999e-001    +2.9676322947760000e-003
2285     +4.6846598592946198e-001    +2.4606249999999999e-001    +3.6472578314599999e-003
2286     +4.6054934782815299e-001    +2.4606249999999999e-001    +4.3023412544919998e-003
2287     +4.5262971065172303e-001    +2.4606249999999999e-001    +4.9328635649290003e-003
2288     +4.4470718855969099e-001    +2.4606249999999999e-001    +5.5388064692289997e-003
2289     +4.3678189585096000e-001    +2.4606249999999999e-001    +6.1201523805759998e-003
2290     +4.2885394695835499e-001    +2.4606249999999999e-001    +6.6768844201560004e-003
2291     +4.2092345644314499e-001    +2.4606249999999999e-001    +7.2089864183740001e-003
2292     +4.1299053898955101e-001    +2.4606249999999999e-001    +7.7164429160319998e-003
2293     +4.0505530939924400e-001    +2.4606249999999999e-001    +8.1992391654479996e-003
2294     +3.9711788258583303e-001    +2.4606249999999999e-001    +8.6573611315249998e-003
2295     +3.8917837356933299e-001    +2.4606249999999999e-001    +9.0907954927689997e-003
2296     +3.8123689747063200e-001    +2.4606249999999999e-001    +9.4995296422609992e-003
2297     +3.7329356950594400e-001    +2.4606249999999999e-001    +9.8835516885669994e-003
2298     +3.6534850498124999e-001    +2.4606249999999999e-001    +1.0242850456607999e-002
2299     +3.5740181928673198e-001    +2.4606249999999999e-001    +1.0577415488465001e-002
2300     +3.4945362789119999e-001    +2.4606249999999999e-001    +1.0887237044146000e-002
2301     +3.4150404633650799e-001    +2.4606249999999999e-001    +1.1172306102293000e-002
2302     +3.3355319023196300e-001    +2.4606249999999999e-001    +1.1432614360836001e-002
2303     +3.2560117524873200e-001    +2.4606249999999999e-001    +1.1668154237599000e-002
2304     +3.1764811711423202e-001    +2.4606249999999999e-001    +1.1878918870850999e-002
2305     +3.0969413160652898e-001    +2.4606249999999999e-001    +1.2064902119806001e-002
2306     +3.0173933454871599e-001    +2.4606249999999999e-001    +1.2226098565073000e-002
2307     +2.9378384180330003e-001    +2.4606249999999999e-001    +1.2362503509044000e-002
2308     +2.8582776926657799e-001    +2.4606249999999999e-001    +1.2474112976243000e-002
2309     +2.7787123286300602e-001    +2.4606249999999999e-001    +1.2560923713611999e-002
2310     +2.6991434853957902e-001    +2.4606249999999999e-001    +1.2622933190750000e-002
2311     +2.6195723226018902e-001    +2.4606249999999999e-001    +1.2660139600094000e-002
2312     +2.5400000000000000e-001    +2.4606249999999999e-001    +1.2672541857055001e-002
2313     +2.4604276773981201e-001    +2.4606249999999999e-001    +1.2660139600094000e-002
2314     +2.3808565146042199e-001    +2.4606249999999999e-001    +1.2622933190750000e-002
2315     +2.3012876713699401e-001    +2.4606249999999999e-001    +1.2560923713611999e-002
2316     +2.2217223073342199e-001    +2.4606249999999999e-001    +1.2474112976243000e-002
2317     +2.1421615819670001e-001    +2.4606249999999999e-001    +1.2362503509044000e-002
2318     +2.0626066545128399e-001    +2.4606249999999999e-001    +1.2226098565073000e-002
2319     +1.9830586839347100e-001    +2.4606249999999999e-001    +1.2064902119806001e-002
2320     +1.9035188288576799e-001    +2.4606249999999999e-001    +1.1878918870850999e-002
2321     +1.8239882475126801e-001    +2.4606249999999999e-001    +1.1668154237599000e-002
2322     +1.7444680976803700e-001    +2.4606249999999999e-001    +1.1432614360836001e-002
2323     +1.6649595366349201e-001    +2.4606249999999999e-001    +1.1172306102293000e-002
2324     +1.5854637210879999e-001    +2.4606249999999999e-001    +1.0887237044146000e-002
2325     +1.5059818071326800e-001    +2.4606249999999999e-001    +1.0577415488465001e-002
2326     +1.4265149501874999e-001    +2.4606249999999999e-001    +1.0242850456607999e-002
2327     +1.3470643049405601e-001    +2.4606249999999999e-001    +9.8835516885669994e-003
2328     +1.2676310252936801e-001    +2.4606249999999999e-001    +9.4995296422609992e-003
2329     +1.1882162643066700e-001    +2.4606249999999999e-001    +9.0907954927689997e-003
2330     +1.1088211741416699e-001    +2.4606249999999999e-001    +8.6573611315249998e-003
2331     +1.0294469060075601e-001    +2.4606249999999999e-001    +8.1992391654479996e-003
2332     +9.5009461010449006e-002    +2.4606249999999999e-001    +7.7164429160319998e-003
2333     +8.7076543556854999e-002    +2.4606249999999999e-001    +7.2089864183740001e-003
2334     +7.9146053041645001e-002    +2.4606249999999999e-001    +6.6768844201560004e-003
2335     +7.1218104149040007e-002    +2.4606249999999999e-001    +6.1201523805759998e-003
2336     +6.3292811440309002e-002    +2.4606249999999999e-001    +5.5388064692289997e-003
2337     +5.5370289348277001e-002    +2.4606249999999999e-001    +4.9328635649290003e-003
2338     +4.7450652171846998e-002    +2.4606249999999999e-001    +4.3023412544919998e-003
2339     +3.9534014070538998e-002    +2.4606249999999999e-001    +3.6472578314599999e-003
2340     +3.1620489059035001e-002    +2.4606249999999999e-001    +2.9676322947760000e-003
2341     +2.3710191001750001e-002    +2.4606249999999999e-001    +2.2634843474100001e-003
2342     +1.5803233607407999e-002    +2.4606249999999999e-001    +1.5348343949370001e-003
2343     +7.8997304236389995e-003    +2.4606249999999999e-001    +7.8170354405900002e-004
2344     +2.6328386728220001e-003    +2.4606249999999999e-001    +2.6328386728200002e-004
2345     -0.0000000000000000e+000    +2.4606249999999999e-001    +0.0000000000000000e+000
2346     +5.0800000000000001e-001    +2.3812500000000000e-001    +0.0000000000000000e+000
2347     +5.0536716132717896e-001    +2.3812500000000000e-001    +2.6328386728200002e-004
2348     +5.0010026957636100e-001    +2.3812500000000000e-001    +7.8170354405900002e-004
2349     +4.9219676639259302e-001    +2.3812500000000000e-001    +1.5348343949370001e-003
2350     +4.8428980899825003e-001    +2.3812500000000000e-001    +2.2634843474100001e-003
2351     +4.7637951094096498e-001    +2.3812500000000000e-001    +2.9676322947760000e-003
2352     +4.6846598592946198e-001    +2.3812500000000000e-001    +3.6472578314599999e-003
2353     +4.6054934782815299e-001    +2.3812500000000000e-001    +4.3023412544919998e-003
2354     +4.5262971065172303e-001    +2.3812500000000000e-001    +4.9328635649290003e-003
2355     +4.4470718855969099e-001    +2.3812500000000000e-001    +5.5388064692289997e-003
2356     +4.3678189585096000e-001    +2.3812500000000000e-001    +6.1201523805759998e-003
2357     +4.2885394695835499e-001    +2.3812500000000000e-001    +6.6768844201560004e-003
2358     +4.2092345644314499e-001    +2.3812500000000000e-001    +7.2089864183740001e-003
2359     +4.1299053898955101e-001    +2.3812500000000000e-001    +7.7164429160319998e-003
2360     +4.0505530939924400e-001    +2.3812500000000000e-001    +8.1992391654479996e-003
2361     +3.9711788258583303e-001    +2.3812500000000000e-001    +8.6573611315249998e-003
2362     +3.8917837356933299e-001    +2.3812500000000000e-001    +9.0907954927689997e-003
2363     +3.8123689747063200e-001    +2.3812500000000000e-001    +9.4995296422609992e-003
2364     +3.7329356950594400e-001    +2.3812500000000000e-001    +9.8835516885669994e-003
2365     +3.6534850498124999e-001    +2.3812500000000000e-001    +1.0242850456607999e-002
2366     +3.5740181928673198e-001    +2.3812500000000000e-001    +1.0577415488465001e-002
2367     +3.4945362789119999e-001    +2.3812500000000000e-001    +1.0887237044146000e-002
2368     +3.4150404633650799e-001    +2.3812500000000000e-001    +1.1172306102293000e-002
2369     +3.3355319023196300e-001    +2.3812500000000000e-001    +1.1432614360836001e-002
2370     +3.2560117524873200e-001    +2.3812500000000000e-001    +1.1668154237599000e-002
2371     +3.1764811711423202e-001    +2.3812500000000000e-001    +1.1878918870850999e-002
2372     +3.0969413160652898e-001    +2.3812500000000000e-001    +1.2064902119806001e-002
2373     +3.0173933454871599e-001    +2.3812500000000000e-001    +1.2226098565073000e-002
2374     +2.9378384180330003e-001    +2.3812500000000000e-001    +1.2362503509044000e-002
2375     +2.8582776926657799e-001    +2.3812500000000000e-001    +1.2474112976243000e-002
2376     +2.7787123286300602e-001    +2.3812500000000000e-001    +1.2560923713611999e-002
2377     +2.6991434853957902e-001    +2.3812500000000000e-001    +1.2622933190750000e-002
2378     +2.6195723226018902e-001    +2.3812500000000000e-001    +1.2660139600094000e-002
2379     +2.5400000000000000e-001    +2.3812500000000000e-001    +1.2672541857055001e-002
2380     +2.4604276773981201e-001    +2.3812500000000000e-001    +1.2660139600094000e-002
2381     +2.3808565146042199e-001    +2.3812500000000000e-001    +1.2622933190750000e-002
2382     +2.3012876713699401e-001    +2.3812500000000000e-001    +1.2560923713611999e-002
2383     +2.2217223073342199e-001    +2.3812500000000000e-001    +1.2474112976243000e-002
2384     +2.1421615819670001e-001    +2.3812500000000000e-001    +1.2362503509044000e-002
2385     +2.0626066545128399e-001    +2.3812500000000000e-001    +1.2226098565072001e-002
2386     +1.9830586839347100e-001    +2.3812500000000000e-001    +1.2064902119806001e-002
2387     +1.9035188288576799e-001    +2.3812500000000000e-001    +1.1878918870850999e-002
2388     +1.8239882475126801e-001    +2.3812500000000000e-001    +1.1668154237599000e-002
2389     +1.7444680976803700e-001    +2.3812500000000000e-001    +1.1432614360836001e-002
2390     +1.6649595366349201e-001    +2.3812500000000000e-001    +1.1172306102293000e-002
2391     +1.5854637210879999e-001    +2.3812500000000000e-001    +1.0887237044146000e-002
2392     +1.5059818071326800e-001    +2.3812500000000000e-001    +1.0577415488465001e-002
2393     +1.4265149501874999e-001    +2.3812500000000000e-001    +1.0242850456607999e-002
2394     +1.3470643049405601e-001    +2.3812500000000000e-001    +9.8835516885669994e-003
2395     +1.2676310252936801e-001    +2.3812500000000000e-001    +9.4995296422609992e-003
2396     +1.1882162643066700e-001    +2.3812500000000000e-001    +9.0907954927689997e-003
2397     +1.1088211741416699e-001    +2.3812500000000000e-001    +8.6573611315249998e-003
2398     +1.0294469060075601e-001    +2.3812500000000000e-001    +8.1992391654479996e-003
2399     +9.5009461010449006e-002    +2.3812500000000000e-001    +7.7164429160319998e-003
2400     +8.7076543556854999e-002    +2.3812500000000000e-001    +7.2089864183740001e-003
2401     +7.9146053041645001e-002    +2.3812500000000000e-001    +6.6768844201560004e-003
2402     +7.1218104149040007e-002    +2.3812500000000000e-001    +6.1201523805759998e-003
2403     +6.3292811440309002e-002    +2.3812500000000000e-001    +5.5388064692289997e-003
2404     +5.5370289348277001e-002    +2.3812500000000000e-001    +4.9328635649290003e-003
2405     +4.7450652171846998e-002    +2.3812500000000000e-001    +4.3023412544919998e-003
2406     +3.9534014070538998e-002    +2.3812500000000000e-001    +3.6472578314599999e-003
2407     +3.1620489059035001e-002    +2.3812500000000000e-001    +2.9676322947760000e-003
2408     +2.3710191001750001e-002    +2.3812500000000000e-001    +2.2634843474100001e-003
2409     +1.5803233607407999e-002    +2.3812500000000000e-001    +1.5348343949370001e-003
2410     +7.8997304236389995e-003    +2.3812500000000000e-001    +7.8170354405900002e-004
2411     +2.6328386728220001e-003    +2.3812500000000000e-001    +2.6328386728200002e-004
2412     -0.0000000000000000e+000    +2.3812500000000000e-001    +0.0000000000000000e+000
2413     +5.0800000000000001e-001    +2.3018749999999999e-001    +0.0000000000000000e+000
2414     +5.0536716132717896e-001    +2.3018749999999999e-001    +2.6328386728200002e-004
2415     +5.0010026957636200e-001    +2.3018749999999999e-001    +7.8170354405900002e-004
2416     +4.9219676639259302e-001    +2.3018749999999999e-001    +1.5348343949370001e-003
2417     +4.8428980899825003e-001    +2.3018749999999999e-001    +2.2634843474100001e-003
2418     +4.7637951094096498e-001    +2.3018749999999999e-001    +2.9676322947760000e-003
2419     +4.6846598592946198e-001    +2.3018749999999999e-001    +3.6472578314599999e-003
2420     +4.6054934782815299e-001    +2.3018749999999999e-001    +4.3023412544919998e-003
2421     +4.5262971065172303e-001    +2.3018749999999999e-001    +4.9328635649290003e-003
2422     +4.4470718855969099e-001    +2.3018749999999999e-001    +5.5388064692289997e-003
2423     +4.3678189585096000e-001    +2.3018749999999999e-001    +6.1201523805759998e-003
2424     +4.2885394695835499e-001    +2.3018749999999999e-001    +6.6768844201560004e-003
2425     +4.2092345644314499e-001    +2.3018749999999999e-001    +7.2089864183740001e-003
2426     +4.1299053898955101e-001    +2.3018749999999999e-001    +7.7164429160319998e-003
2427     +4.0505530939924400e-001    +2.3018749999999999e-001    +8.1992391654479996e-003
2428     +3.9711788258583303e-001    +2.3018749999999999e-001    +8.6573611315249998e-003
2429     +3.8917837356933299e-001    +2.3018749999999999e-001    +9.0907954927689997e-003
2430     +3.8123689747063200e-001    +2.3018749999999999e-001    +9.4995296422609992e-003
2431     +3.7329356950594400e-001    +2.3018749999999999e-001    +9.8835516885669994e-003
2432     +3.6534850498124999e-001    +2.3018749999999999e-001    +1.0242850456607999e-002
2433     +3.5740181928673198e-001    +2.3018749999999999e-001    +1.0577415488465001e-002
2434     +3.4945362789119999e-001    +2.3018749999999999e-001    +1.0887237044146000e-002
2435     +3.4150404633650799e-001    +2.3018749999999999e-001    +1.1172306102293000e-002
2436     +3.3355319023196300e-001    +2.3018749999999999e-001    +1.1432614360836001e-002
2437     +3.2560117524873200e-001    +2.3018749999999999e-001    +1.1668154237599000e-002
2438     +3.1764811711423202e-001    +2.3018749999999999e-001    +1.1878918870850999e-002
2439     +3.0969413160652898e-001    +2.3018749999999999e-001    +1.2064902119806001e-002
2440     +3.0173933454871599e-001    +2.3018749999999999e-001    +1.2226098565072001e-002
2441     +2.9378384180330003e-001    +2.3018749999999999e-001    +1.2362503509044000e-002
2442     +2.8582776926657799e-001    +2.3018749999999999e-001    +1.2474112976243000e-002
2443     +2.7787123286300602e-001    +2.3018749999999999e-001    +1.2560923713611999e-002
2444     +2.6991434853957902e-001    +2.3018749999999999e-001    +1.2622933190750000e-002
2445     +2.6195723226018902e-001    +2.3018749999999999e-001    +1.2660139600094000e-002
2446     +2.5400000000000000e-001    +2.3018749999999999e-001    +1.2672541857055001e-002
2447     +2.4604276773981201e-001    +2.3018749999999999e-001    +1.2660139600094000e-002
2448     +2.3808565146042199e-001    +2.3018749999999999e-001    +1.2622933190750000e-002
2449     +2.3012876713699401e-001    +2.3018749999999999e-001    +1.2560923713611999e-002
2450     +2.2217223073342199e-001    +2.3018749999999999e-001    +1.2474112976243000e-002
2451     +2.1421615819670001e-001    +2.3018749999999999e-001    +1.2362503509044000e-002
2452     +2.0626066545128399e-001    +2.3018749999999999e-001    +1.2226098565072001e-002
2453     +1.9830586839347100e-001    +2.3018749999999999e-001    +1.2064902119806001e-002
2454     +1.9035188288576799e-001    +2.3018749999999999e-001    +1.1878918870850999e-002
2455     +1.8239882475126801e-001    +2.3018749999999999e-001    +1.1668154237599000e-002
2456     +1.7444680976803700e-001    +2.3018749999999999e-001    +1.1432614360836001e-002
2457     +1.6649595366349201e-001    +2.3018749999999999e-001    +1.1172306102293000e-002
2458     +1.5854637210879999e-001    +2.3018749999999999e-001    +1.0887237044146000e-002
2459     +1.5059818071326800e-001    +2.3018749999999999e-001    +1.0577415488465001e-002
2460     +1.4265149501874999e-001    +2.3018749999999999e-001    +1.0242850456607999e-002
2461     +1.3470643049405601e-001    +2.3018749999999999e-001    +9.8835516885669994e-003
2462     +1.2676310252936801e-001    +2.3018749999999999e-001    +9.4995296422609992e-003
2463     +1.1882162643066700e-001    +2.3018749999999999e-001    +9.0907954927689997e-003
2464     +1.1088211741416699e-001    +2.3018749999999999e-001    +8.6573611315249998e-003
2465     +1.0294469060075601e-001    +2.3018749999999999e-001    +8.1992391654479996e-003
2466     +9.5009461010449006e-002    +2.3018749999999999e-001    +7.7164429160319998e-003
2467     +8.7076543556854999e-002    +2.3018749999999999e-001    +7.2089864183740001e-003
2468     +7.9146053041645001e-002    +2.3018749999999999e-001    +6.6768844201560004e-003
2469     +7.1218104149040007e-002    +2.3018749999999999e-001    +6.1201523805759998e-003
2470     +6.3292811440309002e-002    +2.3018749999999999e-001    +5.5388064692289997e-003
2471     +5.5370289348277001e-002    +2.3018749999999999e-001    +4.9328635649290003e-003
2472     +4.7450652171846998e-002    +2.3018749999999999e-001    +4.3023412544919998e-003
2473     +3.9534014070538998e-002    +2.3018749999999999e-001    +3.6472578314599999e-003
2474     +3.1620489059035001e-002    +2.3018749999999999e-001    +2.9676322947760000e-003
2475     +2.3710191001750001e-002    +2.3018749999999999e-001    +2.2634843474100001e-003
2476     +1.5803233607407999e-002    +2.3018749999999999e-001    +1.5348343949370001e-003
2477     +7.8997304236389995e-003    +2.3018749999999999e-001    +7.8170354405900002e-004
2478     +2.6328386728220001e-003    +2.3018749999999999e-001    +2.6328386728200002e-004
2479     -0.0000000000000000e+000    +2.3018749999999999e-001    +0.0000000000000000e+000
2480     +5.0800000000000001e-001    +2.2225000000000000e-001    +0.0000000000000000e+000
2481     +5.0536716132717896e-001    +2.2225000000000000e-001    +2.6328386728200002e-004
2482     +5.0010026957636200e-001    +2.2225000000000000e-001    +7.8170354405900002e-004
2483     +4.9219676639259302e-001    +2.2225000000000000e-001    +1.5348343949370001e-003
2484     +4.8428980899825003e-001    +2.2225000000000000e-001    +2.2634843474100001e-003
2485     +4.7637951094096498e-001    +2.2225000000000000e-001    +2.9676322947760000e-003
2486     +4.6846598592946198e-001    +2.2225000000000000e-001    +3.6472578314599999e-003
2487     +4.6054934782815299e-001    +2.2225000000000000e-001    +4.3023412544919998e-003
2488     +4.5262971065172303e-001    +2.2225000000000000e-001    +4.9328635649290003e-003
2489     +4.4470718855969099e-001    +2.2225000000000000e-001    +5.5388064692289997e-003
2490     +4.3678189585096000e-001    +2.2225000000000000e-001    +6.1201523805759998e-003
2491     +4.2885394695835499e-001    +2.2225000000000000e-001    +6.6768844201560004e-003
2492     +4.2092345644314499e-001    +2.2225000000000000e-001    +7.2089864183740001e-003
2493     +4.1299053898955101e-001    +2.2225000000000000e-001    +7.7164429160319998e-003
2494     +4.0505530939924400e-001    +2.2225000000000000e-001    +8.1992391654479996e-003
2495     +3.9711788258583303e-001    +2.2225000000000000e-001    +8.6573611315240006e-003
2496     +3.8917837356933299e-001    +2.2225000000000000e-001    +9.0907954927689997e-003
2497     +3.8123689747063200e-001    +2.2225000000000000e-001    +9.4995296422609992e-003
2498     +3.7329356950594400e-001    +2.2225000000000000e-001    +9.8835516885669994e-003
2499     +3.6534850498124999e-001    +2.2225000000000000e-001    +1.0242850456607999e-002
2500     +3.5740181928673198e-001    +2.2225000000000000e-001    +1.0577415488465001e-002
2501     +3.4945362789119999e-001    +2.2225000000000000e-001    +1.0887237044146000e-002
2502     +3.4150404633650799e-001    +2.2225000000000000e-001    +1.1172306102293000e-002
2503     +3.3355319023196300e-001    +2.2225000000000000e-001    +1.1432614360836001e-002
2504     +3.2560117524873200e-001    +2.2225000000000000e-001    +1.1668154237599000e-002
2505     +3.1764811711423202e-001    +2.2225000000000000e-001    +1.1878918870850999e-002
2506     +3.0969413160652898e-001    +2.2225000000000000e-001    +1.2064902119806001e-002
2507     +3.0173933454871599e-001    +2.2225000000000000e-001    +1.2226098565072001e-002
2508     +2.9378384180330003e-001    +2.2225000000000000e-001    +1.2362503509044000e-002
2509     +2.8582776926657799e-001    +2.2225000000000000e-001    +1.2474112976243000e-002
2510     +2.7787123286300602e-001    +2.2225000000000000e-001    +1.2560923713611999e-002
2511     +2.6991434853957802e-001    +2.2225000000000000e-001    +1.2622933190750000e-002
2512     +2.6195723226018902e-001    +2.2225000000000000e-001    +1.2660139600094000e-002
2513     +2.5400000000000000e-001    +2.2225000000000000e-001    +1.2672541857055001e-002
2514     +2.4604276773981201e-001    +2.2225000000000000e-001    +1.2660139600094000e-002
2515     +2.3808565146042199e-001    +2.2225000000000000e-001    +1.2622933190750000e-002
2516     +2.3012876713699401e-001    +2.2225000000000000e-001    +1.2560923713611999e-002
2517     +2.2217223073342199e-001    +2.2225000000000000e-001    +1.2474112976243000e-002
2518     +2.1421615819670001e-001    +2.2225000000000000e-001    +1.2362503509044000e-002
2519     +2.0626066545128399e-001    +2.2225000000000000e-001    +1.2226098565072001e-002
2520     +1.9830586839347100e-001    +2.2225000000000000e-001    +1.2064902119806001e-002
2521     +1.9035188288576799e-001    +2.2225000000000000e-001    +1.1878918870850999e-002
2522     +1.8239882475126801e-001    +2.2225000000000000e-001    +1.1668154237599000e-002
2523     +1.7444680976803700e-001    +2.2225000000000000e-001    +1.1432614360836001e-002
2524     +1.6649595366349201e-001    +2.2225000000000000e-001    +1.1172306102293000e-002
2525     +1.5854637210879999e-001    +2.2225000000000000e-001    +1.0887237044146000e-002
2526     +1.5059818071326800e-001    +2.2225000000000000e-001    +1.0577415488465001e-002
2527     +1.4265149501874999e-001    +2.2225000000000000e-001    +1.0242850456607999e-002
2528     +1.3470643049405601e-001    +2.2225000000000000e-001    +9.8835516885669994e-003
2529     +1.2676310252936801e-001    +2.2225000000000000e-001    +9.4995296422609992e-003
2530     +1.1882162643066700e-001    +2.2225000000000000e-001    +9.0907954927689997e-003
2531     +1.1088211741416699e-001    +2.2225000000000000e-001    +8.6573611315249998e-003
2532     +1.0294469060075601e-001    +2.2225000000000000e-001    +8.1992391654479996e-003
2533     +9.5009461010449006e-002    +2.2225000000000000e-001    +7.7164429160319998e-003
2534     +8.7076543556854999e-002    +2.2225000000000000e-001    +7.2089864183740001e-003
2535     +7.9146053041645001e-002    +2.2225000000000000e-001    +6.6768844201560004e-003
2536     +7.1218104149040007e-002    +2.2225000000000000e-001    +6.1201523805759998e-003
2537     +6.3292811440309002e-002    +2.2225000000000000e-001    +5.5388064692289997e-003
2538     +5.5370289348277001e-002    +2.2225000000000000e-001    +4.9328635649290003e-003
2539     +4.7450652171846998e-002    +2.2225000000000000e-001    +4.3023412544919998e-003
2540     +3.9534014070538998e-002    +2.2225000000000000e-001    +3.6472578314599999e-003
2541     +3.1620489059035001e-002    +2.2225000000000000e-001    +2.9676322947760000e-003
2542     +2.3710191001750001e-002    +2.2225000000000000e-001    +2.2634843474100001e-003
2543     +1.5803233607407999e-002    +2.2225000000000000e-001    +1.5348343949370001e-003
2544     +7.8997304236389995e-003    +2.2225000000000000e-001    +7.8170354405900002e-004
2545     +2.6328386728220001e-003    +2.2225000000000000e-001    +2.6328386728200002e-004
2546     -0.0000000000000000e+000    +2.2225000000000000e-001    +0.0000000000000000e+000
2547     +5.0800000000000001e-001    +2.1431249999999999e-001    +0.0000000000000000e+000
2548     +5.0536716132717896e-001    +2.1431249999999999e-001    +2.6328386728200002e-004
2549     +5.0010026957636200e-001    +2.1431249999999999e-001    +7.8170354405900002e-004
2550     +4.9219676639259302e-001    +2.1431249999999999e-001    +1.5348343949370001e-003
2551     +4.8428980899825003e-001    +2.1431249999999999e-001    +2.2634843474100001e-003
2552     +4.7637951094096498e-001    +2.1431249999999999e-001    +2.9676322947760000e-003
2553     +4.6846598592946198e-001    +2.1431249999999999e-001    +3.6472578314599999e-003
2554     +4.6054934782815299e-001    +2.1431249999999999e-001    +4.3023412544919998e-003
2555     +4.5262971065172303e-001    +2.1431249999999999e-001    +4.9328635649290003e-003
2556     +4.4470718855969099e-001    +2.1431249999999999e-001    +5.5388064692289997e-003
2557     +4.3678189585096000e-001    +2.1431249999999999e-001    +6.1201523805759998e-003
2558     +4.2885394695835499e-001    +2.1431249999999999e-001    +6.6768844201560004e-003
2559     +4.2092345644314499e-001    +2.1431249999999999e-001    +7.2089864183740001e-003
2560     +4.1299053898955101e-001    +2.1431249999999999e-001    +7.7164429160319998e-003
2561     +4.0505530939924400e-001    +2.1431249999999999e-001    +8.1992391654479996e-003
2562     +3.9711788258583303e-001    +2.1431249999999999e-001    +8.6573611315240006e-003
2563     +3.8917837356933299e-001    +2.1431249999999999e-001    +9.0907954927689997e-003
2564     +3.8123689747063200e-001    +2.1431249999999999e-001    +9.4995296422609992e-003
2565     +3.7329356950594400e-001    +2.1431249999999999e-001    +9.8835516885669994e-003
2566     +3.6534850498124999e-001    +2.1431249999999999e-001    +1.0242850456607999e-002
2567     +3.5740181928673198e-001    +2.1431249999999999e-001    +1.0577415488465001e-002
2568     +3.4945362789119999e-001    +2.1431249999999999e-001    +1.0887237044146000e-002
2569     +3.4150404633650799e-001    +2.1431249999999999e-001    +1.1172306102293000e-002
2570     +3.3355319023196300e-001    +2.1431249999999999e-001    +1.1432614360836001e-002
2571     +3.2560117524873200e-001    +2.1431249999999999e-001    +1.1668154237599000e-002
2572     +3.1764811711423202e-001    +2.1431249999999999e-001    +1.1878918870850999e-002
2573     +3.0969413160652898e-001    +2.1431249999999999e-001    +1.2064902119806001e-002
2574     +3.0173933454871599e-001    +2.1431249999999999e-001    +1.2226098565072001e-002
2575     +2.9378384180330003e-001    +2.1431249999999999e-001    +1.2362503509044000e-002
2576     +2.8582776926657799e-001    +2.1431249999999999e-001    +1.2474112976243000e-002
2577     +2.7787123286300602e-001    +2.1431249999999999e-001    +1.2560923713611999e-002
2578     +2.6991434853957802e-001    +2.1431249999999999e-001    +1.2622933190750000e-002
2579     +2.6195723226018902e-001    +2.1431249999999999e-001    +1.2660139600094000e-002
2580     +2.5400000000000000e-001    +2.1431249999999999e-001    +1.2672541857055001e-002
2581     +2.4604276773981201e-001    +2.1431249999999999e-001    +1.2660139600094000e-002
2582     +2.3808565146042199e-001    +2.1431249999999999e-001    +1.2622933190750000e-002
2583     +2.3012876713699401e-001    +2.1431249999999999e-001    +1.2560923713611999e-002
2584     +2.2217223073342199e-001    +2.1431249999999999e-001    +1.2474112976243000e-002
2585     +2.1421615819670001e-001    +2.1431249999999999e-001    +1.2362503509044000e-002
2586     +2.0626066545128399e-001    +2.1431249999999999e-001    +1.2226098565072001e-002
2587     +1.9830586839347100e-001    +2.1431249999999999e-001    +1.2064902119806001e-002
2588     +1.9035188288576799e-001    +2.1431249999999999e-001    +1.1878918870850999e-002
2589     +1.8239882475126801e-001    +2.1431249999999999e-001    +1.1668154237599000e-002
2590     +1.7444680976803700e-001    +2.1431249999999999e-001    +1.1432614360836001e-002
2591     +1.6649595366349201e-001    +2.1431249999999999e-001    +1.1172306102293000e-002
2592     +1.5854637210879999e-001    +2.1431249999999999e-001    +1.0887237044146000e-002
2593     +1.5059818071326800e-001    +2.1431249999999999e-001    +1.0577415488465001e-002
2594     +1.4265149501874999e-001    +2.1431249999999999e-001    +1.0242850456607999e-002
2595     +1.3470643049405601e-001    +2.1431249999999999e-001    +9.8835516885669994e-003
2596     +1.2676310252936801e-001    +2.1431249999999999e-001    +9.4995296422609992e-003
2597     +1.1882162643066700e-001    +2.1431249999999999e-001    +9.0907954927689997e-003
2598     +1.1088211741416699e-001    +2.1431249999999999e-001    +8.6573611315249998e-003
2599     +1.0294469060075601e-001    +2.1431249999999999e-001    +8.1992391654479996e-003
2600     +9.5009461010449006e-002    +2.1431249999999999e-001    +7.7164429160319998e-003
2601     +8.7076543556854999e-002    +2.1431249999999999e-001    +7.2089864183740001e-003
2602     +7.9146053041645001e-002    +2.1431249999999999e-001    +6.6768844201560004e-003
2603     +7.1218104149040007e-002    +2.1431249999999999e-001    +6.1201523805759998e-003
2604     +6.3292811440309002e-002    +2.1431249999999999e-001    +5.5388064692289997e-003
2605     +5.5370289348277001e-002    +2.1431249999999999e-001    +4.9328635649290003e-003
2606     +4.7450652171846998e-002    +2.1431249999999999e-001    +4.3023412544919998e-003
2607     +3.9534014070538998e-002    +2.1431249999999999e-001    +3.6472578314599999e-003
2608     +3.1620489059035001e-002    +2.1431249999999999e-001    +2.9676322947760000e-003
2609     +2.3710191001750001e-002    +2.1431249999999999e-001    +2.2634843474100001e-003
2610     +1.5803233607407999e-002    +2.1431249999999999e-001    +1.5348343949370001e-003
2611     +7.8997304236389995e-003    +2.1431249999999999e-001    +7.8170354405900002e-004
2612     +2.6328386728220001e-003    +2.1431249999999999e-001    +2.6328386728200002e-004
2613     -0.0000000000000000e+000    +2.1431249999999999e-001    +0.0000000000000000e+000
2614     +5.0800000000000001e-001    +2.0637500000000000e-001    +0.0000000000000000e+000
2615     +5.0536716132717896e-001    +2.0637500000000000e-001    +2.6328386728200002e-004
2616     +5.0010026957636200e-001    +2.0637500000000000e-001    +7.8170354405900002e-004
2617     +4.9219676639259302e-001    +2.0637500000000000e-001    +1.5348343949370001e-003
2618     +4.8428980899825103e-001    +2.0637500000000000e-001    +2.2634843474100001e-003
2619     +4.7637951094096498e-001    +2.0637500000000000e-001    +2.9676322947760000e-003
2620     +4.6846598592946198e-001    +2.0637500000000000e-001    +3.6472578314599999e-003
2621     +4.6054934782815299e-001    +2.0637500000000000e-001    +4.3023412544919998e-003
2622     +4.5262971065172303e-001    +2.0637500000000000e-001    +4.9328635649290003e-003
2623     +4.4470718855969099e-001    +2.0637500000000000e-001    +5.5388064692289997e-003
2624     +4.3678189585096000e-001    +2.0637500000000000e-001    +6.1201523805759998e-003
2625     +4.2885394695835499e-001    +2.0637500000000000e-001    +6.6768844201560004e-003
2626     +4.2092345644314499e-001    +2.0637500000000000e-001    +7.2089864183740001e-003
2627     +4.1299053898955101e-001    +2.0637500000000000e-001    +7.7164429160319998e-003
2628     +4.0505530939924400e-001    +2.0637500000000000e-001    +8.1992391654479996e-003
2629     +3.9711788258583303e-001    +2.0637500000000000e-001    +8.6573611315240006e-003
2630     +3.8917837356933299e-001    +2.0637500000000000e-001    +9.0907954927689997e-003
2631     +3.8123689747063200e-001    +2.0637500000000000e-001    +9.4995296422609992e-003
2632     +3.7329356950594400e-001    +2.0637500000000000e-001    +9.8835516885669994e-003
2633     +3.6534850498124999e-001    +2.0637500000000000e-001    +1.0242850456607999e-002
2634     +3.5740181928673198e-001    +2.0637500000000000e-001    +1.0577415488465001e-002
2635     +3.4945362789119999e-001    +2.0637500000000000e-001    +1.0887237044146000e-002
2636     +3.4150404633650799e-001    +2.0637500000000000e-001    +1.1172306102293000e-002
2637     +3.3355319023196300e-001    +2.0637500000000000e-001    +1.1432614360836001e-002
2638     +3.2560117524873200e-001    +2.0637500000000000e-001    +1.1668154237599000e-002
2639     +3.1764811711423202e-001    +2.0637500000000000e-001    +1.1878918870850999e-002
2640     +3.0969413160652898e-001    +2.0637500000000000e-001    +1.2064902119806001e-002
2641     +3.0173933454871599e-001    +2.0637500000000000e-001    +1.2226098565072001e-002
2642     +2.9378384180330003e-001    +2.0637500000000000e-001    +1.2362503509044000e-002
2643     +2.8582776926657799e-001    +2.0637500000000000e-001    +1.2474112976243000e-002
2644     +2.7787123286300602e-001    +2.0637500000000000e-001    +1.2560923713611999e-002
2645     +2.6991434853957902e-001    +2.0637500000000000e-001    +1.2622933190750000e-002
2646     +2.6195723226018902e-001    +2.0637500000000000e-001    +1.2660139600094000e-002
2647     +2.5400000000000000e-001    +2.0637500000000000e-001    +1.2672541857055001e-002
2648     +2.4604276773981201e-001    +2.0637500000000000e-001    +1.2660139600094000e-002
2649     +2.3808565146042199e-001    +2.0637500000000000e-001    +1.2622933190750000e-002
2650     +2.3012876713699401e-001    +2.0637500000000000e-001    +1.2560923713611999e-002
2651     +2.2217223073342199e-001    +2.0637500000000000e-001    +1.2474112976243000e-002
2652     +2.1421615819670001e-001    +2.0637500000000000e-001    +1.2362503509044000e-002
2653     +2.0626066545128399e-001    +2.0637500000000000e-001    +1.2226098565072001e-002
2654     +1.9830586839347100e-001    +2.0637500000000000e-001    +1.2064902119806001e-002
2655     +1.9035188288576799e-001    +2.0637500000000000e-001    +1.1878918870850999e-002
2656     +1.8239882475126801e-001    +2.0637500000000000e-001    +1.1668154237599000e-002
2657     +1.7444680976803700e-001    +2.0637500000000000e-001    +1.1432614360836001e-002
2658     +1.6649595366349201e-001    +2.0637500000000000e-001    +1.1172306102293000e-002
2659     +1.5854637210879999e-001    +2.0637500000000000e-001    +1.0887237044146000e-002
2660     +1.5059818071326800e-001    +2.0637500000000000e-001    +1.0577415488465001e-002
2661     +1.4265149501874999e-001    +2.0637500000000000e-001    +1.0242850456607999e-002
2662     +1.3470643049405601e-001    +2.0637500000000000e-001    +9.8835516885669994e-003
2663     +1.2676310252936801e-001    +2.0637500000000000e-001    +9.4995296422609992e-003
2664     +1.1882162643066700e-001    +2.0637500000000000e-001    +9.0907954927689997e-003
2665     +1.1088211741416699e-001    +2.0637500000000000e-001    +8.6573611315240006e-003
2666     +1.0294469060075601e-001    +2.0637500000000000e-001    +8.1992391654479996e-003
2667     +9.5009461010449006e-002    +2.0637500000000000e-001    +7.7164429160319998e-003
2668     +8.7076543556854999e-002    +2.0637500000000000e-001    +7.2089864183740001e-003
2669     +7.9146053041645001e-002    +2.0637500000000000e-001    +6.6768844201560004e-003
2670     +7.1218104149040007e-002    +2.0637500000000000e-001    +6.1201523805759998e-003
2671     +6.3292811440309002e-002    +2.0637500000000000e-001    +5.5388064692289997e-003
2672     +5.5370289348277001e-002    +2.0637500000000000e-001    +4.9328635649290003e-003
2673     +4.7450652171846998e-002    +2.0637500000000000e-001    +4.3023412544919998e-003
2674     +3.9534014070538998e-002    +2.0637500000000000e-001    +3.6472578314599999e-003
2675     +3.1620489059035001e-002    +2.0637500000000000e-001    +2.9676322947760000e-003
2676     +2.3710191001750001e-002    +2.0637500000000000e-001    +2.2634843474100001e-003
2677     +1.5803233607407999e-002    +2.0637500000000000e-001    +1.5348343949370001e-003
2678     +7.8997304236389995e-003    +2.0637500000000000e-001    +7.8170354405900002e-004
2679     +2.6328386728220001e-003    +2.0637500000000000e-001    +2.6328386728200002e-004
2680     -0.0000000000000000e+000    +2.0637500000000000e-001    +0.0000000000000000e+000
2681     +5.0800000000000001e-001    +1.9843749999999999e-001    +0.0000000000000000e+000
2682     +5.0536716132717896e-001    +1.9843749999999999e-001    +2.6328386728200002e-004
2683     +5.0010026957636200e-001    +1.9843749999999999e-001    +7.8170354405900002e-004
2684     +4.9219676639259302e-001    +1.9843749999999999e-001    +1.5348343949370001e-003
2685     +4.8428980899825103e-001    +1.9843749999999999e-001    +2.2634843474100001e-003
2686     +4.7637951094096498e-001    +1.9843749999999999e-001    +2.9676322947760000e-003
2687     +4.6846598592946198e-001    +1.9843749999999999e-001    +3.6472578314599999e-003
2688     +4.6054934782815299e-001    +1.9843749999999999e-001    +4.3023412544919998e-003
2689     +4.5262971065172303e-001    +1.9843749999999999e-001    +4.9328635649290003e-003
2690     +4.4470718855969099e-001    +1.9843749999999999e-001    +5.5388064692289997e-003
2691     +4.3678189585096000e-001    +1.9843749999999999e-001    +6.1201523805759998e-003
2692     +4.2885394695835499e-001    +1.9843749999999999e-001    +6.6768844201560004e-003
2693     +4.2092345644314499e-001    +1.9843749999999999e-001    +7.2089864183740001e-003
2694     +4.1299053898955101e-001    +1.9843749999999999e-001    +7.7164429160319998e-003
2695     +4.0505530939924400e-001    +1.9843749999999999e-001    +8.1992391654479996e-003
2696     +3.9711788258583303e-001    +1.9843749999999999e-001    +8.6573611315240006e-003
2697     +3.8917837356933299e-001    +1.9843749999999999e-001    +9.0907954927689997e-003
2698     +3.8123689747063200e-001    +1.9843749999999999e-001    +9.4995296422609992e-003
2699     +3.7329356950594400e-001    +1.9843749999999999e-001    +9.8835516885669994e-003
2700     +3.6534850498124999e-001    +1.9843749999999999e-001    +1.0242850456607999e-002
2701     +3.5740181928673198e-001    +1.9843749999999999e-001    +1.0577415488465001e-002
2702     +3.4945362789119999e-001    +1.9843749999999999e-001    +1.0887237044146000e-002
2703     +3.4150404633650799e-001    +1.9843749999999999e-001    +1.1172306102293000e-002
2704     +3.3355319023196300e-001    +1.9843749999999999e-001    +1.1432614360836001e-002
2705     +3.2560117524873200e-001    +1.9843749999999999e-001    +1.1668154237599000e-002
2706     +3.1764811711423202e-001    +1.9843749999999999e-001    +1.1878918870850999e-002
2707     +3.0969413160652898e-001    +1.9843749999999999e-001    +1.2064902119806001e-002
2708     +3.0173933454871599e-001    +1.9843749999999999e-001    +1.2226098565072001e-002
2709     +2.9378384180330003e-001    +1.9843749999999999e-001    +1.2362503509044000e-002
2710     +2.8582776926657799e-001    +1.9843749999999999e-001    +1.2474112976243000e-002
2711     +2.7787123286300602e-001    +1.9843749999999999e-001    +1.2560923713611999e-002
2712     +2.6991434853957902e-001    +1.9843749999999999e-001    +1.2622933190750000e-002
2713     +2.6195723226018902e-001    +1.9843749999999999e-001    +1.2660139600094000e-002
2714     +2.5400000000000000e-001    +1.9843749999999999e-001    +1.2672541857055001e-002
2715     +2.4604276773981201e-001    +1.9843749999999999e-001    +1.2660139600094000e-002
2716     +2.3808565146042199e-001    +1.9843749999999999e-001    +1.2622933190750000e-002
2717     +2.3012876713699401e-001    +1.9843749999999999e-001    +1.2560923713611999e-002
2718     +2.2217223073342199e-001    +1.9843749999999999e-001    +1.2474112976243000e-002
2719     +2.1421615819670001e-001    +1.9843749999999999e-001    +1.2362503509044000e-002
2720     +2.0626066545128399e-001    +1.9843749999999999e-001    +1.2226098565072001e-002
2721     +1.9830586839347100e-001    +1.9843749999999999e-001    +1.2064902119806001e-002
2722     +1.9035188288576799e-001    +1.9843749999999999e-001    +1.1878918870850999e-002
2723     +1.8239882475126801e-001    +1.9843749999999999e-001    +1.1668154237599000e-002
2724     +1.7444680976803700e-001    +1.9843749999999999e-001    +1.1432614360836001e-002
2725     +1.6649595366349201e-001    +1.9843749999999999e-001    +1.1172306102293000e-002
2726     +1.5854637210879999e-001    +1.9843749999999999e-001    +1.0887237044146000e-002
2727     +1.5059818071326800e-001    +1.9843749999999999e-001    +1.0577415488465001e-002
2728     +1.4265149501874999e-001    +1.9843749999999999e-001    +1.0242850456607999e-002
2729     +1.3470643049405601e-001    +1.9843749999999999e-001    +9.8835516885669994e-003
2730     +1.2676310252936801e-001    +1.9843749999999999e-001    +9.4995296422609992e-003
2731     +1.1882162643066700e-001    +1.9843749999999999e-001    +9.0907954927689997e-003
2732     +1.1088211741416699e-001    +1.9843749999999999e-001    +8.6573611315240006e-003
2733     +1.0294469060075601e-001    +1.9843749999999999e-001    +8.1992391654479996e-003
2734     +9.5009461010449006e-002    +1.9843749999999999e-001    +7.7164429160319998e-003
2735     +8.7076543556854999e-002    +1.9843749999999999e-001    +7.2089864183740001e-003
2736     +7.9146053041645001e-002    +1.9843749999999999e-001    +6.6768844201560004e-003
2737     +7.1218104149040007e-002    +1.9843749999999999e-001    +6.1201523805759998e-003
2738     +6.3292811440309002e-002    +1.9843749999999999e-001    +5.5388064692289997e-003
2739     +5.5370289348277001e-002    +1.9843749999999999e-001    +4.9328635649290003e-003
2740     +4.7450652171846998e-002    +1.9843749999999999e-001    +4.3023412544919998e-003
2741     +3.9534014070538998e-002    +1.9843749999999999e-001    +3.6472578314599999e-003
2742     +3.1620489059035001e-002    +1.9843749999999999e-001    +2.9676322947760000e-003
2743     +2.3710191001750001e-002    +1.9843749999999999e-001    +2.2634843474100001e-003
2744     +1.5803233607407999e-002    +1.9843749999999999e-001    +1.5348343949370001e-003
2745     +7.8997304236389995e-003    +1.9843749999999999e-001    +7.8170354405900002e-004
2746     +2.6328386728220001e-003    +1.9843749999999999e-001    +2.6328386728200002e-004
2747     -0.0000000000000000e+000    +1.9843749999999999e-001    +0.0000000000000000e+000
2748     +5.0800000000000001e-001    +1.9050000000000000e-001    +0.0000000000000000e+000
2749     +5.0536716132717896e-001    +1.9050000000000000e-001    +2.6328386728200002e-004
2750     +5.0010026957636200e-001    +1.9050000000000000e-001    +7.8170354405900002e-004
2751     +4.9219676639259302e-001    +1.9050000000000000e-001    +1.5348343949370001e-003
2752     +4.8428980899825003e-001    +1.9050000000000000e-001    +2.2634843474100001e-003
2753     +4.7637951094096498e-001    +1.9050000000000000e-001    +2.9676322947760000e-003
2754     +4.6846598592946198e-001    +1.9050000000000000e-001    +3.6472578314599999e-003
2755     +4.6054934782815299e-001    +1.9050000000000000e-001    +4.3023412544919998e-003
2756     +4.5262971065172303e-001    +1.9050000000000000e-001    +4.9328635649290003e-003
2757     +4.4470718855969099e-001    +1.9050000000000000e-001    +5.5388064692289997e-003
2758     +4.3678189585096000e-001    +1.9050000000000000e-001    +6.1201523805759998e-003
2759     +4.2885394695835499e-001    +1.9050000000000000e-001    +6.6768844201560004e-003
2760     +4.2092345644314499e-001    +1.9050000000000000e-001    +7.2089864183740001e-003
2761     +4.1299053898955101e-001    +1.9050000000000000e-001    +7.7164429160319998e-003
2762     +4.0505530939924400e-001    +1.9050000000000000e-001    +8.1992391654479996e-003
2763     +3.9711788258583303e-001    +1.9050000000000000e-001    +8.6573611315240006e-003
2764     +3.8917837356933299e-001    +1.9050000000000000e-001    +9.0907954927689997e-003
2765     +3.8123689747063200e-001    +1.9050000000000000e-001    +9.4995296422609992e-003
2766     +3.7329356950594400e-001    +1.9050000000000000e-001    +9.8835516885669994e-003
2767     +3.6534850498124999e-001    +1.9050000000000000e-001    +1.0242850456607999e-002
2768     +3.5740181928673198e-001    +1.9050000000000000e-001    +1.0577415488465001e-002
2769     +3.4945362789119999e-001    +1.9050000000000000e-001    +1.0887237044146000e-002
2770     +3.4150404633650799e-001    +1.9050000000000000e-001    +1.1172306102293000e-002
2771     +3.3355319023196300e-001    +1.9050000000000000e-001    +1.1432614360836001e-002
2772     +3.2560117524873200e-001    +1.9050000000000000e-001    +1.1668154237599000e-002
2773     +3.1764811711423202e-001    +1.9050000000000000e-001    +1.1878918870850999e-002
2774     +3.0969413160652898e-001    +1.9050000000000000e-001    +1.2064902119806001e-002
2775     +3.0173933454871599e-001    +1.9050000000000000e-001    +1.2226098565072001e-002
2776     +2.9378384180330003e-001    +1.9050000000000000e-001    +1.2362503509044000e-002
2777     +2.8582776926657799e-001    +1.9050000000000000e-001    +1.2474112976243000e-002
2778     +2.7787123286300602e-001    +1.9050000000000000e-001    +1.2560923713611999e-002
2779     +2.6991434853957802e-001    +1.9050000000000000e-001    +1.2622933190750000e-002
2780     +2.6195723226018902e-001    +1.9050000000000000e-001    +1.2660139600094000e-002
2781     +2.5400000000000000e-001    +1.9050000000000000e-001    +1.2672541857055001e-002
2782     +2.4604276773981201e-001    +1.9050000000000000e-001    +1.2660139600094000e-002
2783     +2.3808565146042199e-001    +1.9050000000000000e-001    +1.2622933190750000e-002
2784     +2.3012876713699401e-001    +1.9050000000000000e-001    +1.2560923713611999e-002
2785     +2.2217223073342199e-001    +1.9050000000000000e-001    +1.2474112976243000e-002
2786     +2.1421615819670001e-001    +1.9050000000000000e-001    +1.2362503509044000e-002
2787     +2.0626066545128399e-001    +1.9050000000000000e-001    +1.2226098565072001e-002
2788     +1.9830586839347100e-001    +1.9050000000000000e-001    +1.2064902119806001e-002
2789     +1.9035188288576799e-001    +1.9050000000000000e-001    +1.1878918870850999e-002
2790     +1.8239882475126801e-001    +1.9050000000000000e-001    +1.1668154237599000e-002
2791     +1.7444680976803700e-001    +1.9050000000000000e-001    +1.1432614360836001e-002
2792     +1.6649595366349201e-001    +1.9050000000000000e-001    +1.1172306102293000e-002
2793     +1.5854637210879999e-001    +1.9050000000000000e-001    +1.0887237044146000e-002
2794     +1.5059818071326800e-001    +1.9050000000000000e-001    +1.0577415488465001e-002
2795     +1.4265149501874999e-001    +1.9050000000000000e-001    +1.0242850456607999e-002
2796     +1.3470643049405601e-001    +1.9050000000000000e-001    +9.8835516885669994e-003
2797     +1.2676310252936801e-001    +1.9050000000000000e-001    +9.4995296422609992e-003
2798     +1.1882162643066700e-001    +1.9050000000000000e-001    +9.0907954927689997e-003
2799     +1.1088211741416699e-001    +1.9050000000000000e-001    +8.6573611315240006e-003
2800     +1.0294469060075601e-001    +1.9050000000000000e-001    +8.1992391654479996e-003
2801     +9.5009461010449006e-002    +1.9050000000000000e-001    +7.7164429160319998e-003
2802     +8.7076543556854999e-002    +1.9050000000000000e-001    +7.2089864183740001e-003
2803     +7.9146053041645001e-002    +1.9050000000000000e-001    +6.6768844201560004e-003
2804     +7.1218104149040007e-002    +1.9050000000000000e-001    +6.1201523805759998e-003
2805     +6.3292811440309002e-002    +1.9050000000000000e-001    +5.5388064692289997e-003
2806     +5.5370289348277001e-002    +1.9050000000000000e-001    +4.9328635649290003e-003
2807     +4.7450652171846998e-002    +1.9050000000000000e-001    +4.3023412544919998e-003
2808     +3.9534014070538998e-002    +1.9050000000000000e-001    +3.6472578314599999e-003
2809     +3.1620489059035001e-002    +1.9050000000000000e-001    +2.9676322947760000e-003
2810     +2.3710191001750001e-002    +1.9050000000000000e-001    +2.2634843474100001e-003
2811     +1.5803233607407999e-002    +1.9050000000000000e-001    +1.5348343949370001e-003
2812     +7.8997304236389995e-003    +1.9050000000000000e-001    +7.8170354405900002e-004
2813     +2.6328386728220001e-003    +1.9050000000000000e-001    +2.6328386728200002e-004
2814     -0.0000000000000000e+000    +1.9050000000000000e-001    +0.0000000000000000e+000
2815     +5.0800000000000001e-001    +1.8256249999999999e-001    +0.0000000000000000e+000
2816     +5.0536716132717896e-001    +1.8256249999999999e-001    +2.6328386728200002e-004
2817     +5.0010026957636200e-001    +1.8256249999999999e-001    +7.8170354405900002e-004
2818     +4.9219676639259302e-001    +1.8256249999999999e-001    +1.5348343949370001e-003
2819     +4.8428980899825003e-001    +1.8256249999999999e-001    +2.2634843474100001e-003
2820     +4.7637951094096498e-001    +1.8256249999999999e-001    +2.9676322947760000e-003
2821     +4.6846598592946198e-001    +1.8256249999999999e-001    +3.6472578314599999e-003
2822     +4.6054934782815299e-001    +1.8256249999999999e-001    +4.3023412544919998e-003
2823     +4.5262971065172303e-001    +1.8256249999999999e-001    +4.9328635649290003e-003
2824     +4.4470718855969099e-001    +1.8256249999999999e-001    +5.5388064692289997e-003
2825     +4.3678189585096000e-001    +1.8256249999999999e-001    +6.1201523805759998e-003
2826     +4.2885394695835499e-001    +1.8256249999999999e-001    +6.6768844201560004e-003
2827     +4.2092345644314499e-001    +1.8256249999999999e-001    +7.2089864183740001e-003
2828     +4.1299053898955101e-001    +1.8256249999999999e-001    +7.7164429160319998e-003
2829     +4.0505530939924400e-001    +1.8256249999999999e-001    +8.1992391654479996e-003
2830     +3.9711788258583303e-001    +1.8256249999999999e-001    +8.6573611315240006e-003
2831     +3.8917837356933299e-001    +1.8256249999999999e-001    +9.0907954927689997e-003
2832     +3.8123689747063200e-001    +1.8256249999999999e-001    +9.4995296422609992e-003
2833     +3.7329356950594400e-001    +1.8256249999999999e-001    +9.8835516885669994e-003
2834     +3.6534850498124999e-001    +1.8256249999999999e-001    +1.0242850456607999e-002
2835     +3.5740181928673198e-001    +1.8256249999999999e-001    +1.0577415488465001e-002
2836     +3.4945362789119999e-001    +1.8256249999999999e-001    +1.0887237044146000e-002
2837     +3.4150404633650799e-001    +1.8256249999999999e-001    +1.1172306102293000e-002
2838     +3.3355319023196300e-001    +1.8256249999999999e-001    +1.1432614360836001e-002
2839     +3.2560117524873200e-001    +1.8256249999999999e-001    +1.1668154237599000e-002
2840     +3.1764811711423202e-001    +1.8256249999999999e-001    +1.1878918870850999e-002
2841     +3.0969413160652898e-001    +1.8256249999999999e-001    +1.2064902119806001e-002
2842     +3.0173933454871599e-001    +1.8256249999999999e-001    +1.2226098565072001e-002
2843     +2.9378384180330003e-001    +1.8256249999999999e-001    +1.2362503509044000e-002
2844     +2.8582776926657799e-001    +1.8256249999999999e-001    +1.2474112976243000e-002
2845     +2.7787123286300602e-001    +1.8256249999999999e-001    +1.2560923713611999e-002
2846     +2.6991434853957802e-001    +1.8256249999999999e-001    +1.2622933190750000e-002
2847     +2.6195723226018902e-001    +1.8256249999999999e-001    +1.2660139600094000e-002
2848     +2.5400000000000000e-001    +1.8256249999999999e-001    +1.2672541857055001e-002
2849     +2.4604276773981201e-001    +1.8256249999999999e-001    +1.2660139600094000e-002
2850     +2.3808565146042199e-001    +1.8256249999999999e-001    +1.2622933190750000e-002
2851     +2.3012876713699401e-001    +1.8256249999999999e-001    +1.2560923713611999e-002
2852     +2.2217223073342199e-001    +1.8256249999999999e-001    +1.2474112976243000e-002
2853     +2.1421615819670001e-001    +1.8256249999999999e-001    +1.2362503509044000e-002
2854     +2.0626066545128399e-001    +1.8256249999999999e-001    +1.2226098565072001e-002
2855     +1.9830586839347100e-001    +1.8256249999999999e-001    +1.2064902119806001e-002
2856     +1.9035188288576799e-001    +1.8256249999999999e-001    +1.1878918870850999e-002
2857     +1.8239882475126801e-001    +1.8256249999999999e-001    +1.1668154237599000e-002
2858     +1.7444680976803700e-001    +1.8256249999999999e-001    +1.1432614360836001e-002
2859     +1.6649595366349201e-001    +1.8256249999999999e-001    +1.1172306102293000e-002
2860     +1.5854637210879999e-001    +1.8256249999999999e-001    +1.0887237044146000e-002
2861     +1.5059818071326800e-001    +1.8256249999999999e-001    +1.0577415488465001e-002
2862     +1.4265149501874999e-001    +1.8256249999999999e-001    +1.0242850456607999e-002
2863     +1.3470643049405601e-001    +1.8256249999999999e-001    +9.8835516885669994e-003
2864     +1.2676310252936801e-001    +1.8256249999999999e-001    +9.4995296422609992e-003
2865     +1.1882162643066700e-001    +1.8256249999999999e-001    +9.0907954927689997e-003
2866     +1.1088211741416699e-001    +1.8256249999999999e-001    +8.6573611315240006e-003
2867     +1.0294469060075601e-001    +1.8256249999999999e-001    +8.1992391654479996e-003
2868     +9.5009461010449006e-002    +1.8256249999999999e-001    +7.7164429160319998e-003
2869     +8.7076543556854999e-002    +1.8256249999999999e-001    +7.2089864183740001e-003
2870     +7.9146053041645001e-002    +1.8256249999999999e-001    +6.6768844201560004e-003
2871     +7.1218104149040007e-002    +1.8256249999999999e-001    +6.1201523805759998e-003
2872     +6.3292811440309002e-002    +1.8256249999999999e-001    +5.5388064692289997e-003
2873     +5.5370289348277001e-002    +1.8256249999999999e-001    +4.9328635649290003e-003
2874     +4.7450652171846998e-002    +1.8256249999999999e-001    +4.3023412544919998e-003
2875     +3.9534014070538998e-002    +1.8256249999999999e-001    +3.6472578314599999e-003
2876     +3.1620489059035001e-002    +1.8256249999999999e-001    +2.9676322947760000e-003
2877     +2.3710191001750001e-002    +1.8256249999999999e-001    +2.2634843474100001e-003
2878     +1.5803233607407999e-002    +1.8256249999999999e-001    +1.5348343949370001e-003
2879     +7.8997304236389995e-003    +1.8256249999999999e-001    +7.8170354405900002e-004
2880     +2.6328386728220001e-003    +1.8256249999999999e-001    +2.6328386728200002e-004
2881     -0.0000000000000000e+000    +1.8256249999999999e-001    +0.0000000000000000e+000
2882     +5.0800000000000001e-001    +1.7462500000000000e-001    +0.0000000000000000e+000
2883     +5.0536716132717896e-001    +1.7462500000000000e-001    +2.6328386728200002e-004
2884     +5.0010026957636200e-001    +1.7462500000000000e-001    +7.8170354405799995e-004
2885     +4.9219676639259302e-001    +1.7462500000000000e-001    +1.5348343949370001e-003
2886     +4.8428980899825103e-001    +1.7462500000000000e-001    +2.2634843474100001e-003
2887     +4.7637951094096498e-001    +1.7462500000000000e-001    +2.9676322947760000e-003
2888     +4.6846598592946198e-001    +1.7462500000000000e-001    +3.6472578314599999e-003
2889     +4.6054934782815299e-001    +1.7462500000000000e-001    +4.3023412544919998e-003
2890     +4.5262971065172303e-001    +1.7462500000000000e-001    +4.9328635649290003e-003
2891     +4.4470718855969099e-001    +1.7462500000000000e-001    +5.5388064692289997e-003
2892     +4.3678189585096000e-001    +1.7462500000000000e-001    +6.1201523805759998e-003
2893     +4.2885394695835499e-001    +1.7462500000000000e-001    +6.6768844201560004e-003
2894     +4.2092345644314499e-001    +1.7462500000000000e-001    +7.2089864183740001e-003
2895     +4.1299053898955101e-001    +1.7462500000000000e-001    +7.7164429160319998e-003
2896     +4.0505530939924400e-001    +1.7462500000000000e-001    +8.1992391654479996e-003
2897     +3.9711788258583303e-001    +1.7462500000000000e-001    +8.6573611315240006e-003
2898     +3.8917837356933299e-001    +1.7462500000000000e-001    +9.0907954927689997e-003
2899     +3.8123689747063200e-001    +1.7462500000000000e-001    +9.4995296422609992e-003
2900     +3.7329356950594400e-001    +1.7462500000000000e-001    +9.8835516885669994e-003
2901     +3.6534850498124999e-001    +1.7462500000000000e-001    +1.0242850456607999e-002
2902     +3.5740181928673198e-001    +1.7462500000000000e-001    +1.0577415488465001e-002
2903     +3.4945362789119999e-001    +1.7462500000000000e-001    +1.0887237044146000e-002
2904     +3.4150404633650799e-001    +1.7462500000000000e-001    +1.1172306102293000e-002
2905     +3.3355319023196300e-001    +1.7462500000000000e-001    +1.1432614360836001e-002
2906     +3.2560117524873200e-001    +1.7462500000000000e-001    +1.1668154237599000e-002
2907     +3.1764811711423202e-001    +1.7462500000000000e-001    +1.1878918870850999e-002
2908     +3.0969413160652898e-001    +1.7462500000000000e-001    +1.2064902119806001e-002
2909     +3.0173933454871599e-001    +1.7462500000000000e-001    +1.2226098565072001e-002
2910     +2.9378384180330003e-001    +1.7462500000000000e-001    +1.2362503509044000e-002
2911     +2.8582776926657799e-001    +1.7462500000000000e-001    +1.2474112976243000e-002
2912     +2.7787123286300602e-001    +1.7462500000000000e-001    +1.2560923713611999e-002
2913     +2.6991434853957902e-001    +1.7462500000000000e-001    +1.2622933190750000e-002
2914     +2.6195723226018902e-001    +1.7462500000000000e-001    +1.2660139600094000e-002
2915     +2.5400000000000000e-001    +1.7462500000000000e-001    +1.2672541857055001e-002
2916     +2.4604276773981201e-001    +1.7462500000000000e-001    +1.2660139600094000e-002
2917     +2.3808565146042199e-001    +1.7462500000000000e-001    +1.2622933190750000e-002
2918     +2.3012876713699401e-001    +1.7462500000000000e-001    +1.2560923713611999e-002
2919     +2.2217223073342199e-001    +1.7462500000000000e-001    +1.2474112976243000e-002
2920     +2.1421615819670001e-001    +1.7462500000000000e-001    +1.2362503509044000e-002
2921     +2.0626066545128399e-001    +1.7462500000000000e-001    +1.2226098565072001e-002
2922     +1.9830586839347100e-001    +1.7462500000000000e-001    +1.2064902119806001e-002
2923     +1.9035188288576799e-001    +1.7462500000000000e-001    +1.1878918870850999e-002
2924     +1.8239882475126801e-001    +1.7462500000000000e-001    +1.1668154237599000e-002
2925     +1.7444680976803700e-001    +1.7462500000000000e-001    +1.1432614360836001e-002
2926     +1.6649595366349201e-001    +1.7462500000000000e-001    +1.1172306102293000e-002
2927     +1.5854637210879999e-001    +1.7462500000000000e-001    +1.0887237044146000e-002
2928     +1.5059818071326800e-001    +1.7462500000000000e-001    +1.0577415488465001e-002
2929     +1.4265149501874999e-001    +1.7462500000000000e-001    +1.0242850456607999e-002
2930     +1.3470643049405601e-001    +1.7462500000000000e-001    +9.8835516885669994e-003
2931     +1.2676310252936801e-001    +1.7462500000000000e-001    +9.4995296422609992e-003
2932     +1.1882162643066700e-001    +1.7462500000000000e-001    +9.0907954927689997e-003
2933     +1.1088211741416699e-001    +1.7462500000000000e-001    +8.6573611315240006e-003
2934     +1.0294469060075601e-001    +1.7462500000000000e-001    +8.1992391654479996e-003
2935     +9.5009461010449006e-002    +1.7462500000000000e-001    +7.7164429160319998e-003
2936     +8.7076543556854999e-002    +1.7462500000000000e-001    +7.2089864183740001e-003
2937     +7.9146053041645001e-002    +1.7462500000000000e-001    +6.6768844201560004e-003
2938     +7.1218104149040007e-002    +1.7462500000000000e-001    +6.1201523805759998e-003
2939     +6.3292811440309002e-002    +1.7462500000000000e-001    +5.5388064692289997e-003
2940     +5.5370289348277001e-002    +1.7462500000000000e-001    +4.9328635649290003e-003
2941     +4.7450652171846998e-002    +1.7462500000000000e-001    +4.3023412544919998e-003
2942     +3.9534014070538998e-002    +1.7462500000000000e-001    +3.6472578314599999e-003
2943     +3.1620489059035001e-002    +1.7462500000000000e-001    +2.9676322947760000e-003
2944     +2.3710191001750001e-002    +1.7462500000000000e-001    +2.2634843474100001e-003
2945     +1.5803233607407999e-002    +1.7462500000000000e-001    +1.5348343949370001e-003
2946     +7.8997304236389995e-003    +1.7462500000000000e-001    +7.8170354405900002e-004
2947     +2.6328386728220001e-003    +1.7462500000000000e-001    +2.6328386728200002e-004
2948     -0.0000000000000000e+000    +1.7462500000000000e-001    +0.0000000000000000e+000
2949     +5.0800000000000001e-001    +1.6668749999999999e-001    +0.0000000000000000e+000
2950     +5.0536716132717896e-001    +1.6668749999999999e-001    +2.6328386728200002e-004
2951     +5.0010026957636200e-001    +1.6668749999999999e-001    +7.8170354405799995e-004
2952     +4.9219676639259302e-001    +1.6668749999999999e-001    +1.5348343949370001e-003
2953     +4.8428980899825103e-001    +1.6668749999999999e-001    +2.2634843474100001e-003
2954     +4.7637951094096498e-001    +1.6668749999999999e-001    +2.9676322947760000e-003
2955     +4.6846598592946198e-001    +1.6668749999999999e-001    +3.6472578314599999e-003
2956     +4.6054934782815299e-001    +1.6668749999999999e-001    +4.3023412544919998e-003
2957     +4.5262971065172303e-001    +1.6668749999999999e-001    +4.9328635649290003e-003
2958     +4.4470718855969099e-001    +1.6668749999999999e-001    +5.5388064692289997e-003
2959     +4.3678189585096000e-001    +1.6668749999999999e-001    +6.1201523805759998e-003
2960     +4.2885394695835499e-001    +1.6668749999999999e-001    +6.6768844201560004e-003
2961     +4.2092345644314499e-001    +1.6668749999999999e-001    +7.2089864183740001e-003
2962     +4.1299053898955101e-001    +1.6668749999999999e-001    +7.7164429160319998e-003
2963     +4.0505530939924400e-001    +1.6668749999999999e-001    +8.1992391654479996e-003
2964     +3.9711788258583303e-001    +1.6668749999999999e-001    +8.6573611315240006e-003
2965     +3.8917837356933299e-001    +1.6668749999999999e-001    +9.0907954927689997e-003
2966     +3.8123689747063200e-001    +1.6668749999999999e-001    +9.4995296422609992e-003
2967     +3.7329356950594400e-001    +1.6668749999999999e-001    +9.8835516885669994e-003
2968     +3.6534850498124999e-001    +1.6668749999999999e-001    +1.0242850456607999e-002
2969     +3.5740181928673198e-001    +1.6668749999999999e-001    +1.0577415488465001e-002
2970     +3.4945362789119999e-001    +1.6668749999999999e-001    +1.0887237044146000e-002
2971     +3.4150404633650799e-001    +1.6668749999999999e-001    +1.1172306102293000e-002
2972     +3.3355319023196300e-001    +1.6668749999999999e-001    +1.1432614360836001e-002
2973     +3.2560117524873200e-001    +1.6668749999999999e-001    +1.1668154237599000e-002
2974     +3.1764811711423202e-001    +1.6668749999999999e-001    +1.1878918870850999e-002
2975     +3.0969413160652898e-001    +1.6668749999999999e-001    +1.2064902119806001e-002
2976     +3.0173933454871599e-001    +1.6668749999999999e-001    +1.2226098565072001e-002
2977     +2.9378384180330003e-001    +1.6668749999999999e-001    +1.2362503509044000e-002
2978     +2.8582776926657799e-001    +1.6668749999999999e-001    +1.2474112976243000e-002
2979     +2.7787123286300602e-001    +1.6668749999999999e-001    +1.2560923713611999e-002
2980     +2.6991434853957902e-001    +1.6668749999999999e-001    +1.2622933190750000e-002
2981     +2.6195723226018902e-001    +1.6668749999999999e-001    +1.2660139600094000e-002
2982     +2.5400000000000000e-001    +1.6668749999999999e-001    +1.2672541857055001e-002
2983     +2.4604276773981201e-001    +1.6668749999999999e-001    +1.2660139600094000e-002
2984     +2.3808565146042199e-001    +1.6668749999999999e-001    +1.2622933190750000e-002
2985     +2.3012876713699401e-001    +1.6668749999999999e-001    +1.2560923713611999e-002
2986     +2.2217223073342199e-001    +1.6668749999999999e-001    +1.2474112976243000e-002
2987     +2.1421615819670001e-001    +1.6668749999999999e-001    +1.2362503509044000e-002
2988     +2.0626066545128399e-001    +1.6668749999999999e-001    +1.2226098565072001e-002
2989     +1.9830586839347100e-001    +1.6668749999999999e-001    +1.2064902119806001e-002
2990     +1.9035188288576799e-001    +1.6668749999999999e-001    +1.1878918870850999e-002
2991     +1.8239882475126801e-001    +1.6668749999999999e-001    +1.1668154237599000e-002
2992     +1.7444680976803700e-001    +1.6668749999999999e-001    +1.1432614360836001e-002
2993     +1.6649595366349201e-001    +1.6668749999999999e-001    +1.1172306102293000e-002
2994     +1.5854637210879999e-001    +1.6668749999999999e-001    +1.0887237044146000e-002
2995     +1.5059818071326800e-001    +1.6668749999999999e-001    +1.0577415488465001e-002
2996     +1.4265149501874999e-001    +1.6668749999999999e-001    +1.0242850456607999e-002
2997     +1.3470643049405601e-001    +1.6668749999999999e-001    +9.8835516885669994e-003
2998     +1.2676310252936801e-001    +1.6668749999999999e-001    +9.4995296422609992e-003
2999     +1.1882162643066700e-001    +1.6668749999999999e-001    +9.0907954927689997e-003
3000     +1.1088211741416699e-001    +1.6668749999999999e-001    +8.6573611315240006e-003
3001     +1.0294469060075601e-001    +1.6668749999999999e-001    +8.1992391654479996e-003
3002     +9.5009461010449006e-002    +1.6668749999999999e-001    +7.7164429160319998e-003
3003     +8.7076543556854999e-002    +1.6668749999999999e-001    +7.2089864183740001e-003
3004     +7.9146053041645001e-002    +1.6668749999999999e-001    +6.6768844201560004e-003
3005     +7.1218104149040007e-002    +1.6668749999999999e-001    +6.1201523805759998e-003
3006     +6.3292811440309002e-002    +1.6668749999999999e-001    +5.5388064692289997e-003
3007     +5.5370289348277001e-002    +1.6668749999999999e-001    +4.9328635649290003e-003
3008     +4.7450652171846998e-002    +1.6668749999999999e-001    +4.3023412544919998e-003
3009     +3.9534014070538998e-002    +1.6668749999999999e-001    +3.6472578314599999e-003
3010     +3.1620489059035001e-002    +1.6668749999999999e-001    +2.9676322947760000e-003
3011     +2.3710191001750001e-002    +1.6668749999999999e-001    +2.2634843474100001e-003
3012     +1.5803233607407999e-002    +1.6668749999999999e-001    +1.5348343949370001e-003
3013     +7.8997304236389995e-003    +1.6668749999999999e-001    +7.8170354405900002e-004
3014     +2.6328386728220001e-003    +1.6668749999999999e-001    +2.6328386728200002e-004
3015     -0.0000000000000000e+000    +1.6668749999999999e-001    +0.0000000000000000e+000
3016     +5.0800000000000001e-001    +1.5875000000000000e-001    +0.0000000000000000e+000
3017     +5.0536716132717896e-001    +1.5875000000000000e-001    +2.6328386728200002e-004
3018     +5.0010026957636200e-001    +1.5875000000000000e-001    +7.8170354405799995e-004
3019     +4.9219676639259302e-001    +1.5875000000000000e-001    +1.5348343949370001e-003
3020     +4.8428980899825103e-001    +1.5875000000000000e-001    +2.2634843474100001e-003
3021     +4.7637951094096498e-001    +1.5875000000000000e-001    +2.9676322947760000e-003
3022     +4.6846598592946198e-001    +1.5875000000000000e-001    +3.6472578314599999e-003
3023     +4.6054934782815299e-001    +1.5875000000000000e-001    +4.3023412544919998e-003
3024     +4.5262971065172303e-001    +1.5875000000000000e-001    +4.9328635649290003e-003
3025     +4.4470718855969099e-001    +1.5875000000000000e-001    +5.5388064692289997e-003
3026     +4.3678189585096000e-001    +1.5875000000000000e-001    +6.1201523805759998e-003
3027     +4.2885394695835499e-001    +1.5875000000000000e-001    +6.6768844201560004e-003
3028     +4.2092345644314499e-001    +1.5875000000000000e-001    +7.2089864183740001e-003
3029     +4.1299053898955101e-001    +1.5875000000000000e-001    +7.7164429160319998e-003
3030     +4.0505530939924400e-001    +1.5875000000000000e-001    +8.1992391654479996e-003
3031     +3.9711788258583303e-001    +1.5875000000000000e-001    +8.6573611315240006e-003
3032     +3.8917837356933299e-001    +1.5875000000000000e-001    +9.0907954927689997e-003
3033     +3.8123689747063200e-001    +1.5875000000000000e-001    +9.4995296422609992e-003
3034     +3.7329356950594400e-001    +1.5875000000000000e-001    +9.8835516885669994e-003
3035     +3.6534850498124999e-001    +1.5875000000000000e-001    +1.0242850456607999e-002
3036     +3.5740181928673198e-001    +1.5875000000000000e-001    +1.0577415488465001e-002
3037     +3.4945362789119999e-001    +1.5875000000000000e-001    +1.0887237044146000e-002
3038     +3.4150404633650799e-001    +1.5875000000000000e-001    +1.1172306102293000e-002
3039     +3.3355319023196300e-001    +1.5875000000000000e-001    +1.1432614360836001e-002
3040     +3.2560117524873200e-001    +1.5875000000000000e-001    +1.1668154237599000e-002
3041     +3.1764811711423202e-001    +1.5875000000000000e-001    +1.1878918870850999e-002
3042     +3.0969413160652898e-001    +1.5875000000000000e-001    +1.2064902119806001e-002
3043     +3.0173933454871599e-001    +1.5875000000000000e-001    +1.2226098565072001e-002
3044     +2.9378384180330003e-001    +1.5875000000000000e-001    +1.2362503509044000e-002
3045     +2.8582776926657799e-001    +1.5875000000000000e-001    +1.2474112976243000e-002
3046     +2.7787123286300602e-001    +1.5875000000000000e-001    +1.2560923713611999e-002
3047     +2.6991434853957802e-001    +1.5875000000000000e-001    +1.2622933190750000e-002
3048     +2.6195723226018902e-001    +1.5875000000000000e-001    +1.2660139600094000e-002
3049     +2.5400000000000000e-001    +1.5875000000000000e-001    +1.2672541857055001e-002
3050     +2.4604276773981201e-001    +1.5875000000000000e-001    +1.2660139600094000e-002
3051     +2.3808565146042199e-001    +1.5875000000000000e-001    +1.2622933190750000e-002
3052     +2.3012876713699401e-001    +1.5875000000000000e-001    +1.2560923713611999e-002
3053     +2.2217223073342199e-001    +1.5875000000000000e-001    +1.2474112976243000e-002
3054     +2.1421615819670001e-001    +1.5875000000000000e-001    +1.2362503509044000e-002
3055     +2.0626066545128399e-001    +1.5875000000000000e-001    +1.2226098565072001e-002
3056     +1.9830586839347100e-001    +1.5875000000000000e-001    +1.2064902119806001e-002
3057     +1.9035188288576799e-001    +1.5875000000000000e-001    +1.1878918870850999e-002
3058     +1.8239882475126801e-001    +1.5875000000000000e-001    +1.1668154237599000e-002
3059     +1.7444680976803700e-001    +1.5875000000000000e-001    +1.1432614360836001e-002
3060     +1.6649595366349201e-001    +1.5875000000000000e-001    +1.1172306102293000e-002
3061     +1.5854637210879999e-001    +1.5875000000000000e-001    +1.0887237044146000e-002
3062     +1.5059818071326800e-001    +1.5875000000000000e-001    +1.0577415488465001e-002
3063     +1.4265149501874999e-001    +1.5875000000000000e-001    +1.0242850456607999e-002
3064     +1.3470643049405601e-001    +1.5875000000000000e-001    +9.8835516885669994e-003
3065     +1.2676310252936801e-001    +1.5875000000000000e-001    +9.4995296422609992e-003
3066     +1.1882162643066700e-001    +1.5875000000000000e-001    +9.0907954927689997e-003
3067     +1.1088211741416699e-001    +1.5875000000000000e-001    +8.6573611315240006e-003
3068     +1.0294469060075601e-001    +1.5875000000000000e-001    +8.1992391654479996e-003
3069     +9.5009461010449006e-002    +1.5875000000000000e-001    +7.7164429160319998e-003
3070     +8.7076543556854999e-002    +1.5875000000000000e-001    +7.2089864183740001e-003
3071     +7.9146053041645001e-002    +1.5875000000000000e-001    +6.6768844201560004e-003
3072     +7.1218104149040007e-002    +1.5875000000000000e-001    +6.1201523805759998e-003
3073     +6.3292811440309002e-002    +1.5875000000000000e-001    +5.5388064692289997e-003
3074     +5.5370289348277001e-002    +1.5875000000000000e-001    +4.9328635649290003e-003
3075     +4.7450652171846998e-002    +1.5875000000000000e-001    +4.3023412544919998e-003
3076     +3.9534014070538998e-002    +1.5875000000000000e-001    +3.6472578314599999e-003
3077     +3.1620489059035001e-002    +1.5875000000000000e-001    +2.9676322947760000e-003
3078     +2.3710191001750001e-002    +1.5875000000000000e-001    +2.2634843474100001e-003
3079     +1.5803233607407999e-002    +1.5875000000000000e-001    +1.5348343949370001e-003
3080     +7.8997304236389995e-003    +1.5875000000000000e-001    +7.8170354405799995e-004
3081     +2.6328386728220001e-003    +1.5875000000000000e-001    +2.6328386728200002e-004
3082     -0.0000000000000000e+000    +1.5875000000000000e-001    +0.0000000000000000e+000
3083     +5.0800000000000001e-001    +1.5081249999999999e-001    +0.0000000000000000e+000
3084     +5.0536716132717896e-001    +1.5081249999999999e-001    +2.6328386728200002e-004
3085     +5.0010026957636200e-001    +1.5081249999999999e-001    +7.8170354405799995e-004
3086     +4.9219676639259302e-001    +1.5081249999999999e-001    +1.5348343949370001e-003
3087     +4.8428980899825103e-001    +1.5081249999999999e-001    +2.2634843474100001e-003
3088     +4.7637951094096498e-001    +1.5081249999999999e-001    +2.9676322947760000e-003
3089     +4.6846598592946198e-001    +1.5081249999999999e-001    +3.6472578314599999e-003
3090     +4.6054934782815299e-001    +1.5081249999999999e-001    +4.3023412544919998e-003
3091     +4.5262971065172303e-001    +1.5081249999999999e-001    +4.9328635649290003e-003
3092     +4.4470718855969099e-001    +1.5081249999999999e-001    +5.5388064692289997e-003
3093     +4.3678189585096000e-001    +1.5081249999999999e-001    +6.1201523805759998e-003
3094     +4.2885394695835499e-001    +1.5081249999999999e-001    +6.6768844201560004e-003
3095     +4.2092345644314499e-001    +1.5081249999999999e-001    +7.2089864183740001e-003
3096     +4.1299053898955101e-001    +1.5081249999999999e-001    +7.7164429160319998e-003
3097     +4.0505530939924400e-001    +1.5081249999999999e-001    +8.1992391654479996e-003
3098     +3.9711788258583303e-001    +1.5081249999999999e-001    +8.6573611315240006e-003
3099     +3.8917837356933299e-001    +1.5081249999999999e-001    +9.0907954927689997e-003
3100     +3.8123689747063200e-001    +1.5081249999999999e-001    +9.4995296422609992e-003
3101     +3.7329356950594400e-001    +1.5081249999999999e-001    +9.8835516885669994e-003
3102     +3.6534850498124999e-001    +1.5081249999999999e-001    +1.0242850456607999e-002
3103     +3.5740181928673198e-001    +1.5081249999999999e-001    +1.0577415488465001e-002
3104     +3.4945362789119999e-001    +1.5081249999999999e-001    +1.0887237044146000e-002
3105     +3.4150404633650799e-001    +1.5081249999999999e-001    +1.1172306102293000e-002
3106     +3.3355319023196300e-001    +1.5081249999999999e-001    +1.1432614360836001e-002
3107     +3.2560117524873200e-001    +1.5081249999999999e-001    +1.1668154237599000e-002
3108     +3.1764811711423202e-001    +1.5081249999999999e-001    +1.1878918870850999e-002
3109     +3.0969413160652898e-001    +1.5081249999999999e-001    +1.2064902119806001e-002
3110     +3.0173933454871599e-001    +1.5081249999999999e-001    +1.2226098565072001e-002
3111     +2.9378384180330003e-001    +1.5081249999999999e-001    +1.2362503509044000e-002
3112     +2.8582776926657799e-001    +1.5081249999999999e-001    +1.2474112976243000e-002
3113     +2.7787123286300602e-001    +1.5081249999999999e-001    +1.2560923713611999e-002
3114     +2.6991434853957802e-001    +1.5081249999999999e-001    +1.2622933190750000e-002
3115     +2.6195723226018902e-001    +1.5081249999999999e-001    +1.2660139600094000e-002
3116     +2.5400000000000000e-001    +1.5081249999999999e-001    +1.2672541857055001e-002
3117     +2.4604276773981201e-001    +1.5081249999999999e-001    +1.2660139600094000e-002
3118     +2.3808565146042199e-001    +1.5081249999999999e-001    +1.2622933190750000e-002
3119     +2.3012876713699401e-001    +1.5081249999999999e-001    +1.2560923713611999e-002
3120     +2.2217223073342199e-001    +1.5081249999999999e-001    +1.2474112976243000e-002
3121     +2.1421615819670001e-001    +1.5081249999999999e-001    +1.2362503509044000e-002
3122     +2.0626066545128399e-001    +1.5081249999999999e-001    +1.2226098565072001e-002
3123     +1.9830586839347100e-001    +1.5081249999999999e-001    +1.2064902119806001e-002
3124     +1.9035188288576799e-001    +1.5081249999999999e-001    +1.1878918870850999e-002
3125     +1.8239882475126801e-001    +1.5081249999999999e-001    +1.1668154237599000e-002
3126     +1.7444680976803700e-001    +1.5081249999999999e-001    +1.1432614360836001e-002
3127     +1.6649595366349201e-001    +1.5081249999999999e-001    +1.1172306102293000e-002
3128     +1.5854637210879999e-001    +1.5081249999999999e-001    +1.0887237044146000e-002
3129     +1.5059818071326800e-001    +1.5081249999999999e-001    +1.0577415488465001e-002
3130     +1.4265149501874999e-001    +1.5081249999999999e-001    +1.0242850456607999e-002
3131     +1.3470643049405601e-001    +1.5081249999999999e-001    +9.8835516885669994e-003
3132     +1.2676310252936801e-001    +1.5081249999999999e-001    +9.4995296422609992e-003
3133     +1.1882162643066700e-001    +1.5081249999999999e-001    +9.0907954927689997e-003
3134     +1.1088211741416699e-001    +1.5081249999999999e-001    +8.6573611315240006e-003
3135     +1.0294469060075601e-001    +1.5081249999999999e-001    +8.1992391654479996e-003
3136     +9.5009461010449006e-002    +1.5081249999999999e-001    +7.7164429160319998e-003
3137     +8.7076543556854999e-002    +1.5081249999999999e-001    +7.2089864183740001e-003
3138     +7.9146053041645001e-002    +1.5081249999999999e-001    +6.6768844201560004e-003
3139     +7.1218104149040007e-002    +1.5081249999999999e-001    +6.1201523805759998e-003
3140     +6.3292811440309002e-002    +1.5081249999999999e-001    +5.5388064692289997e-003
3141     +5.5370289348277001e-002    +1.5081249999999999e-001    +4.9328635649290003e-003
3142     +4.7450652171846998e-002    +1.5081249999999999e-001    +4.3023412544919998e-003
3143     +3.9534014070538998e-002    +1.5081249999999999e-001    +3.6472578314599999e-003
3144     +3.1620489059035001e-002    +1.5081249999999999e-001    +2.9676322947760000e-003
3145     +2.3710191001750001e-002    +1.5081249999999999e-001    +2.2634843474100001e-003
3146     +1.5803233607407999e-002    +1.5081249999999999e-001    +1.5348343949370001e-003
3147     +7.8997304236389995e-003    +1.5081249999999999e-001    +7.8170354405799995e-004
3148     +2.6328386728220001e-003    +1.5081249999999999e-001    +2.6328386728200002e-004
3149     -0.0000000000000000e+000    +1.5081249999999999e-001    +0.0000000000000000e+000
3150     +5.0800000000000001e-001    +1.4287500000000000e-001    +0.0000000000000000e+000
3151     +5.0536716132717896e-001    +1.4287500000000000e-001    +2.6328386728200002e-004
3152     +5.0010026957636200e-001    +1.4287500000000000e-001    +7.8170354405799995e-004
3153     +4.9219676639259302e-001    +1.4287500000000000e-001    +1.5348343949370001e-003
3154     +4.8428980899825103e-001    +1.4287500000000000e-001    +2.2634843474100001e-003
3155     +4.7637951094096498e-001    +1.4287500000000000e-001    +2.9676322947760000e-003
3156     +4.6846598592946198e-001    +1.4287500000000000e-001    +3.6472578314599999e-003
3157     +4.6054934782815299e-001    +1.4287500000000000e-001    +4.3023412544919998e-003
3158     +4.5262971065172303e-001    +1.4287500000000000e-001    +4.9328635649290003e-003
3159     +4.4470718855969099e-001    +1.4287500000000000e-001    +5.5388064692289997e-003
3160     +4.3678189585096000e-001    +1.4287500000000000e-001    +6.1201523805759998e-003
3161     +4.2885394695835499e-001    +1.4287500000000000e-001    +6.6768844201560004e-003
3162     +4.2092345644314499e-001    +1.4287500000000000e-001    +7.2089864183740001e-003
3163     +4.1299053898955101e-001    +1.4287500000000000e-001    +7.7164429160319998e-003
3164     +4.0505530939924400e-001    +1.4287500000000000e-001    +8.1992391654479996e-003
3165     +3.9711788258583303e-001    +1.4287500000000000e-001    +8.6573611315240006e-003
3166     +3.8917837356933299e-001    +1.4287500000000000e-001    +9.0907954927689997e-003
3167     +3.8123689747063200e-001    +1.4287500000000000e-001    +9.4995296422609992e-003
3168     +3.7329356950594400e-001    +1.4287500000000000e-001    +9.8835516885669994e-003
3169     +3.6534850498124999e-001    +1.4287500000000000e-001    +1.0242850456607999e-002
3170     +3.5740181928673198e-001    +1.4287500000000000e-001    +1.0577415488465001e-002
3171     +3.4945362789119999e-001    +1.4287500000000000e-001    +1.0887237044146000e-002
3172     +3.4150404633650799e-001    +1.4287500000000000e-001    +1.1172306102293000e-002
3173     +3.3355319023196300e-001    +1.4287500000000000e-001    +1.1432614360836001e-002
3174     +3.2560117524873200e-001    +1.4287500000000000e-001    +1.1668154237599000e-002
3175     +3.1764811711423202e-001    +1.4287500000000000e-001    +1.1878918870850999e-002
3176     +3.0969413160652898e-001    +1.4287500000000000e-001    +1.2064902119806001e-002
3177     +3.0173933454871599e-001    +1.4287500000000000e-001    +1.2226098565072001e-002
3178     +2.9378384180330003e-001    +1.4287500000000000e-001    +1.2362503509044000e-002
3179     +2.8582776926657799e-001    +1.4287500000000000e-001    +1.2474112976243000e-002
3180     +2.7787123286300702e-001    +1.4287500000000000e-001    +1.2560923713611999e-002
3181     +2.6991434853957902e-001    +1.4287500000000000e-001    +1.2622933190750000e-002
3182     +2.6195723226018902e-001    +1.4287500000000000e-001    +1.2660139600094000e-002
3183     +2.5400000000000000e-001    +1.4287500000000000e-001    +1.2672541857055001e-002
3184     +2.4604276773981201e-001    +1.4287500000000000e-001    +1.2660139600094000e-002
3185     +2.3808565146042199e-001    +1.4287500000000000e-001    +1.2622933190750000e-002
3186     +2.3012876713699401e-001    +1.4287500000000000e-001    +1.2560923713611999e-002
3187     +2.2217223073342199e-001    +1.4287500000000000e-001    +1.2474112976243000e-002
3188     +2.1421615819670001e-001    +1.4287500000000000e-001    +1.2362503509044000e-002
3189     +2.0626066545128399e-001    +1.4287500000000000e-001    +1.2226098565072001e-002
3190     +1.9830586839347100e-001    +1.4287500000000000e-001    +1.2064902119806001e-002
3191     +1.9035188288576799e-001    +1.4287500000000000e-001    +1.1878918870850999e-002
3192     +1.8239882475126801e-001    +1.4287500000000000e-001    +1.1668154237599000e-002
3193     +1.7444680976803700e-001    +1.4287500000000000e-001    +1.1432614360836001e-002
3194     +1.6649595366349201e-001    +1.4287500000000000e-001    +1.1172306102293000e-002
3195     +1.5854637210879999e-001    +1.4287500000000000e-001    +1.0887237044146000e-002
3196     +1.5059818071326800e-001    +1.4287500000000000e-001    +1.0577415488465001e-002
3197     +1.4265149501874999e-001    +1.4287500000000000e-001    +1.0242850456607999e-002
3198     +1.3470643049405601e-001    +1.4287500000000000e-001    +9.8835516885669994e-003
3199     +1.2676310252936801e-001    +1.4287500000000000e-001    +9.4995296422609992e-003
3200     +1.1882162643066700e-001    +1.4287500000000000e-001    +9.0907954927689997e-003
3201     +1.1088211741416699e-001    +1.4287500000000000e-001    +8.6573611315240006e-003
3202     +1.0294469060075601e-001    +1.4287500000000000e-001    +8.1992391654479996e-003
3203     +9.5009461010449006e-002    +1.4287500000000000e-001    +7.7164429160319998e-003
3204     +8.7076543556854999e-002    +1.4287500000000000e-001    +7.2089864183740001e-003
3205     +7.9146053041645001e-002    +1.4287500000000000e-001    +6.6768844201560004e-003
3206     +7.1218104149040007e-002    +1.4287500000000000e-001    +6.1201523805759998e-003
3207     +6.3292811440309002e-002    +1.4287500000000000e-001    +5.5388064692289997e-003
3208     +5.5370289348277001e-002    +1.4287500000000000e-001    +4.9328635649290003e-003
3209     +4.7450652171846998e-002    +1.4287500000000000e-001    +4.3023412544919998e-003
3210     +3.9534014070538998e-002    +1.4287500000000000e-001    +3.6472578314599999e-003
3211     +3.1620489059035001e-002    +1.4287500000000000e-001    +2.9676322947760000e-003
3212     +2.3710191001750001e-002    +1.4287500000000000e-001    +2.2634843474100001e-003
3213     +1.5803233607407999e-002    +1.4287500000000000e-001    +1.5348343949370001e-003
3214     +7.8997304236389995e-003    +1.4287500000000000e-001    +7.8170354405799995e-004
3215     +2.6328386728220001e-003    +1.4287500000000000e-001    +2.6328386728200002e-004
3216     -0.0000000000000000e+000    +1.4287500000000000e-001    +0.0000000000000000e+000
3217     +5.0800000000000001e-001    +1.3493749999999999e-001    +0.0000000000000000e+000
3218     +5.0536716132717896e-001    +1.3493749999999999e-001    +2.6328386728200002e-004
3219     +5.0010026957636200e-001    +1.3493749999999999e-001    +7.8170354405799995e-004
3220     +4.9219676639259302e-001    +1.3493749999999999e-001    +1.5348343949370001e-003
3221     +4.8428980899825103e-001    +1.3493749999999999e-001    +2.2634843474100001e-003
3222     +4.7637951094096498e-001    +1.3493749999999999e-001    +2.9676322947760000e-003
3223     +4.6846598592946198e-001    +1.3493749999999999e-001    +3.6472578314599999e-003
3224     +4.6054934782815299e-001    +1.3493749999999999e-001    +4.3023412544919998e-003
3225     +4.5262971065172303e-001    +1.3493749999999999e-001    +4.9328635649290003e-003
3226     +4.4470718855969099e-001    +1.3493749999999999e-001    +5.5388064692289997e-003
3227     +4.3678189585096000e-001    +1.3493749999999999e-001    +6.1201523805759998e-003
3228     +4.2885394695835499e-001    +1.3493749999999999e-001    +6.6768844201560004e-003
3229     +4.2092345644314499e-001    +1.3493749999999999e-001    +7.2089864183740001e-003
3230     +4.1299053898955101e-001    +1.3493749999999999e-001    +7.7164429160319998e-003
3231     +4.0505530939924400e-001    +1.3493749999999999e-001    +8.1992391654479996e-003
3232     +3.9711788258583303e-001    +1.3493749999999999e-001    +8.6573611315240006e-003
3233     +3.8917837356933299e-001    +1.3493749999999999e-001    +9.0907954927689997e-003
3234     +3.8123689747063200e-001    +1.3493749999999999e-001    +9.4995296422609992e-003
3235     +3.7329356950594400e-001    +1.3493749999999999e-001    +9.8835516885669994e-003
3236     +3.6534850498124999e-001    +1.3493749999999999e-001    +1.0242850456607999e-002
3237     +3.5740181928673198e-001    +1.3493749999999999e-001    +1.0577415488465001e-002
3238     +3.4945362789119999e-001    +1.3493749999999999e-001    +1.0887237044146000e-002
3239     +3.4150404633650799e-001    +1.3493749999999999e-001    +1.1172306102293000e-002
3240     +3.3355319023196300e-001    +1.3493749999999999e-001    +1.1432614360836001e-002
3241     +3.2560117524873200e-001    +1.3493749999999999e-001    +1.1668154237599000e-002
3242     +3.1764811711423202e-001    +1.3493749999999999e-001    +1.1878918870850999e-002
3243     +3.0969413160652898e-001    +1.3493749999999999e-001    +1.2064902119806001e-002
3244     +3.0173933454871599e-001    +1.3493749999999999e-001    +1.2226098565072001e-002
3245     +2.9378384180330003e-001    +1.3493749999999999e-001    +1.2362503509044000e-002
3246     +2.8582776926657799e-001    +1.3493749999999999e-001    +1.2474112976243000e-002
3247     +2.7787123286300702e-001    +1.3493749999999999e-001    +1.2560923713611999e-002
3248     +2.6991434853957902e-001    +1.3493749999999999e-001    +1.2622933190750000e-002
3249     +2.6195723226018902e-001    +1.3493749999999999e-001    +1.2660139600094000e-002
3250     +2.5400000000000000e-001    +1.3493749999999999e-001    +1.2672541857055001e-002
3251     +2.4604276773981201e-001    +1.3493749999999999e-001    +1.2660139600094000e-002
3252     +2.3808565146042199e-001    +1.3493749999999999e-001    +1.2622933190750000e-002
3253     +2.3012876713699401e-001    +1.3493749999999999e-001    +1.2560923713611999e-002
3254     +2.2217223073342199e-001    +1.3493749999999999e-001    +1.2474112976243000e-002
3255     +2.1421615819670001e-001    +1.3493749999999999e-001    +1.2362503509044000e-002
3256     +2.0626066545128399e-001    +1.3493749999999999e-001    +1.2226098565072001e-002
3257     +1.9830586839347100e-001    +1.3493749999999999e-001    +1.2064902119806001e-002
3258     +1.9035188288576799e-001    +1.3493749999999999e-001    +1.1878918870850999e-002
3259     +1.8239882475126801e-001    +1.3493749999999999e-001    +1.1668154237599000e-002
3260     +1.7444680976803700e-001    +1.3493749999999999e-001    +1.1432614360836001e-002
3261     +1.6649595366349201e-001    +1.3493749999999999e-001    +1.1172306102293000e-002
3262     +1.5854637210879999e-001    +1.3493749999999999e-001    +1.0887237044146000e-002
3263     +1.5059818071326800e-001    +1.3493749999999999e-001    +1.0577415488465001e-002
3264     +1.4265149501874999e-001    +1.3493749999999999e-001    +1.0242850456607999e-002
3265     +1.3470643049405601e-001    +1.3493749999999999e-001    +9.8835516885669994e-003
3266     +1.2676310252936801e-001    +1.3493749999999999e-001    +9.4995296422609992e-003
3267     +1.1882162643066700e-001    +1.3493749999999999e-001    +9.0907954927689997e-003
3268     +1.1088211741416699e-001    +1.3493749999999999e-001    +8.6573611315240006e-003
3269     +1.0294469060075601e-001    +1.3493749999999999e-001    +8.1992391654479996e-003
3270     +9.5009461010449006e-002    +1.3493749999999999e-001    +7.7164429160319998e-003
3271     +8.7076543556854999e-002    +1.3493749999999999e-001    +7.2089864183740001e-003
3272     +7.9146053041645001e-002    +1.3493749999999999e-001    +6.6768844201560004e-003
3273     +7.1218104149040007e-002    +1.3493749999999999e-001    +6.1201523805759998e-003
3274     +6.3292811440309002e-002    +1.3493749999999999e-001    +5.5388064692289997e-003
3275     +5.5370289348277001e-002    +1.3493749999999999e-001    +4.9328635649290003e-003
3276     +4.7450652171846998e-002    +1.3493749999999999e-001    +4.3023412544919998e-003
3277     +3.9534014070538998e-002    +1.3493749999999999e-001    +3.6472578314599999e-003
3278     +3.1620489059035001e-002    +1.3493749999999999e-001    +2.9676322947760000e-003
3279     +2.3710191001750001e-002    +1.3493749999999999e-001    +2.2634843474100001e-003
3280     +1.5803233607407999e-002    +1.3493749999999999e-001    +1.5348343949370001e-003
3281     +7.8997304236389995e-003    +1.3493749999999999e-001    +7.8170354405799995e-004
3282     +2.6328386728220001e-003    +1.3493749999999999e-001    +2.6328386728200002e-004
3283     -0.0000000000000000e+000    +1.3493749999999999e-001    +0.0000000000000000e+000
3284     +5.0800000000000001e-001    +1.2700000000000000e-001    +0.0000000000000000e+000
3285     +5.0536716132717896e-001    +1.2700000000000000e-001    +2.6328386728200002e-004
3286     +5.0010026957636200e-001    +1.2700000000000000e-001    +7.8170354405799995e-004
3287     +4.9219676639259302e-001    +1.2700000000000000e-001    +1.5348343949370001e-003
3288     +4.8428980899825103e-001    +1.2700000000000000e-001    +2.2634843474100001e-003
3289     +4.7637951094096498e-001    +1.2700000000000000e-001    +2.9676322947760000e-003
3290     +4.6846598592946198e-001    +1.2700000000000000e-001    +3.6472578314599999e-003
3291     +4.6054934782815299e-001    +1.2700000000000000e-001    +4.3023412544919998e-003
3292     +4.5262971065172303e-001    +1.2700000000000000e-001    +4.9328635649290003e-003
3293     +4.4470718855969099e-001    +1.2700000000000000e-001    +5.5388064692289997e-003
3294     +4.3678189585096000e-001    +1.2700000000000000e-001    +6.1201523805759998e-003
3295     +4.2885394695835499e-001    +1.2700000000000000e-001    +6.6768844201560004e-003
3296     +4.2092345644314499e-001    +1.2700000000000000e-001    +7.2089864183740001e-003
3297     +4.1299053898955101e-001    +1.2700000000000000e-001    +7.7164429160319998e-003
3298     +4.0505530939924400e-001    +1.2700000000000000e-001    +8.1992391654479996e-003
3299     +3.9711788258583303e-001    +1.2700000000000000e-001    +8.6573611315240006e-003
3300     +3.8917837356933299e-001    +1.2700000000000000e-001    +9.0907954927689997e-003
3301     +3.8123689747063200e-001    +1.2700000000000000e-001    +9.4995296422609992e-003
3302     +3.7329356950594400e-001    +1.2700000000000000e-001    +9.8835516885669994e-003
3303     +3.6534850498124999e-001    +1.2700000000000000e-001    +1.0242850456607999e-002
3304     +3.5740181928673198e-001    +1.2700000000000000e-001    +1.0577415488465001e-002
3305     +3.4945362789119999e-001    +1.2700000000000000e-001    +1.0887237044146000e-002
3306     +3.4150404633650799e-001    +1.2700000000000000e-001    +1.1172306102293000e-002
3307     +3.3355319023196300e-001    +1.2700000000000000e-001    +1.1432614360836001e-002
3308     +3.2560117524873200e-001    +1.2700000000000000e-001    +1.1668154237599000e-002
3309     +3.1764811711423202e-001    +1.2700000000000000e-001    +1.1878918870850999e-002
3310     +3.0969413160652898e-001    +1.2700000000000000e-001    +1.2064902119806001e-002
3311     +3.0173933454871599e-001    +1.2700000000000000e-001    +1.2226098565072001e-002
3312     +2.9378384180330003e-001    +1.2700000000000000e-001    +1.2362503509044000e-002
3313     +2.8582776926657799e-001    +1.2700000000000000e-001    +1.2474112976243000e-002
3314     +2.7787123286300602e-001    +1.2700000000000000e-001    +1.2560923713611999e-002
3315     +2.6991434853957902e-001    +1.2700000000000000e-001    +1.2622933190750000e-002
3316     +2.6195723226018902e-001    +1.2700000000000000e-001    +1.2660139600094000e-002
3317     +2.5400000000000000e-001    +1.2700000000000000e-001    +1.2672541857055001e-002
3318     +2.4604276773981201e-001    +1.2700000000000000e-001    +1.2660139600094000e-002
3319     +2.3808565146042199e-001    +1.2700000000000000e-001    +1.2622933190750000e-002
3320     +2.3012876713699401e-001    +1.2700000000000000e-001    +1.2560923713611999e-002
3321     +2.2217223073342199e-001    +1.2700000000000000e-001    +1.2474112976243000e-002
3322     +2.1421615819670001e-001    +1.2700000000000000e-001    +1.2362503509044000e-002
3323     +2.0626066545128399e-001    +1.2700000000000000e-001    +1.2226098565072001e-002
3324     +1.9830586839347100e-001    +1.2700000000000000e-001    +1.2064902119806001e-002
3325     +1.9035188288576799e-001    +1.2700000000000000e-001    +1.1878918870850999e-002
3326     +1.8239882475126801e-001    +1.2700000000000000e-001    +1.1668154237599000e-002
3327     +1.7444680976803700e-001    +1.2700000000000000e-001    +1.1432614360836001e-002
3328     +1.6649595366349201e-001    +1.2700000000000000e-001    +1.1172306102293000e-002
3329     +1.5854637210879999e-001    +1.2700000000000000e-001    +1.0887237044146000e-002
3330     +1.5059818071326800e-001    +1.2700000000000000e-001    +1.0577415488465001e-002
3331     +1.4265149501874999e-001    +1.2700000000000000e-001    +1.0242850456607999e-002
3332     +1.3470643049405601e-001    +1.2700000000000000e-001    +9.8835516885669994e-003
3333     +1.2676310252936801e-001    +1.2700000000000000e-001    +9.4995296422609992e-003
3334     +1.1882162643066700e-001    +1.2700000000000000e-001    +9.0907954927689997e-003
3335     +1.1088211741416699e-001    +1.2700000000000000e-001    +8.6573611315240006e-003
3336     +1.0294469060075601e-001    +1.2700000000000000e-001    +8.1992391654479996e-003
3337     +9.5009461010449006e-002    +1.2700000000000000e-001    +7.7164429160319998e-003
3338     +8.7076543556854999e-002    +1.2700000000000000e-001    +7.2089864183740001e-003
3339     +7.9146053041645001e-002    +1.2700000000000000e-001    +6.6768844201560004e-003
3340     +7.1218104149040007e-002    +1.2700000000000000e-001    +6.1201523805759998e-003
3341     +6.3292811440309002e-002    +1.2700000000000000e-001    +5.5388064692289997e-003
3342     +5.5370289348277001e-002    +1.2700000000000000e-001    +4.9328635649290003e-003
3343     +4.7450652171846998e-002    +1.2700000000000000e-001    +4.3023412544919998e-003
3344     +3.9534014070538998e-002    +1.2700000000000000e-001    +3.6472578314599999e-003
3345     +3.1620489059035001e-002    +1.2700000000000000e-001    +2.9676322947760000e-003
3346     +2.3710191001750001e-002    +1.2700000000000000e-001    +2.2634843474100001e-003
3347     +1.5803233607407999e-002    +1.2700000000000000e-001    +1.5348343949370001e-003
3348     +7.8997304236389995e-003    +1.2700000000000000e-001    +7.8170354405799995e-004
3349     +2.6328386728220001e-003    +1.2700000000000000e-001    +2.6328386728200002e-004
3350     -0.0000000000000000e+000    +1.2700000000000000e-001    +0.0000000000000000e+000
3351     +5.0800000000000001e-001    +1.1906250000000000e-001    +0.0000000000000000e+000
3352     +5.0536716132717896e-001    +1.1906250000000000e-001    +2.6328386728200002e-004
3353     +5.0010026957636200e-001    +1.1906250000000000e-001    +7.8170354405799995e-004
3354     +4.9219676639259302e-001    +1.1906250000000000e-001    +1.5348343949370001e-003
3355     +4.8428980899825103e-001    +1.1906250000000000e-001    +2.2634843474100001e-003
3356     +4.7637951094096498e-001    +1.1906250000000000e-001    +2.9676322947760000e-003
3357     +4.6846598592946198e-001    +1.1906250000000000e-001    +3.6472578314599999e-003
3358     +4.6054934782815299e-001    +1.1906250000000000e-001    +4.3023412544919998e-003
3359     +4.5262971065172303e-001    +1.1906250000000000e-001    +4.9328635649290003e-003
3360     +4.4470718855969099e-001    +1.1906250000000000e-001    +5.5388064692289997e-003
3361     +4.3678189585096000e-001    +1.1906250000000000e-001    +6.1201523805759998e-003
3362     +4.2885394695835499e-001    +1.1906250000000000e-001    +6.6768844201560004e-003
3363     +4.2092345644314499e-001    +1.1906250000000000e-001    +7.2089864183740001e-003
3364     +4.1299053898955101e-001    +1.1906250000000000e-001    +7.7164429160319998e-003
3365     +4.0505530939924400e-001    +1.1906250000000000e-001    +8.1992391654479996e-003
3366     +3.9711788258583303e-001    +1.1906250000000000e-001    +8.6573611315240006e-003
3367     +3.8917837356933299e-001    +1.1906250000000000e-001    +9.0907954927689997e-003
3368     +3.8123689747063200e-001    +1.1906250000000000e-001    +9.4995296422609992e-003
3369     +3.7329356950594400e-001    +1.1906250000000000e-001    +9.8835516885669994e-003
3370     +3.6534850498124999e-001    +1.1906250000000000e-001    +1.0242850456607999e-002
3371     +3.5740181928673198e-001    +1.1906250000000000e-001    +1.0577415488465001e-002
3372     +3.4945362789119999e-001    +1.1906250000000000e-001    +1.0887237044146000e-002
3373     +3.4150404633650799e-001    +1.1906250000000000e-001    +1.1172306102293000e-002
3374     +3.3355319023196300e-001    +1.1906250000000000e-001    +1.1432614360836001e-002
3375     +3.2560117524873200e-001    +1.1906250000000000e-001    +1.1668154237599000e-002
3376     +3.1764811711423202e-001    +1.1906250000000000e-001    +1.1878918870850999e-002
3377     +3.0969413160652898e-001    +1.1906250000000000e-001    +1.2064902119806001e-002
3378     +3.0173933454871599e-001    +1.1906250000000000e-001    +1.2226098565072001e-002
3379     +2.9378384180330003e-001    +1.1906250000000000e-001    +1.2362503509044000e-002
3380     +2.8582776926657799e-001    +1.1906250000000000e-001    +1.2474112976243000e-002
3381     +2.7787123286300602e-001    +1.1906250000000000e-001    +1.2560923713611999e-002
3382     +2.6991434853957902e-001    +1.1906250000000000e-001    +1.2622933190750000e-002
3383     +2.6195723226018902e-001    +1.1906250000000000e-001    +1.2660139600094000e-002
3384     +2.5400000000000000e-001    +1.1906250000000000e-001    +1.2672541857055001e-002
3385     +2.4604276773981201e-001    +1.1906250000000000e-001    +1.2660139600094000e-002
3386     +2.3808565146042199e-001    +1.1906250000000000e-001    +1.2622933190750000e-002
3387     +2.3012876713699401e-001    +1.1906250000000000e-001    +1.2560923713611999e-002
3388     +2.2217223073342199e-001    +1.1906250000000000e-001    +1.2474112976243000e-002
3389     +2.1421615819670001e-001    +1.1906250000000000e-001    +1.2362503509044000e-002
3390     +2.0626066545128399e-001    +1.1906250000000000e-001    +1.2226098565072001e-002
3391     +1.9830586839347100e-001    +1.1906250000000000e-001    +1.2064902119806001e-002
3392     +1.9035188288576799e-001    +1.1906250000000000e-001    +1.1878918870850999e-002
3393     +1.8239882475126801e-001    +1.1906250000000000e-001    +1.1668154237599000e-002
3394     +1.7444680976803700e-001    +1.1906250000000000e-001    +1.1432614360836001e-002
3395     +1.6649595366349201e-001    +1.1906250000000000e-001    +1.1172306102293000e-002
3396     +1.5854637210879999e-001    +1.1906250000000000e-001    +1.0887237044146000e-002
3397     +1.5059818071326800e-001    +1.1906250000000000e-001    +1.0577415488465001e-002
3398     +1.4265149501874999e-001    +1.1906250000000000e-001    +1.0242850456607999e-002
3399     +1.3470643049405601e-001    +1.1906250000000000e-001    +9.8835516885669994e-003
3400     +1.2676310252936801e-001    +1.1906250000000000e-001    +9.4995296422609992e-003
3401     +1.1882162643066700e-001    +1.1906250000000000e-001    +9.0907954927689997e-003
3402     +1.1088211741416699e-001    +1.1906250000000000e-001    +8.6573611315240006e-003
3403     +1.0294469060075601e-001    +1.1906250000000000e-001    +8.1992391654479996e-003
3404     +9.5009461010449006e-002    +1.1906250000000000e-001    +7.7164429160319998e-003
3405     +8.7076543556854999e-002    +1.1906250000000000e-001    +7.2089864183740001e-003
3406     +7.9146053041645001e-002    +1.1906250000000000e-001    +6.6768844201560004e-003
3407     +7.1218104149040007e-002    +1.1906250000000000e-001    +6.1201523805759998e-003
3408     +6.3292811440309002e-002    +1.1906250000000000e-001    +5.5388064692289997e-003
3409     +5.5370289348277001e-002    +1.1906250000000000e-001    +4.9328635649290003e-003
3410     +4.7450652171846998e-002    +1.1906250000000000e-001    +4.3023412544919998e-003
3411     +3.9534014070538998e-002    +1.1906250000000000e-001    +3.6472578314599999e-003
3412     +3.1620489059035001e-002    +1.1906250000000000e-001    +2.9676322947760000e-003
3413     +2.3710191001750001e-002    +1.1906250000000000e-001    +2.2634843474100001e-003
3414     +1.5803233607407999e-002    +1.1906250000000000e-001    +1.5348343949370001e-003
3415     +7.8997304236389995e-003    +1.1906250000000000e-001    +7.8170354405799995e-004
3416     +2.6328386728220001e-003    +1.1906250000000000e-001    +2.6328386728200002e-004
3417     -0.0000000000000000e+000    +1.1906250000000000e-001    +0.0000000000000000e+000
3418     +5.0800000000000001e-001    +1.1112500000000000e-001    +0.0000000000000000e+000
3419     +5.0536716132717896e-001    +1.1112500000000000e-001    +2.6328386728200002e-004
3420     +5.0010026957636200e-001    +1.1112500000000000e-001    +7.8170354405799995e-004
3421     +4.9219676639259302e-001    +1.1112500000000000e-001    +1.5348343949370001e-003
3422     +4.8428980899825103e-001    +1.1112500000000000e-001    +2.2634843474100001e-003
3423     +4.7637951094096498e-001    +1.1112500000000000e-001    +2.9676322947760000e-003
3424     +4.6846598592946198e-001    +1.1112500000000000e-001    +3.6472578314599999e-003
3425     +4.6054934782815299e-001    +1.1112500000000000e-001    +4.3023412544919998e-003
3426     +4.5262971065172303e-001    +1.1112500000000000e-001    +4.9328635649290003e-003
3427     +4.4470718855969099e-001    +1.1112500000000000e-001    +5.5388064692289997e-003
3428     +4.3678189585096000e-001    +1.1112500000000000e-001    +6.1201523805759998e-003
3429     +4.2885394695835499e-001    +1.1112500000000000e-001    +6.6768844201550003e-003
3430     +4.2092345644314499e-001    +1.1112500000000000e-001    +7.2089864183740001e-003
3431     +4.1299053898955101e-001    +1.1112500000000000e-001    +7.7164429160319998e-003
3432     +4.0505530939924400e-001    +1.1112500000000000e-001    +8.1992391654479996e-003
3433     +3.9711788258583303e-001    +1.1112500000000000e-001    +8.6573611315240006e-003
3434     +3.8917837356933299e-001    +1.1112500000000000e-001    +9.0907954927689997e-003
3435     +3.8123689747063200e-001    +1.1112500000000000e-001    +9.4995296422609992e-003
3436     +3.7329356950594400e-001    +1.1112500000000000e-001    +9.8835516885669994e-003
3437     +3.6534850498124999e-001    +1.1112500000000000e-001    +1.0242850456607999e-002
3438     +3.5740181928673198e-001    +1.1112500000000000e-001    +1.0577415488465001e-002
3439     +3.4945362789119999e-001    +1.1112500000000000e-001    +1.0887237044146000e-002
3440     +3.4150404633650799e-001    +1.1112500000000000e-001    +1.1172306102293000e-002
3441     +3.3355319023196300e-001    +1.1112500000000000e-001    +1.1432614360836001e-002
3442     +3.2560117524873200e-001    +1.1112500000000000e-001    +1.1668154237599000e-002
3443     +3.1764811711423202e-001    +1.1112500000000000e-001    +1.1878918870850999e-002
3444     +3.0969413160652898e-001    +1.1112500000000000e-001    +1.2064902119806001e-002
3445     +3.0173933454871599e-001    +1.1112500000000000e-001    +1.2226098565072001e-002
3446     +2.9378384180330003e-001    +1.1112500000000000e-001    +1.2362503509044000e-002
3447     +2.8582776926657799e-001    +1.1112500000000000e-001    +1.2474112976243000e-002
3448     +2.7787123286300602e-001    +1.1112500000000000e-001    +1.2560923713611999e-002
3449     +2.6991434853957902e-001    +1.1112500000000000e-001    +1.2622933190750000e-002
3450     +2.6195723226018902e-001    +1.1112500000000000e-001    +1.2660139600094000e-002
3451     +2.5400000000000000e-001    +1.1112500000000000e-001    +1.2672541857055001e-002
3452     +2.4604276773981201e-001    +1.1112500000000000e-001    +1.2660139600094000e-002
3453     +2.3808565146042199e-001    +1.1112500000000000e-001    +1.2622933190750000e-002
3454     +2.3012876713699401e-001    +1.1112500000000000e-001    +1.2560923713611999e-002
3455     +2.2217223073342199e-001    +1.1112500000000000e-001    +1.2474112976243000e-002
3456     +2.1421615819670001e-001    +1.1112500000000000e-001    +1.2362503509044000e-002
3457     +2.0626066545128399e-001    +1.1112500000000000e-001    +1.2226098565072001e-002
3458     +1.9830586839347100e-001    +1.1112500000000000e-001    +1.2064902119806001e-002
3459     +1.9035188288576799e-001    +1.1112500000000000e-001    +1.1878918870850999e-002
3460     +1.8239882475126801e-001    +1.1112500000000000e-001    +1.1668154237599000e-002
3461     +1.7444680976803700e-001    +1.1112500000000000e-001    +1.1432614360836001e-002
3462     +1.6649595366349201e-001    +1.1112500000000000e-001    +1.1172306102293000e-002
3463     +1.5854637210879999e-001    +1.1112500000000000e-001    +1.0887237044146000e-002
3464     +1.5059818071326800e-001    +1.1112500000000000e-001    +1.0577415488465001e-002
3465     +1.4265149501874999e-001    +1.1112500000000000e-001    +1.0242850456607999e-002
3466     +1.3470643049405601e-001    +1.1112500000000000e-001    +9.8835516885669994e-003
3467     +1.2676310252936801e-001    +1.1112500000000000e-001    +9.4995296422609992e-003
3468     +1.1882162643066700e-001    +1.1112500000000000e-001    +9.0907954927689997e-003
3469     +1.1088211741416699e-001    +1.1112500000000000e-001    +8.6573611315240006e-003
3470     +1.0294469060075601e-001    +1.1112500000000000e-001    +8.1992391654479996e-003
3471     +9.5009461010449006e-002    +1.1112500000000000e-001    +7.7164429160319998e-003
3472     +8.7076543556854999e-002    +1.1112500000000000e-001    +7.2089864183740001e-003
3473     +7.9146053041645001e-002    +1.1112500000000000e-001    +6.6768844201560004e-003
3474     +7.1218104149040007e-002    +1.1112500000000000e-001    +6.1201523805759998e-003
3475     +6.3292811440309002e-002    +1.1112500000000000e-001    +5.5388064692289997e-003
3476     +5.5370289348277001e-002    +1.1112500000000000e-001    +4.9328635649290003e-003
3477     +4.7450652171846998e-002    +1.1112500000000000e-001    +4.3023412544919998e-003
3478     +3.9534014070538998e-002    +1.1112500000000000e-001    +3.6472578314599999e-003
3479     +3.1620489059035001e-002    +1.1112500000000000e-001    +2.9676322947760000e-003
3480     +2.3710191001750001e-002    +1.1112500000000000e-001    +2.2634843474100001e-003
3481     +1.5803233607407999e-002    +1.1112500000000000e-001    +1.5348343949370001e-003
3482     +7.8997304236389995e-003    +1.1112500000000000e-001    +7.8170354405799995e-004
3483     +2.6328386728220001e-003    +1.1112500000000000e-001    +2.6328386728200002e-004
3484     -0.0000000000000000e+000    +1.1112500000000000e-001    +0.0000000000000000e+000
3485     +5.0800000000000001e-001    +1.0318750000000000e-001    +0.0000000000000000e+000
3486     +5.0536716132717896e-001    +1.0318750000000000e-001    +2.6328386728200002e-004
3487     +5.0010026957636200e-001    +1.0318750000000000e-001    +7.8170354405799995e-004
3488     +4.9219676639259302e-001    +1.0318750000000000e-001    +1.5348343949370001e-003
3489     +4.8428980899825103e-001    +1.0318750000000000e-001    +2.2634843474100001e-003
3490     +4.7637951094096498e-001    +1.0318750000000000e-001    +2.9676322947760000e-003
3491     +4.6846598592946198e-001    +1.0318750000000000e-001    +3.6472578314599999e-003
3492     +4.6054934782815299e-001    +1.0318750000000000e-001    +4.3023412544919998e-003
3493     +4.5262971065172303e-001    +1.0318750000000000e-001    +4.9328635649290003e-003
3494     +4.4470718855969099e-001    +1.0318750000000000e-001    +5.5388064692289997e-003
3495     +4.3678189585096000e-001    +1.0318750000000000e-001    +6.1201523805759998e-003
3496     +4.2885394695835499e-001    +1.0318750000000000e-001    +6.6768844201550003e-003
3497     +4.2092345644314499e-001    +1.0318750000000000e-001    +7.2089864183740001e-003
3498     +4.1299053898955101e-001    +1.0318750000000000e-001    +7.7164429160319998e-003
3499     +4.0505530939924400e-001    +1.0318750000000000e-001    +8.1992391654479996e-003
3500     +3.9711788258583303e-001    +1.0318750000000000e-001    +8.6573611315240006e-003
3501     +3.8917837356933299e-001    +1.0318750000000000e-001    +9.0907954927689997e-003
3502     +3.8123689747063200e-001    +1.0318750000000000e-001    +9.4995296422609992e-003
3503     +3.7329356950594400e-001    +1.0318750000000000e-001    +9.8835516885669994e-003
3504     +3.6534850498124999e-001    +1.0318750000000000e-001    +1.0242850456607999e-002
3505     +3.5740181928673198e-001    +1.0318750000000000e-001    +1.0577415488465001e-002
3506     +3.4945362789119999e-001    +1.0318750000000000e-001    +1.0887237044146000e-002
3507     +3.4150404633650799e-001    +1.0318750000000000e-001    +1.1172306102293000e-002
3508     +3.3355319023196300e-001    +1.0318750000000000e-001    +1.1432614360836001e-002
3509     +3.2560117524873200e-001    +1.0318750000000000e-001    +1.1668154237599000e-002
3510     +3.1764811711423202e-001    +1.0318750000000000e-001    +1.1878918870850999e-002
3511     +3.0969413160652898e-001    +1.0318750000000000e-001    +1.2064902119806001e-002
3512     +3.0173933454871599e-001    +1.0318750000000000e-001    +1.2226098565072001e-002
3513     +2.9378384180330003e-001    +1.0318750000000000e-001    +1.2362503509044000e-002
3514     +2.8582776926657799e-001    +1.0318750000000000e-001    +1.2474112976243000e-002
3515     +2.7787123286300602e-001    +1.0318750000000000e-001    +1.2560923713611999e-002
3516     +2.6991434853957902e-001    +1.0318750000000000e-001    +1.2622933190750000e-002
3517     +2.6195723226018902e-001    +1.0318750000000000e-001    +1.2660139600094000e-002
3518     +2.5400000000000000e-001    +1.0318750000000000e-001    +1.2672541857055001e-002
3519     +2.4604276773981201e-001    +1.0318750000000000e-001    +1.2660139600094000e-002
3520     +2.3808565146042199e-001    +1.0318750000000000e-001    +1.2622933190750000e-002
3521     +2.3012876713699401e-001    +1.0318750000000000e-001    +1.2560923713611999e-002
3522     +2.2217223073342199e-001    +1.0318750000000000e-001    +1.2474112976243000e-002
3523     +2.1421615819670001e-001    +1.0318750000000000e-001    +1.2362503509044000e-002
3524     +2.0626066545128399e-001    +1.0318750000000000e-001    +1.2226098565072001e-002
3525     +1.9830586839347100e-001    +1.0318750000000000e-001    +1.2064902119806001e-002
3526     +1.9035188288576799e-001    +1.0318750000000000e-001    +1.1878918870850999e-002
3527     +1.8239882475126801e-001    +1.0318750000000000e-001    +1.1668154237599000e-002
3528     +1.7444680976803700e-001    +1.0318750000000000e-001    +1.1432614360836001e-002
3529     +1.6649595366349201e-001    +1.0318750000000000e-001    +1.1172306102293000e-002
3530     +1.5854637210879999e-001    +1.0318750000000000e-001    +1.0887237044146000e-002
3531     +1.5059818071326800e-001    +1.0318750000000000e-001    +1.0577415488465001e-002
3532     +1.4265149501874999e-001    +1.0318750000000000e-001    +1.0242850456607999e-002
3533     +1.3470643049405601e-001    +1.0318750000000000e-001    +9.8835516885669994e-003
3534     +1.2676310252936801e-001    +1.0318750000000000e-001    +9.4995296422609992e-003
3535     +1.1882162643066700e-001    +1.0318750000000000e-001    +9.0907954927689997e-003
3536     +1.1088211741416699e-001    +1.0318750000000000e-001    +8.6573611315240006e-003
3537     +1.0294469060075601e-001    +1.0318750000000000e-001    +8.1992391654479996e-003
3538     +9.5009461010449006e-002    +1.0318750000000000e-001    +7.7164429160319998e-003
3539     +8.7076543556854999e-002    +1.0318750000000000e-001    +7.2089864183740001e-003
3540     +7.9146053041645001e-002    +1.0318750000000000e-001    +6.6768844201550003e-003
3541     +7.1218104149040007e-002    +1.0318750000000000e-001    +6.1201523805759998e-003
3542     +6.3292811440309002e-002    +1.0318750000000000e-001    +5.5388064692289997e-003
3543     +5.5370289348277001e-002    +1.0318750000000000e-001    +4.9328635649290003e-003
3544     +4.7450652171846998e-002    +1.0318750000000000e-001    +4.3023412544919998e-003
3545     +3.9534014070538998e-002    +1.0318750000000000e-001    +3.6472578314599999e-003
3546     +3.1620489059035001e-002    +1.0318750000000000e-001    +2.9676322947760000e-003
3547     +2.3710191001750001e-002    +1.0318750000000000e-001    +2.2634843474100001e-003
3548     +1.5803233607407999e-002    +1.0318750000000000e-001    +1.5348343949370001e-003
3549     +7.8997304236389995e-003    +1.0318750000000000e-001    +7.8170354405799995e-004
3550     +2.6328386728220001e-003    +1.0318750000000000e-001    +2.6328386728200002e-004
3551     -0.0000000000000000e+000    +1.0318750000000000e-001    +0.0000000000000000e+000
3552     +5.0800000000000001e-001    +9.5250000000000001e-002    +0.0000000000000000e+000
3553     +5.0536716132717896e-001    +9.5250000000000001e-002    +2.6328386728200002e-004
3554     +5.0010026957636200e-001    +9.5250000000000001e-002    +7.8170354405799995e-004
3555     +4.9219676639259302e-001    +9.5250000000000001e-002    +1.5348343949370001e-003
3556     +4.8428980899825103e-001    +9.5250000000000001e-002    +2.2634843474100001e-003
3557     +4.7637951094096498e-001    +9.5250000000000001e-002    +2.9676322947760000e-003
3558     +4.6846598592946198e-001    +9.5250000000000001e-002    +3.6472578314599999e-003
3559     +4.6054934782815299e-001    +9.5250000000000001e-002    +4.3023412544919998e-003
3560     +4.5262971065172303e-001    +9.5250000000000001e-002    +4.9328635649290003e-003
3561     +4.4470718855969099e-001    +9.5250000000000001e-002    +5.5388064692289997e-003
3562     +4.3678189585096000e-001    +9.5250000000000001e-002    +6.1201523805759998e-003
3563     +4.2885394695835499e-001    +9.5250000000000001e-002    +6.6768844201550003e-003
3564     +4.2092345644314499e-001    +9.5250000000000001e-002    +7.2089864183740001e-003
3565     +4.1299053898955101e-001    +9.5250000000000001e-002    +7.7164429160319998e-003
3566     +4.0505530939924400e-001    +9.5250000000000001e-002    +8.1992391654479996e-003
3567     +3.9711788258583303e-001    +9.5250000000000001e-002    +8.6573611315240006e-003
3568     +3.8917837356933299e-001    +9.5250000000000001e-002    +9.0907954927689997e-003
3569     +3.8123689747063200e-001    +9.5250000000000001e-002    +9.4995296422609992e-003
3570     +3.7329356950594400e-001    +9.5250000000000001e-002    +9.8835516885669994e-003
3571     +3.6534850498124999e-001    +9.5250000000000001e-002    +1.0242850456607999e-002
3572     +3.5740181928673198e-001    +9.5250000000000001e-002    +1.0577415488465001e-002
3573     +3.4945362789119999e-001    +9.5250000000000001e-002    +1.0887237044146000e-002
3574     +3.4150404633650799e-001    +9.5250000000000001e-002    +1.1172306102293000e-002
3575     +3.3355319023196300e-001    +9.5250000000000001e-002    +1.1432614360836001e-002
3576     +3.2560117524873200e-001    +9.5250000000000001e-002    +1.1668154237599000e-002
3577     +3.1764811711423202e-001    +9.5250000000000001e-002    +1.1878918870850999e-002
3578     +3.0969413160652898e-001    +9.5250000000000001e-002    +1.2064902119806001e-002
3579     +3.0173933454871599e-001    +9.5250000000000001e-002    +1.2226098565072001e-002
3580     +2.9378384180330003e-001    +9.5250000000000001e-002    +1.2362503509044000e-002
3581     +2.8582776926657799e-001    +9.5250000000000001e-002    +1.2474112976243000e-002
3582     +2.7787123286300602e-001    +9.5250000000000001e-002    +1.2560923713611999e-002
3583     +2.6991434853957902e-001    +9.5250000000000001e-002    +1.2622933190750000e-002
3584     +2.6195723226018902e-001    +9.5250000000000001e-002    +1.2660139600094000e-002
3585     +2.5400000000000000e-001    +9.5250000000000001e-002    +1.2672541857055001e-002
3586     +2.4604276773981201e-001    +9.5250000000000001e-002    +1.2660139600094000e-002
3587     +2.3808565146042199e-001    +9.5250000000000001e-002    +1.2622933190750000e-002
3588     +2.3012876713699401e-001    +9.5250000000000001e-002    +1.2560923713611999e-002
3589     +2.2217223073342199e-001    +9.5250000000000001e-002    +1.2474112976243000e-002
3590     +2.1421615819670001e-001    +9.5250000000000001e-002    +1.2362503509044000e-002
3591     +2.0626066545128399e-001    +9.5250000000000001e-002    +1.2226098565072001e-002
3592     +1.9830586839347100e-001    +9.5250000000000001e-002    +1.2064902119806001e-002
3593     +1.9035188288576799e-001    +9.5250000000000001e-002    +1.1878918870850999e-002
3594     +1.8239882475126901e-001    +9.5250000000000001e-002    +1.1668154237599000e-002
3595     +1.7444680976803700e-001    +9.5250000000000001e-002    +1.1432614360836001e-002
3596     +1.6649595366349201e-001    +9.5250000000000001e-002    +1.1172306102293000e-002
3597     +1.5854637210879999e-001    +9.5250000000000001e-002    +1.0887237044146000e-002
3598     +1.5059818071326800e-001    +9.5250000000000001e-002    +1.0577415488465001e-002
3599     +1.4265149501874999e-001    +9.5250000000000001e-002    +1.0242850456607999e-002
3600     +1.3470643049405601e-001    +9.5250000000000001e-002    +9.8835516885669994e-003
3601     +1.2676310252936801e-001    +9.5250000000000001e-002    +9.4995296422609992e-003
3602     +1.1882162643066700e-001    +9.5250000000000001e-002    +9.0907954927689997e-003
3603     +1.1088211741416699e-001    +9.5250000000000001e-002    +8.6573611315240006e-003
3604     +1.0294469060075601e-001    +9.5250000000000001e-002    +8.1992391654479996e-003
3605     +9.5009461010449006e-002    +9.5250000000000001e-002    +7.7164429160319998e-003
3606     +8.7076543556854999e-002    +9.5250000000000001e-002    +7.2089864183740001e-003
3607     +7.9146053041645001e-002    +9.5250000000000001e-002    +6.6768844201550003e-003
3608     +7.1218104149040007e-002    +9.5250000000000001e-002    +6.1201523805759998e-003
3609     +6.3292811440309002e-002    +9.5250000000000001e-002    +5.5388064692289997e-003
3610     +5.5370289348277001e-002    +9.5250000000000001e-002    +4.9328635649290003e-003
3611     +4.7450652171846998e-002    +9.5250000000000001e-002    +4.3023412544919998e-003
3612     +3.9534014070538998e-002    +9.5250000000000001e-002    +3.6472578314599999e-003
3613     +3.1620489059035001e-002    +9.5250000000000001e-002    +2.9676322947760000e-003
3614     +2.3710191001750001e-002    +9.5250000000000001e-002    +2.2634843474100001e-003
3615     +1.5803233607407999e-002    +9.5250000000000001e-002    +1.5348343949370001e-003
3616     +7.8997304236389995e-003    +9.5250000000000001e-002    +7.8170354405799995e-004
3617     +2.6328386728220001e-003    +9.5250000000000001e-002    +2.6328386728200002e-004
3618     -0.0000000000000000e+000    +9.5250000000000001e-002    +0.0000000000000000e+000
3619     +5.0800000000000001e-001    +8.7312500000000001e-002    +0.0000000000000000e+000
3620     +5.0536716132717896e-001    +8.7312500000000001e-002    +2.6328386728200002e-004
3621     +5.0010026957636200e-001    +8.7312500000000001e-002    +7.8170354405799995e-004
3622     +4.9219676639259302e-001    +8.7312500000000001e-002    +1.5348343949370001e-003
3623     +4.8428980899825103e-001    +8.7312500000000001e-002    +2.2634843474100001e-003
3624     +4.7637951094096498e-001    +8.7312500000000001e-002    +2.9676322947760000e-003
3625     +4.6846598592946198e-001    +8.7312500000000001e-002    +3.6472578314599999e-003
3626     +4.6054934782815299e-001    +8.7312500000000001e-002    +4.3023412544919998e-003
3627     +4.5262971065172303e-001    +8.7312500000000001e-002    +4.9328635649290003e-003
3628     +4.4470718855969099e-001    +8.7312500000000001e-002    +5.5388064692289997e-003
3629     +4.3678189585096000e-001    +8.7312500000000001e-002    +6.1201523805759998e-003
3630     +4.2885394695835499e-001    +8.7312500000000001e-002    +6.6768844201550003e-003
3631     +4.2092345644314499e-001    +8.7312500000000001e-002    +7.2089864183740001e-003
3632     +4.1299053898955101e-001    +8.7312500000000001e-002    +7.7164429160319998e-003
3633     +4.0505530939924400e-001    +8.7312500000000001e-002    +8.1992391654479996e-003
3634     +3.9711788258583303e-001    +8.7312500000000001e-002    +8.6573611315240006e-003
3635     +3.8917837356933299e-001    +8.7312500000000001e-002    +9.0907954927689997e-003
3636     +3.8123689747063200e-001    +8.7312500000000001e-002    +9.4995296422609992e-003
3637     +3.7329356950594400e-001    +8.7312500000000001e-002    +9.8835516885669994e-003
3638     +3.6534850498124999e-001    +8.7312500000000001e-002    +1.0242850456607999e-002
3639     +3.5740181928673198e-001    +8.7312500000000001e-002    +1.0577415488465001e-002
3640     +3.4945362789119999e-001    +8.7312500000000001e-002    +1.0887237044146000e-002
3641     +3.4150404633650799e-001    +8.7312500000000001e-002    +1.1172306102293000e-002
3642     +3.3355319023196300e-001    +8.7312500000000001e-002    +1.1432614360836001e-002
3643     +3.2560117524873200e-001    +8.7312500000000001e-002    +1.1668154237599000e-002
3644     +3.1764811711423202e-001    +8.7312500000000001e-002    +1.1878918870850999e-002
3645     +3.0969413160652898e-001    +8.7312500000000001e-002    +1.2064902119806001e-002
3646     +3.0173933454871599e-001    +8.7312500000000001e-002    +1.2226098565072001e-002
3647     +2.9378384180330003e-001    +8.7312500000000001e-002    +1.2362503509044000e-002
3648     +2.8582776926657799e-001    +8.7312500000000001e-002    +1.2474112976243000e-002
3649     +2.7787123286300602e-001    +8.7312500000000001e-002    +1.2560923713611999e-002
3650     +2.6991434853957902e-001    +8.7312500000000001e-002    +1.2622933190750000e-002
3651     +2.6195723226018902e-001    +8.7312500000000001e-002    +1.2660139600094000e-002
3652     +2.5400000000000000e-001    +8.7312500000000001e-002    +1.2672541857055001e-002
3653     +2.4604276773981201e-001    +8.7312500000000001e-002    +1.2660139600094000e-002
3654     +2.3808565146042199e-001    +8.7312500000000001e-002    +1.2622933190750000e-002
3655     +2.3012876713699401e-001    +8.7312500000000001e-002    +1.2560923713611999e-002
3656     +2.2217223073342199e-001    +8.7312500000000001e-002    +1.2474112976243000e-002
3657     +2.1421615819670001e-001    +8.7312500000000001e-002    +1.2362503509044000e-002
3658     +2.0626066545128399e-001    +8.7312500000000001e-002    +1.2226098565072001e-002
3659     +1.9830586839347100e-001    +8.7312500000000001e-002    +1.2064902119806001e-002
3660     +1.9035188288576799e-001    +8.7312500000000001e-002    +1.1878918870850999e-002
3661     +1.8239882475126801e-001    +8.7312500000000001e-002    +1.1668154237599000e-002
3662     +1.7444680976803700e-001    +8.7312500000000001e-002    +1.1432614360836001e-002
3663     +1.6649595366349201e-001    +8.7312500000000001e-002    +1.1172306102293000e-002
3664     +1.5854637210879999e-001    +8.7312500000000001e-002    +1.0887237044146000e-002
3665     +1.5059818071326800e-001    +8.7312500000000001e-002    +1.0577415488465001e-002
3666     +1.4265149501874999e-001    +8.7312500000000001e-002    +1.0242850456607999e-002
3667     +1.3470643049405601e-001    +8.7312500000000001e-002    +9.8835516885669994e-003
3668     +1.2676310252936801e-001    +8.7312500000000001e-002    +9.4995296422609992e-003
3669     +1.1882162643066700e-001    +8.7312500000000001e-002    +9.0907954927689997e-003
3670     +1.1088211741416699e-001    +8.7312500000000001e-002    +8.6573611315240006e-003
3671     +1.0294469060075601e-001    +8.7312500000000001e-002    +8.1992391654479996e-003
3672     +9.5009461010449006e-002    +8.7312500000000001e-002    +7.7164429160319998e-003
3673     +8.7076543556854999e-002    +8.7312500000000001e-002    +7.2089864183740001e-003
3674     +7.9146053041645001e-002    +8.7312500000000001e-002    +6.6768844201550003e-003
3675     +7.1218104149040007e-002    +8.7312500000000001e-002    +6.1201523805759998e-003
3676     +6.3292811440309002e-002    +8.7312500000000001e-002    +5.5388064692289997e-003
3677     +5.5370289348277001e-002    +8.7312500000000001e-002    +4.9328635649290003e-003
3678     +4.7450652171846998e-002    +8.7312500000000001e-002    +4.3023412544919998e-003
3679     +3.9534014070538998e-002    +8.7312500000000001e-002    +3.6472578314599999e-003
3680     +3.1620489059035001e-002    +8.7312500000000001e-002    +2.9676322947760000e-003
3681     +2.3710191001750001e-002    +8.7312500000000001e-002    +2.2634843474100001e-003
3682     +1.5803233607407999e-002    +8.7312500000000001e-002    +1.5348343949370001e-003
3683     +7.8997304236389995e-003    +8.7312500000000001e-002    +7.8170354405799995e-004
3684     +2.6328386728220001e-003    +8.7312500000000001e-002    +2.6328386728200002e-004
3685     -0.0000000000000000e+000    +8.7312500000000001e-002    +0.0000000000000000e+000
3686     +5.0800000000000001e-001    +7.9375000000000001e-002    +0.0000000000000000e+000
3687     +5.0536716132717896e-001    +7.9375000000000001e-002    +2.6328386728200002e-004
3688     +5.0010026957636200e-001    +7.9375000000000001e-002    +7.8170354405799995e-004
3689     +4.9219676639259302e-001    +7.9375000000000001e-002    +1.5348343949370001e-003
3690     +4.8428980899825103e-001    +7.9375000000000001e-002    +2.2634843474100001e-003
3691     +4.7637951094096498e-001    +7.9375000000000001e-002    +2.9676322947760000e-003
3692     +4.6846598592946198e-001    +7.9375000000000001e-002    +3.6472578314599999e-003
3693     +4.6054934782815299e-001    +7.9375000000000001e-002    +4.3023412544919998e-003
3694     +4.5262971065172303e-001    +7.9375000000000001e-002    +4.9328635649290003e-003
3695     +4.4470718855969099e-001    +7.9375000000000001e-002    +5.5388064692289997e-003
3696     +4.3678189585096000e-001    +7.9375000000000001e-002    +6.1201523805759998e-003
3697     +4.2885394695835499e-001    +7.9375000000000001e-002    +6.6768844201550003e-003
3698     +4.2092345644314499e-001    +7.9375000000000001e-002    +7.2089864183740001e-003
3699     +4.1299053898955101e-001    +7.9375000000000001e-002    +7.7164429160319998e-003
3700     +4.0505530939924400e-001    +7.9375000000000001e-002    +8.1992391654479996e-003
3701     +3.9711788258583303e-001    +7.9375000000000001e-002    +8.6573611315240006e-003
3702     +3.8917837356933299e-001    +7.9375000000000001e-002    +9.0907954927689997e-003
3703     +3.8123689747063200e-001    +7.9375000000000001e-002    +9.4995296422609992e-003
3704     +3.7329356950594400e-001    +7.9375000000000001e-002    +9.8835516885669994e-003
3705     +3.6534850498124999e-001    +7.9375000000000001e-002    +1.0242850456607999e-002
3706     +3.5740181928673198e-001    +7.9375000000000001e-002    +1.0577415488465001e-002
3707     +3.4945362789119999e-001    +7.9375000000000001e-002    +1.0887237044146000e-002
3708     +3.4150404633650799e-001    +7.9375000000000001e-002    +1.1172306102293000e-002
3709     +3.3355319023196300e-001    +7.9375000000000001e-002    +1.1432614360836001e-002
3710     +3.2560117524873200e-001    +7.9375000000000001e-002    +1.1668154237599000e-002
3711     +3.1764811711423202e-001    +7.9375000000000001e-002    +1.1878918870850999e-002
3712     +3.0969413160652898e-001    +7.9375000000000001e-002    +1.2064902119806001e-002
3713     +3.0173933454871599e-001    +7.9375000000000001e-002    +1.2226098565072001e-002
3714     +2.9378384180330003e-001    +7.9375000000000001e-002    +1.2362503509044000e-002
3715     +2.8582776926657799e-001    +7.9375000000000001e-002    +1.2474112976243000e-002
3716     +2.7787123286300602e-001    +7.9375000000000001e-002    +1.2560923713611999e-002
3717     +2.6991434853957902e-001    +7.9375000000000001e-002    +1.2622933190750000e-002
3718     +2.6195723226018902e-001    +7.9375000000000001e-002    +1.2660139600094000e-002
3719     +2.5400000000000000e-001    +7.9375000000000001e-002    +1.2672541857055001e-002
3720     +2.4604276773981201e-001    +7.9375000000000001e-002    +1.2660139600094000e-002
3721     +2.3808565146042199e-001    +7.9375000000000001e-002    +1.2622933190750000e-002
3722     +2.3012876713699401e-001    +7.9375000000000001e-002    +1.2560923713611999e-002
3723     +2.2217223073342199e-001    +7.9375000000000001e-002    +1.2474112976243000e-002
3724     +2.1421615819670001e-001    +7.9375000000000001e-002    +1.2362503509044000e-002
3725     +2.0626066545128399e-001    +7.9375000000000001e-002    +1.2226098565072001e-002
3726     +1.9830586839347100e-001    +7.9375000000000001e-002    +1.2064902119806001e-002
3727     +1.9035188288576799e-001    +7.9375000000000001e-002    +1.1878918870850999e-002
3728     +1.8239882475126901e-001    +7.9375000000000001e-002    +1.1668154237599000e-002
3729     +1.7444680976803700e-001    +7.9375000000000001e-002    +1.1432614360836001e-002
3730     +1.6649595366349201e-001    +7.9375000000000001e-002    +1.1172306102293000e-002
3731     +1.5854637210879999e-001    +7.9375000000000001e-002    +1.0887237044146000e-002
3732     +1.5059818071326800e-001    +7.9375000000000001e-002    +1.0577415488465001e-002
3733     +1.4265149501874999e-001    +7.9375000000000001e-002    +1.0242850456607999e-002
3734     +1.3470643049405601e-001    +7.9375000000000001e-002    +9.8835516885669994e-003
3735     +1.2676310252936801e-001    +7.9375000000000001e-002    +9.4995296422609992e-003
3736     +1.1882162643066800e-001    +7.9375000000000001e-002    +9.0907954927689997e-003
3737     +1.1088211741416699e-001    +7.9375000000000001e-002    +8.6573611315240006e-003
3738     +1.0294469060075601e-001    +7.9375000000000001e-002    +8.1992391654479996e-003
3739     +9.5009461010449006e-002    +7.9375000000000001e-002    +7.7164429160319998e-003
3740     +8.7076543556854999e-002    +7.9375000000000001e-002    +7.2089864183740001e-003
3741     +7.9146053041645001e-002    +7.9375000000000001e-002    +6.6768844201550003e-003
3742     +7.1218104149040007e-002    +7.9375000000000001e-002    +6.1201523805759998e-003
3743     +6.3292811440309002e-002    +7.9375000000000001e-002    +5.5388064692289997e-003
3744     +5.5370289348277001e-002    +7.9375000000000001e-002    +4.9328635649290003e-003
3745     +4.7450652171846998e-002    +7.9375000000000001e-002    +4.3023412544919998e-003
3746     +3.9534014070538998e-002    +7.9375000000000001e-002    +3.6472578314599999e-003
3747     +3.1620489059035001e-002    +7.9375000000000001e-002    +2.9676322947760000e-003
3748     +2.3710191001750001e-002    +7.9375000000000001e-002    +2.2634843474100001e-003
3749     +1.5803233607407999e-002    +7.9375000000000001e-002    +1.5348343949370001e-003
3750     +7.8997304236389995e-003    +7.9375000000000001e-002    +7.8170354405799995e-004
3751     +2.6328386728220001e-003    +7.9375000000000001e-002    +2.6328386728200002e-004
3752     -0.0000000000000000e+000    +7.9375000000000001e-002    +0.0000000000000000e+000
3753     +5.0800000000000001e-001    +7.1437500000000001e-002    +0.0000000000000000e+000
3754     +5.0536716132717896e-001    +7.1437500000000001e-002    +2.6328386728200002e-004
3755     +5.0010026957636200e-001    +7.1437500000000001e-002    +7.8170354405799995e-004
3756     +4.9219676639259302e-001    +7.1437500000000001e-002    +1.5348343949370001e-003
3757     +4.8428980899825103e-001    +7.1437500000000001e-002    +2.2634843474100001e-003
3758     +4.7637951094096498e-001    +7.1437500000000001e-002    +2.9676322947760000e-003
3759     +4.6846598592946198e-001    +7.1437500000000001e-002    +3.6472578314599999e-003
3760     +4.6054934782815299e-001    +7.1437500000000001e-002    +4.3023412544919998e-003
3761     +4.5262971065172303e-001    +7.1437500000000001e-002    +4.9328635649290003e-003
3762     +4.4470718855969099e-001    +7.1437500000000001e-002    +5.5388064692289997e-003
3763     +4.3678189585096000e-001    +7.1437500000000001e-002    +6.1201523805759998e-003
3764     +4.2885394695835499e-001    +7.1437500000000001e-002    +6.6768844201550003e-003
3765     +4.2092345644314499e-001    +7.1437500000000001e-002    +7.2089864183740001e-003
3766     +4.1299053898955101e-001    +7.1437500000000001e-002    +7.7164429160319998e-003
3767     +4.0505530939924400e-001    +7.1437500000000001e-002    +8.1992391654479996e-003
3768     +3.9711788258583303e-001    +7.1437500000000001e-002    +8.6573611315240006e-003
3769     +3.8917837356933299e-001    +7.1437500000000001e-002    +9.0907954927689997e-003
3770     +3.8123689747063200e-001    +7.1437500000000001e-002    +9.4995296422609992e-003
3771     +3.7329356950594400e-001    +7.1437500000000001e-002    +9.8835516885669994e-003
3772     +3.6534850498124999e-001    +7.1437500000000001e-002    +1.0242850456607999e-002
3773     +3.5740181928673198e-001    +7.1437500000000001e-002    +1.0577415488465001e-002
3774     +3.4945362789119999e-001    +7.1437500000000001e-002    +1.0887237044146000e-002
3775     +3.4150404633650799e-001    +7.1437500000000001e-002    +1.1172306102293000e-002
3776     +3.3355319023196300e-001    +7.1437500000000001e-002    +1.1432614360836001e-002
3777     +3.2560117524873200e-001    +7.1437500000000001e-002    +1.1668154237599000e-002
3778     +3.1764811711423202e-001    +7.1437500000000001e-002    +1.1878918870850999e-002
3779     +3.0969413160652898e-001    +7.1437500000000001e-002    +1.2064902119806001e-002
3780     +3.0173933454871599e-001    +7.1437500000000001e-002    +1.2226098565072001e-002
3781     +2.9378384180330003e-001    +7.1437500000000001e-002    +1.2362503509044000e-002
3782     +2.8582776926657799e-001    +7.1437500000000001e-002    +1.2474112976243000e-002
3783     +2.7787123286300602e-001    +7.1437500000000001e-002    +1.2560923713611999e-002
3784     +2.6991434853957902e-001    +7.1437500000000001e-002    +1.2622933190750000e-002
3785     +2.6195723226018902e-001    +7.1437500000000001e-002    +1.2660139600094000e-002
3786     +2.5400000000000000e-001    +7.1437500000000001e-002    +1.2672541857055001e-002
3787     +2.4604276773981201e-001    +7.1437500000000001e-002    +1.2660139600094000e-002
3788     +2.3808565146042199e-001    +7.1437500000000001e-002    +1.2622933190750000e-002
3789     +2.3012876713699401e-001    +7.1437500000000001e-002    +1.2560923713611999e-002
3790     +2.2217223073342199e-001    +7.1437500000000001e-002    +1.2474112976243000e-002
3791     +2.1421615819670001e-001    +7.1437500000000001e-002    +1.2362503509044000e-002
3792     +2.0626066545128399e-001    +7.1437500000000001e-002    +1.2226098565072001e-002
3793     +1.9830586839347100e-001    +7.1437500000000001e-002    +1.2064902119806001e-002
3794     +1.9035188288576799e-001    +7.1437500000000001e-002    +1.1878918870850999e-002
3795     +1.8239882475126801e-001    +7.1437500000000001e-002    +1.1668154237599000e-002
3796     +1.7444680976803700e-001    +7.1437500000000001e-002    +1.1432614360836001e-002
3797     +1.6649595366349201e-001    +7.1437500000000001e-002    +1.1172306102293000e-002
3798     +1.5854637210879999e-001    +7.1437500000000001e-002    +1.0887237044146000e-002
3799     +1.5059818071326800e-001    +7.1437500000000001e-002    +1.0577415488465001e-002
3800     +1.4265149501874999e-001    +7.1437500000000001e-002    +1.0242850456607999e-002
3801     +1.3470643049405601e-001    +7.1437500000000001e-002    +9.8835516885669994e-003
3802     +1.2676310252936801e-001    +7.1437500000000001e-002    +9.4995296422609992e-003
3803     +1.1882162643066800e-001    +7.1437500000000001e-002    +9.0907954927689997e-003
3804     +1.1088211741416699e-001    +7.1437500000000001e-002    +8.6573611315240006e-003
3805     +1.0294469060075601e-001    +7.1437500000000001e-002    +8.1992391654479996e-003
3806     +9.5009461010449006e-002    +7.1437500000000001e-002    +7.7164429160319998e-003
3807     +8.7076543556854999e-002    +7.1437500000000001e-002    +7.2089864183740001e-003
3808     +7.9146053041645001e-002    +7.1437500000000001e-002    +6.6768844201550003e-003
3809     +7.1218104149040007e-002    +7.1437500000000001e-002    +6.1201523805759998e-003
3810     +6.3292811440309002e-002    +7.1437500000000001e-002    +5.5388064692289997e-003
3811     +5.5370289348277001e-002    +7.1437500000000001e-002    +4.9328635649290003e-003
3812     +4.7450652171846998e-002    +7.1437500000000001e-002    +4.3023412544919998e-003
3813     +3.9534014070538998e-002    +7.1437500000000001e-002    +3.6472578314599999e-003
3814     +3.1620489059035001e-002    +7.1437500000000001e-002    +2.9676322947760000e-003
3815     +2.3710191001750001e-002    +7.1437500000000001e-002    +2.2634843474100001e-003
3816     +1.5803233607407999e-002    +7.1437500000000001e-002    +1.5348343949370001e-003
3817     +7.8997304236389995e-003    +7.1437500000000001e-002    +7.8170354405799995e-004
3818     +2.6328386728220001e-003    +7.1437500000000001e-002    +2.6328386728200002e-004
3819     -0.0000000000000000e+000    +7.1437500000000001e-002    +0.0000000000000000e+000
3820     +5.0800000000000001e-001    +6.3500000000000001e-002    +0.0000000000000000e+000
3821     +5.0536716132717896e-001    +6.3500000000000001e-002    +2.6328386728200002e-004
3822     +5.0010026957636200e-001    +6.3500000000000001e-002    +7.8170354405799995e-004
3823     +4.9219676639259302e-001    +6.3500000000000001e-002    +1.5348343949370001e-003
3824     +4.8428980899825103e-001    +6.3500000000000001e-002    +2.2634843474100001e-003
3825     +4.7637951094096498e-001    +6.3500000000000001e-002    +2.9676322947760000e-003
3826     +4.6846598592946198e-001    +6.3500000000000001e-002    +3.6472578314599999e-003
3827     +4.6054934782815299e-001    +6.3500000000000001e-002    +4.3023412544919998e-003
3828     +4.5262971065172303e-001    +6.3500000000000001e-002    +4.9328635649290003e-003
3829     +4.4470718855969099e-001    +6.3500000000000001e-002    +5.5388064692289997e-003
3830     +4.3678189585096000e-001    +6.3500000000000001e-002    +6.1201523805759998e-003
3831     +4.2885394695835499e-001    +6.3500000000000001e-002    +6.6768844201550003e-003
3832     +4.2092345644314499e-001    +6.3500000000000001e-002    +7.2089864183740001e-003
3833     +4.1299053898955101e-001    +6.3500000000000001e-002    +7.7164429160319998e-003
3834     +4.0505530939924400e-001    +6.3500000000000001e-002    +8.1992391654479996e-003
3835     +3.9711788258583303e-001    +6.3500000000000001e-002    +8.6573611315240006e-003
3836     +3.8917837356933299e-001    +6.3500000000000001e-002    +9.0907954927689997e-003
3837     +3.8123689747063200e-001    +6.3500000000000001e-002    +9.4995296422609992e-003
3838     +3.7329356950594400e-001    +6.3500000000000001e-002    +9.8835516885669994e-003
3839     +3.6534850498124999e-001    +6.3500000000000001e-002    +1.0242850456607999e-002
3840     +3.5740181928673198e-001    +6.3500000000000001e-002    +1.0577415488465001e-002
3841     +3.4945362789119999e-001    +6.3500000000000001e-002    +1.0887237044146000e-002
3842     +3.4150404633650799e-001    +6.3500000000000001e-002    +1.1172306102293000e-002
3843     +3.3355319023196300e-001    +6.3500000000000001e-002    +1.1432614360836001e-002
3844     +3.2560117524873200e-001    +6.3500000000000001e-002    +1.1668154237599000e-002
3845     +3.1764811711423202e-001    +6.3500000000000001e-002    +1.1878918870850999e-002
3846     +3.0969413160652898e-001    +6.3500000000000001e-002    +1.2064902119806001e-002
3847     +3.0173933454871599e-001    +6.3500000000000001e-002    +1.2226098565072001e-002
3848     +2.9378384180330003e-001    +6.3500000000000001e-002    +1.2362503509044000e-002
3849     +2.8582776926657799e-001    +6.3500000000000001e-002    +1.2474112976243000e-002
3850     +2.7787123286300602e-001    +6.3500000000000001e-002    +1.2560923713611999e-002
3851     +2.6991434853957902e-001    +6.3500000000000001e-002    +1.2622933190750000e-002
3852     +2.6195723226018902e-001    +6.3500000000000001e-002    +1.2660139600094000e-002
3853     +2.5400000000000000e-001    +6.3500000000000001e-002    +1.2672541857055001e-002
3854     +2.4604276773981201e-001    +6.3500000000000001e-002    +1.2660139600094000e-002
3855     +2.3808565146042199e-001    +6.3500000000000001e-002    +1.2622933190750000e-002
3856     +2.3012876713699401e-001    +6.3500000000000001e-002    +1.2560923713611999e-002
3857     +2.2217223073342199e-001    +6.3500000000000001e-002    +1.2474112976243000e-002
3858     +2.1421615819670001e-001    +6.3500000000000001e-002    +1.2362503509044000e-002
3859     +2.0626066545128399e-001    +6.3500000000000001e-002    +1.2226098565072001e-002
3860     +1.9830586839347100e-001    +6.3500000000000001e-002    +1.2064902119806001e-002
3861     +1.9035188288576799e-001    +6.3500000000000001e-002    +1.1878918870850999e-002
3862     +1.8239882475126901e-001    +6.3500000000000001e-002    +1.1668154237599000e-002
3863     +1.7444680976803700e-001    +6.3500000000000001e-002    +1.1432614360836001e-002
3864     +1.6649595366349201e-001    +6.3500000000000001e-002    +1.1172306102293000e-002
3865     +1.5854637210879999e-001    +6.3500000000000001e-002    +1.0887237044146000e-002
3866     +1.5059818071326800e-001    +6.3500000000000001e-002    +1.0577415488465001e-002
3867     +1.4265149501874999e-001    +6.3500000000000001e-002    +1.0242850456607999e-002
3868     +1.3470643049405601e-001    +6.3500000000000001e-002    +9.8835516885669994e-003
3869     +1.2676310252936801e-001    +6.3500000000000001e-002    +9.4995296422609992e-003
3870     +1.1882162643066800e-001    +6.3500000000000001e-002    +9.0907954927689997e-003
3871     +1.1088211741416699e-001    +6.3500000000000001e-002    +8.6573611315240006e-003
3872     +1.0294469060075601e-001    +6.3500000000000001e-002    +8.1992391654479996e-003
3873     +9.5009461010449006e-002    +6.3500000000000001e-002    +7.7164429160319998e-003
3874     +8.7076543556854999e-002    +6.3500000000000001e-002    +7.2089864183740001e-003
3875     +7.9146053041645001e-002    +6.3500000000000001e-002    +6.6768844201550003e-003
3876     +7.1218104149040007e-002    +6.3500000000000001e-002    +6.1201523805759998e-003
3877     +6.3292811440309002e-002    +6.3500000000000001e-002    +5.5388064692289997e-003
3878     +5.5370289348277001e-002    +6.3500000000000001e-002    +4.9328635649290003e-003
3879     +4.7450652171846998e-002    +6.3500000000000001e-002    +4.3023412544919998e-003
3880     +3.9534014070538998e-002    +6.3500000000000001e-002    +3.6472578314599999e-003
3881     +3.1620489059035001e-002    +6.3500000000000001e-002    +2.9676322947760000e-003
3882     +2.3710191001750001e-002    +6.3500000000000001e-002    +2.2634843474100001e-003
3883     +1.5803233607407999e-002    +6.3500000000000001e-002    +1.5348343949370001e-003
3884     +7.8997304236389995e-003    +6.3500000000000001e-002    +7.8170354405799995e-004
3885     +2.6328386728220001e-003    +6.3500000000000001e-002    +2.6328386728200002e-004
3886     -0.0000000000000000e+000    +6.3500000000000001e-002    +0.0000000000000000e+000
3887     +5.0800000000000001e-001    +5.5562500000000001e-002    +0.0000000000000000e+000
3888     +5.0536716132717896e-001    +5.5562500000000001e-002    +2.6328386728200002e-004
3889     +5.0010026957636200e-001    +5.5562500000000001e-002    +7.8170354405799995e-004
3890     +4.9219676639259302e-001    +5.5562500000000001e-002    +1.5348343949370001e-003
3891     +4.8428980899825103e-001    +5.5562500000000001e-002    +2.2634843474100001e-003
3892     +4.7637951094096498e-001    +5.5562500000000001e-002    +2.9676322947760000e-003
3893     +4.6846598592946198e-001    +5.5562500000000001e-002    +3.6472578314599999e-003
3894     +4.6054934782815299e-001    +5.5562500000000001e-002    +4.3023412544919998e-003
3895     +4.5262971065172303e-001    +5.5562500000000001e-002    +4.9328635649290003e-003
3896     +4.4470718855969099e-001    +5.5562500000000001e-002    +5.5388064692289997e-003
3897     +4.3678189585096000e-001    +5.5562500000000001e-002    +6.1201523805759998e-003
3898     +4.2885394695835499e-001    +5.5562500000000001e-002    +6.6768844201550003e-003
3899     +4.2092345644314499e-001    +5.5562500000000001e-002    +7.2089864183740001e-003
3900     +4.1299053898955101e-001    +5.5562500000000001e-002    +7.7164429160319998e-003
3901     +4.0505530939924400e-001    +5.5562500000000001e-002    +8.1992391654479996e-003
3902     +3.9711788258583303e-001    +5.5562500000000001e-002    +8.6573611315240006e-003
3903     +3.8917837356933299e-001    +5.5562500000000001e-002    +9.0907954927689997e-003
3904     +3.8123689747063200e-001    +5.5562500000000001e-002    +9.4995296422609992e-003
3905     +3.7329356950594400e-001    +5.5562500000000001e-002    +9.8835516885669994e-003
3906     +3.6534850498124999e-001    +5.5562500000000001e-002    +1.0242850456607999e-002
3907     +3.5740181928673198e-001    +5.5562500000000001e-002    +1.0577415488465001e-002
3908     +3.4945362789119999e-001    +5.5562500000000001e-002    +1.0887237044146000e-002
3909     +3.4150404633650799e-001    +5.5562500000000001e-002    +1.1172306102293000e-002
3910     +3.3355319023196300e-001    +5.5562500000000001e-002    +1.1432614360836001e-002
3911     +3.2560117524873200e-001    +5.5562500000000001e-002    +1.1668154237599000e-002
3912     +3.1764811711423202e-001    +5.5562500000000001e-002    +1.1878918870850000e-002
3913     +3.0969413160652898e-001    +5.5562500000000001e-002    +1.2064902119806001e-002
3914     +3.0173933454871599e-001    +5.5562500000000001e-002    +1.2226098565072001e-002
3915     +2.9378384180330003e-001    +5.5562500000000001e-002    +1.2362503509044000e-002
3916     +2.8582776926657799e-001    +5.5562500000000001e-002    +1.2474112976243000e-002
3917     +2.7787123286300602e-001    +5.5562500000000001e-002    +1.2560923713611999e-002
3918     +2.6991434853957902e-001    +5.5562500000000001e-002    +1.2622933190750000e-002
3919     +2.6195723226018902e-001    +5.5562500000000001e-002    +1.2660139600094000e-002
3920     +2.5400000000000000e-001    +5.5562500000000001e-002    +1.2672541857055001e-002
3921     +2.4604276773981201e-001    +5.5562500000000001e-002    +1.2660139600094000e-002
3922     +2.3808565146042199e-001    +5.5562500000000001e-002    +1.2622933190750000e-002
3923     +2.3012876713699401e-001    +5.5562500000000001e-002    +1.2560923713611999e-002
3924     +2.2217223073342199e-001    +5.5562500000000001e-002    +1.2474112976243000e-002
3925     +2.1421615819670001e-001    +5.5562500000000001e-002    +1.2362503509044000e-002
3926     +2.0626066545128399e-001    +5.5562500000000001e-002    +1.2226098565072001e-002
3927     +1.9830586839347100e-001    +5.5562500000000001e-002    +1.2064902119806001e-002
3928     +1.9035188288576799e-001    +5.5562500000000001e-002    +1.1878918870850000e-002
3929     +1.8239882475126801e-001    +5.5562500000000001e-002    +1.1668154237599000e-002
3930     +1.7444680976803700e-001    +5.5562500000000001e-002    +1.1432614360836001e-002
3931     +1.6649595366349201e-001    +5.5562500000000001e-002    +1.1172306102293000e-002
3932     +1.5854637210879999e-001    +5.5562500000000001e-002    +1.0887237044146000e-002
3933     +1.5059818071326800e-001    +5.5562500000000001e-002    +1.0577415488465001e-002
3934     +1.4265149501874999e-001    +5.5562500000000001e-002    +1.0242850456607999e-002
3935     +1.3470643049405601e-001    +5.5562500000000001e-002    +9.8835516885669994e-003
3936     +1.2676310252936801e-001    +5.5562500000000001e-002    +9.4995296422609992e-003
3937     +1.1882162643066800e-001    +5.5562500000000001e-002    +9.0907954927689997e-003
3938     +1.1088211741416699e-001    +5.5562500000000001e-002    +8.6573611315240006e-003
3939     +1.0294469060075601e-001    +5.5562500000000001e-002    +8.1992391654479996e-003
3940     +9.5009461010449006e-002    +5.5562500000000001e-002    +7.7164429160319998e-003
3941     +8.7076543556854999e-002    +5.5562500000000001e-002    +7.2089864183740001e-003
3942     +7.9146053041645001e-002    +5.5562500000000001e-002    +6.6768844201550003e-003
3943     +7.1218104149040007e-002    +5.5562500000000001e-002    +6.1201523805759998e-003
3944     +6.3292811440309002e-002    +5.5562500000000001e-002    +5.5388064692289997e-003
3945     +5.5370289348277001e-002    +5.5562500000000001e-002    +4.9328635649290003e-003
3946     +4.7450652171846998e-002    +5.5562500000000001e-002    +4.3023412544919998e-003
3947     +3.9534014070538998e-002    +5.5562500000000001e-002    +3.6472578314599999e-003
3948     +3.1620489059035001e-002    +5.5562500000000001e-002    +2.9676322947760000e-003
3949     +2.3710191001750001e-002    +5.5562500000000001e-002    +2.2634843474100001e-003
3950     +1.5803233607407999e-002    +5.5562500000000001e-002    +1.5348343949370001e-003
3951     +7.8997304236389995e-003    +5.5562500000000001e-002    +7.8170354405799995e-004
3952     +2.6328386728220001e-003    +5.5562500000000001e-002    +2.6328386728200002e-004
3953     -0.0000000000000000e+000    +5.5562500000000001e-002    +0.0000000000000000e+000
3954     +5.0800000000000001e-001    +4.7625000000000001e-002    +0.0000000000000000e+000
3955     +5.0536716132717896e-001    +4.7625000000000001e-002    +2.6328386728200002e-004
3956     +5.0010026957636200e-001    +4.7625000000000001e-002    +7.8170354405799995e-004
3957     +4.9219676639259302e-001    +4.7625000000000001e-002    +1.5348343949370001e-003
3958     +4.8428980899825103e-001    +4.7625000000000001e-002    +2.2634843474100001e-003
3959     +4.7637951094096498e-001    +4.7625000000000001e-002    +2.9676322947760000e-003
3960     +4.6846598592946198e-001    +4.7625000000000001e-002    +3.6472578314599999e-003
3961     +4.6054934782815299e-001    +4.7625000000000001e-002    +4.3023412544919998e-003
3962     +4.5262971065172303e-001    +4.7625000000000001e-002    +4.9328635649290003e-003
3963     +4.4470718855969099e-001    +4.7625000000000001e-002    +5.5388064692289997e-003
3964     +4.3678189585096000e-001    +4.7625000000000001e-002    +6.1201523805759998e-003
3965     +4.2885394695835499e-001    +4.7625000000000001e-002    +6.6768844201550003e-003
3966     +4.2092345644314499e-001    +4.7625000000000001e-002    +7.2089864183740001e-003
3967     +4.1299053898955101e-001    +4.7625000000000001e-002    +7.7164429160319998e-003
3968     +4.0505530939924400e-001    +4.7625000000000001e-002    +8.1992391654479996e-003
3969     +3.9711788258583303e-001    +4.7625000000000001e-002    +8.6573611315240006e-003
3970     +3.8917837356933299e-001    +4.7625000000000001e-002    +9.0907954927689997e-003
3971     +3.8123689747063200e-001    +4.7625000000000001e-002    +9.4995296422609992e-003
3972     +3.7329356950594400e-001    +4.7625000000000001e-002    +9.8835516885669994e-003
3973     +3.6534850498124999e-001    +4.7625000000000001e-002    +1.0242850456607999e-002
3974     +3.5740181928673198e-001    +4.7625000000000001e-002    +1.0577415488465001e-002
3975     +3.4945362789119999e-001    +4.7625000000000001e-002    +1.0887237044146000e-002
3976     +3.4150404633650799e-001    +4.7625000000000001e-002    +1.1172306102293000e-002
3977     +3.3355319023196300e-001    +4.7625000000000001e-002    +1.1432614360836001e-002
3978     +3.2560117524873200e-001    +4.7625000000000001e-002    +1.1668154237599000e-002
3979     +3.1764811711423202e-001    +4.7625000000000001e-002    +1.1878918870850000e-002
3980     +3.0969413160652898e-001    +4.7625000000000001e-002    +1.2064902119806001e-002
3981     +3.0173933454871599e-001    +4.7625000000000001e-002    +1.2226098565072001e-002
3982     +2.9378384180330003e-001    +4.7625000000000001e-002    +1.2362503509044000e-002
3983     +2.8582776926657799e-001    +4.7625000000000001e-002    +1.2474112976243000e-002
3984     +2.7787123286300602e-001    +4.7625000000000001e-002    +1.2560923713611999e-002
3985     +2.6991434853957902e-001    +4.7625000000000001e-002    +1.2622933190750000e-002
3986     +2.6195723226018902e-001    +4.7625000000000001e-002    +1.2660139600094000e-002
3987     +2.5400000000000000e-001    +4.7625000000000001e-002    +1.2672541857055001e-002
3988     +2.4604276773981201e-001    +4.7625000000000001e-002    +1.2660139600094000e-002
3989     +2.3808565146042199e-001    +4.7625000000000001e-002    +1.2622933190750000e-002
3990     +2.3012876713699401e-001    +4.7625000000000001e-002    +1.2560923713611999e-002
3991     +2.2217223073342199e-001    +4.7625000000000001e-002    +1.2474112976243000e-002
3992     +2.1421615819670001e-001    +4.7625000000000001e-002    +1.2362503509044000e-002
3993     +2.0626066545128399e-001    +4.7625000000000001e-002    +1.2226098565072001e-002
3994     +1.9830586839347100e-001    +4.7625000000000001e-002    +1.2064902119806001e-002
3995     +1.9035188288576799e-001    +4.7625000000000001e-002    +1.1878918870850000e-002
3996     +1.8239882475126901e-001    +4.7625000000000001e-002    +1.1668154237599000e-002
3997     +1.7444680976803700e-001    +4.7625000000000001e-002    +1.1432614360836001e-002
3998     +1.6649595366349201e-001    +4.7625000000000001e-002    +1.1172306102293000e-002
3999     +1.5854637210879999e-001    +4.7625000000000001e-002    +1.0887237044146000e-002
4000     +1.5059818071326800e-001    +4.7625000000000001e-002    +1.0577415488465001e-002
4001     +1.4265149501874999e-001    +4.7625000000000001e-002    +1.0242850456607999e-002
4002     +1.3470643049405601e-001    +4.7625000000000001e-002    +9.8835516885669994e-003
4003     +1.2676310252936801e-001    +4.7625000000000001e-002    +9.4995296422609992e-003
4004     +1.1882162643066800e-001    +4.7625000000000001e-002    +9.0907954927689997e-003
4005     +1.1088211741416699e-001    +4.7625000000000001e-002    +8.6573611315240006e-003
4006     +1.0294469060075601e-001    +4.7625000000000001e-002    +8.1992391654479996e-003
4007     +9.5009461010449006e-002    +4.7625000000000001e-002    +7.7164429160319998e-003
4008     +8.7076543556854999e-002    +4.7625000000000001e-002    +7.2089864183740001e-003
4009     +7.9146053041645001e-002    +4.7625000000000001e-002    +6.6768844201550003e-003
4010     +7.1218104149040007e-002    +4.7625000000000001e-002    +6.1201523805759998e-003
4011     +6.3292811440309002e-002    +4.7625000000000001e-002    +5.5388064692289997e-003
4012     +5.5370289348277001e-002    +4.7625000000000001e-002    +4.9328635649290003e-003
4013     +4.7450652171846998e-002    +4.7625000000000001e-002    +4.3023412544919998e-003
4014     +3.9534014070538998e-002    +4.7625000000000001e-002    +3.6472578314599999e-003
4015     +3.1620489059035001e-002    +4.7625000000000001e-002    +2.9676322947760000e-003
4016     +2.3710191001750001e-002    +4.7625000000000001e-002    +2.2634843474100001e-003
4017     +1.5803233607407999e-002    +4.7625000000000001e-002    +1.5348343949370001e-003
4018     +7.8997304236389995e-003    +4.7625000000000001e-002    +7.8170354405799995e-004
4019     +2.6328386728220001e-003    +4.7625000000000001e-002    +2.6328386728200002e-004
4020     -0.0000000000000000e+000    +4.7625000000000001e-002    +0.0000000000000000e+000
4021     +5.0800000000000001e-001    +3.9687500000000001e-002    +0.0000000000000000e+000
4022     +5.0536716132717896e-001    +3.9687500000000001e-002    +2.6328386728200002e-004
4023     +5.0010026957636200e-001    +3.9687500000000001e-002    +7.8170354405799995e-004
4024     +4.9219676639259302e-001    +3.9687500000000001e-002    +1.5348343949370001e-003
4025     +4.8428980899825103e-001    +3.9687500000000001e-002    +2.2634843474100001e-003
4026     +4.7637951094096498e-001    +3.9687500000000001e-002    +2.9676322947760000e-003
4027     +4.6846598592946198e-001    +3.9687500000000001e-002    +3.6472578314599999e-003
4028     +4.6054934782815299e-001    +3.9687500000000001e-002    +4.3023412544919998e-003
4029     +4.5262971065172303e-001    +3.9687500000000001e-002    +4.9328635649290003e-003
4030     +4.4470718855969099e-001    +3.9687500000000001e-002    +5.5388064692289997e-003
4031     +4.3678189585096000e-001    +3.9687500000000001e-002    +6.1201523805759998e-003
4032     +4.2885394695835499e-001    +3.9687500000000001e-002    +6.6768844201550003e-003
4033     +4.2092345644314499e-001    +3.9687500000000001e-002    +7.2089864183740001e-003
4034     +4.1299053898955101e-001    +3.9687500000000001e-002    +7.7164429160319998e-003
4035     +4.0505530939924400e-001    +3.9687500000000001e-002    +8.1992391654479996e-003
4036     +3.9711788258583303e-001    +3.9687500000000001e-002    +8.6573611315240006e-003
4037     +3.8917837356933299e-001    +3.9687500000000001e-002    +9.0907954927689997e-003
4038     +3.8123689747063200e-001    +3.9687500000000001e-002    +9.4995296422609992e-003
4039     +3.7329356950594400e-001    +3.9687500000000001e-002    +9.8835516885669994e-003
4040     +3.6534850498124999e-001    +3.9687500000000001e-002    +1.0242850456607999e-002
4041     +3.5740181928673198e-001    +3.9687500000000001e-002    +1.0577415488465001e-002
4042     +3.4945362789119999e-001    +3.9687500000000001e-002    +1.0887237044146000e-002
4043     +3.4150404633650799e-001    +3.9687500000000001e-002    +1.1172306102293000e-002
4044     +3.3355319023196300e-001    +3.9687500000000001e-002    +1.1432614360836001e-002
4045     +3.2560117524873200e-001    +3.9687500000000001e-002    +1.1668154237599000e-002
4046     +3.1764811711423202e-001    +3.9687500000000001e-002    +1.1878918870850000e-002
4047     +3.0969413160652898e-001    +3.9687500000000001e-002    +1.2064902119806001e-002
4048     +3.0173933454871599e-001    +3.9687500000000001e-002    +1.2226098565072001e-002
4049     +2.9378384180330003e-001    +3.9687500000000001e-002    +1.2362503509044000e-002
4050     +2.8582776926657799e-001    +3.9687500000000001e-002    +1.2474112976243000e-002
4051     +2.7787123286300602e-001    +3.9687500000000001e-002    +1.2560923713611999e-002
4052     +2.6991434853957902e-001    +3.9687500000000001e-002    +1.2622933190750000e-002
4053     +2.6195723226018902e-001    +3.9687500000000001e-002    +1.2660139600094000e-002
4054     +2.5400000000000000e-001    +3.9687500000000001e-002    +1.2672541857055001e-002
4055     +2.4604276773981201e-001    +3.9687500000000001e-002    +1.2660139600094000e-002
4056     +2.3808565146042199e-001    +3.9687500000000001e-002    +1.2622933190750000e-002
4057     +2.3012876713699401e-001    +3.9687500000000001e-002    +1.2560923713611999e-002
4058     +2.2217223073342199e-001    +3.9687500000000001e-002    +1.2474112976243000e-002
4059     +2.1421615819670001e-001    +3.9687500000000001e-002    +1.2362503509044000e-002
4060     +2.0626066545128399e-001    +3.9687500000000001e-002    +1.2226098565072001e-002
4061     +1.9830586839347100e-001    +3.9687500000000001e-002    +1.2064902119806001e-002
4062     +1.9035188288576799e-001    +3.9687500000000001e-002    +1.1878918870850000e-002
4063     +1.8239882475126801e-001    +3.9687500000000001e-002    +1.1668154237599000e-002
4064     +1.7444680976803700e-001    +3.9687500000000001e-002    +1.1432614360836001e-002
4065     +1.6649595366349201e-001    +3.9687500000000001e-002    +1.1172306102293000e-002
4066     +1.5854637210879999e-001    +3.9687500000000001e-002    +1.0887237044146000e-002
4067     +1.5059818071326800e-001    +3.9687500000000001e-002    +1.0577415488465001e-002
4068     +1.4265149501874999e-001    +3.9687500000000001e-002    +1.0242850456607999e-002
4069     +1.3470643049405601e-001    +3.9687500000000001e-002    +9.8835516885669994e-003
4070     +1.2676310252936801e-001    +3.9687500000000001e-002    +9.4995296422609992e-003
4071     +1.1882162643066800e-001    +3.9687500000000001e-002    +9.0907954927689997e-003
4072     +1.1088211741416699e-001    +3.9687500000000001e-002    +8.6573611315240006e-003
4073     +1.0294469060075601e-001    +3.9687500000000001e-002    +8.1992391654479996e-003
4074     +9.5009461010449006e-002    +3.9687500000000001e-002    +7.7164429160319998e-003
4075     +8.7076543556854999e-002    +3.9687500000000001e-002    +7.2089864183740001e-003
4076     +7.9146053041645001e-002    +3.9687500000000001e-002    +6.6768844201550003e-003
4077     +7.1218104149040007e-002    +3.9687500000000001e-002    +6.1201523805759998e-003
4078     +6.3292811440309002e-002    +3.9687500000000001e-002    +5.5388064692289997e-003
4079     +5.5370289348277001e-002    +3.9687500000000001e-002    +4.9328635649290003e-003
4080     +4.7450652171846998e-002    +3.9687500000000001e-002    +4.3023412544919998e-003
4081     +3.9534014070538998e-002    +3.9687500000000001e-002    +3.6472578314599999e-003
4082     +3.1620489059035001e-002    +3.9687500000000001e-002    +2.9676322947760000e-003
4083     +2.3710191001750001e-002    +3.9687500000000001e-002    +2.2634843474100001e-003
4084     +1.5803233607407999e-002    +3.9687500000000001e-002    +1.5348343949370001e-003
4085     +7.8997304236389995e-003    +3.9687500000000001e-002    +7.8170354405799995e-004
4086     +2.6328386728220001e-003    +3.9687500000000001e-002    +2.6328386728200002e-004
4087     -0.0000000000000000e+000    +3.9687500000000001e-002    +0.0000000000000000e+000
4088     +5.0800000000000001e-001    +3.1750000000000000e-002    +0.0000000000000000e+000
4089     +5.0536716132717896e-001    +3.1750000000000000e-002    +2.6328386728200002e-004
4090     +5.0010026957636200e-001    +3.1750000000000000e-002    +7.8170354405799995e-004
4091     +4.9219676639259302e-001    +3.1750000000000000e-002    +1.5348343949370001e-003
4092     +4.8428980899825003e-001    +3.1750000000000000e-002    +2.2634843474100001e-003
4093     +4.7637951094096498e-001    +3.1750000000000000e-002    +2.9676322947760000e-003
4094     +4.6846598592946198e-001    +3.1750000000000000e-002    +3.6472578314599999e-003
4095     +4.6054934782815299e-001    +3.1750000000000000e-002    +4.3023412544919998e-003
4096     +4.5262971065172303e-001    +3.1750000000000000e-002    +4.9328635649290003e-003
4097     +4.4470718855969099e-001    +3.1750000000000000e-002    +5.5388064692289997e-003
4098     +4.3678189585096000e-001    +3.1750000000000000e-002    +6.1201523805759998e-003
4099     +4.2885394695835499e-001    +3.1750000000000000e-002    +6.6768844201550003e-003
4100     +4.2092345644314499e-001    +3.1750000000000000e-002    +7.2089864183740001e-003
4101     +4.1299053898955101e-001    +3.1750000000000000e-002    +7.7164429160319998e-003
4102     +4.0505530939924400e-001    +3.1750000000000000e-002    +8.1992391654479996e-003
4103     +3.9711788258583303e-001    +3.1750000000000000e-002    +8.6573611315240006e-003
4104     +3.8917837356933299e-001    +3.1750000000000000e-002    +9.0907954927689997e-003
4105     +3.8123689747063200e-001    +3.1750000000000000e-002    +9.4995296422609992e-003
4106     +3.7329356950594400e-001    +3.1750000000000000e-002    +9.8835516885669994e-003
4107     +3.6534850498124999e-001    +3.1750000000000000e-002    +1.0242850456607999e-002
4108     +3.5740181928673198e-001    +3.1750000000000000e-002    +1.0577415488465001e-002
4109     +3.4945362789119999e-001    +3.1750000000000000e-002    +1.0887237044146000e-002
4110     +3.4150404633650799e-001    +3.1750000000000000e-002    +1.1172306102293000e-002
4111     +3.3355319023196300e-001    +3.1750000000000000e-002    +1.1432614360836001e-002
4112     +3.2560117524873200e-001    +3.1750000000000000e-002    +1.1668154237599000e-002
4113     +3.1764811711423202e-001    +3.1750000000000000e-002    +1.1878918870850000e-002
4114     +3.0969413160652898e-001    +3.1750000000000000e-002    +1.2064902119806001e-002
4115     +3.0173933454871599e-001    +3.1750000000000000e-002    +1.2226098565072001e-002
4116     +2.9378384180330003e-001    +3.1750000000000000e-002    +1.2362503509044000e-002
4117     +2.8582776926657799e-001    +3.1750000000000000e-002    +1.2474112976243000e-002
4118     +2.7787123286300602e-001    +3.1750000000000000e-002    +1.2560923713611999e-002
4119     +2.6991434853957902e-001    +3.1750000000000000e-002    +1.2622933190750000e-002
4120     +2.6195723226018902e-001    +3.1750000000000000e-002    +1.2660139600094000e-002
4121     +2.5400000000000000e-001    +3.1750000000000000e-002    +1.2672541857055001e-002
4122     +2.4604276773981201e-001    +3.1750000000000000e-002    +1.2660139600094000e-002
4123     +2.3808565146042199e-001    +3.1750000000000000e-002    +1.2622933190750000e-002
4124     +2.3012876713699401e-001    +3.1750000000000000e-002    +1.2560923713611999e-002
4125     +2.2217223073342199e-001    +3.1750000000000000e-002    +1.2474112976243000e-002
4126     +2.1421615819670001e-001    +3.1750000000000000e-002    +1.2362503509044000e-002
4127     +2.0626066545128399e-001    +3.1750000000000000e-002    +1.2226098565072001e-002
4128     +1.9830586839347100e-001    +3.1750000000000000e-002    +1.2064902119806001e-002
4129     +1.9035188288576799e-001    +3.1750000000000000e-002    +1.1878918870850000e-002
4130     +1.8239882475126901e-001    +3.1750000000000000e-002    +1.1668154237599000e-002
4131     +1.7444680976803700e-001    +3.1750000000000000e-002    +1.1432614360836001e-002
4132     +1.6649595366349201e-001    +3.1750000000000000e-002    +1.1172306102293000e-002
4133     +1.5854637210879999e-001    +3.1750000000000000e-002    +1.0887237044146000e-002
4134     +1.5059818071326800e-001    +3.1750000000000000e-002    +1.0577415488465001e-002
4135     +1.4265149501874999e-001    +3.1750000000000000e-002    +1.0242850456607999e-002
4136     +1.3470643049405601e-001    +3.1750000000000000e-002    +9.8835516885669994e-003
4137     +1.2676310252936801e-001    +3.1750000000000000e-002    +9.4995296422609992e-003
4138     +1.1882162643066800e-001    +3.1750000000000000e-002    +9.0907954927689997e-003
4139     +1.1088211741416699e-001    +3.1750000000000000e-002    +8.6573611315240006e-003
4140     +1.0294469060075601e-001    +3.1750000000000000e-002    +8.1992391654479996e-003
4141     +9.5009461010449006e-002    +3.1750000000000000e-002    +7.7164429160319998e-003
4142     +8.7076543556854999e-002    +3.1750000000000000e-002    +7.2089864183740001e-003
4143     +7.9146053041645001e-002    +3.1750000000000000e-002    +6.6768844201550003e-003
4144     +7.1218104149040007e-002    +3.1750000000000000e-002    +6.1201523805759998e-003
4145     +6.3292811440309002e-002    +3.1750000000000000e-002    +5.5388064692289997e-003
4146     +5.5370289348277001e-002    +3.1750000000000000e-002    +4.9328635649290003e-003
4147     +4.7450652171846998e-002    +3.1750000000000000e-002    +4.3023412544919998e-003
4148     +3.9534014070538998e-002    +3.1750000000000000e-002    +3.6472578314599999e-003
4149     +3.1620489059035001e-002    +3.1750000000000000e-002    +2.9676322947760000e-003
4150     +2.3710191001750001e-002    +3.1750000000000000e-002    +2.2634843474100001e-003
4151     +1.5803233607407999e-002    +3.1750000000000000e-002    +1.5348343949370001e-003
4152     +7.8997304236389995e-003    +3.1750000000000000e-002    +7.8170354405799995e-004
4153     +2.6328386728220001e-003    +3.1750000000000000e-002    +2.6328386728200002e-004
4154     -0.0000000000000000e+000    +3.1750000000000000e-002    +0.0000000000000000e+000
4155     +5.0800000000000001e-001    +2.3812500000000000e-002    +0.0000000000000000e+000
4156     +5.0536716132717896e-001    +2.3812500000000000e-002    +2.6328386728200002e-004
4157     +5.0010026957636200e-001    +2.3812500000000000e-002    +7.8170354405799995e-004
4158     +4.9219676639259302e-001    +2.3812500000000000e-002    +1.5348343949370001e-003
4159     +4.8428980899825003e-001    +2.3812500000000000e-002    +2.2634843474100001e-003
4160     +4.7637951094096498e-001    +2.3812500000000000e-002    +2.9676322947760000e-003
4161     +4.6846598592946198e-001    +2.3812500000000000e-002    +3.6472578314599999e-003
4162     +4.6054934782815299e-001    +2.3812500000000000e-002    +4.3023412544919998e-003
4163     +4.5262971065172303e-001    +2.3812500000000000e-002    +4.9328635649290003e-003
4164     +4.4470718855969099e-001    +2.3812500000000000e-002    +5.5388064692289997e-003
4165     +4.3678189585096000e-001    +2.3812500000000000e-002    +6.1201523805759998e-003
4166     +4.2885394695835499e-001    +2.3812500000000000e-002    +6.6768844201550003e-003
4167     +4.2092345644314499e-001    +2.3812500000000000e-002    +7.2089864183740001e-003
4168     +4.1299053898955101e-001    +2.3812500000000000e-002    +7.7164429160319998e-003
4169     +4.0505530939924400e-001    +2.3812500000000000e-002    +8.1992391654479996e-003
4170     +3.9711788258583303e-001    +2.3812500000000000e-002    +8.6573611315240006e-003
4171     +3.8917837356933299e-001    +2.3812500000000000e-002    +9.0907954927689997e-003
4172     +3.8123689747063200e-001    +2.3812500000000000e-002    +9.4995296422609992e-003
4173     +3.7329356950594400e-001    +2.3812500000000000e-002    +9.8835516885669994e-003
4174     +3.6534850498124999e-001    +2.3812500000000000e-002    +1.0242850456607999e-002
4175     +3.5740181928673198e-001    +2.3812500000000000e-002    +1.0577415488465001e-002
4176     +3.4945362789119999e-001    +2.3812500000000000e-002    +1.0887237044146000e-002
4177     +3.4150404633650799e-001    +2.3812500000000000e-002    +1.1172306102293000e-002
4178     +3.3355319023196300e-001    +2.3812500000000000e-002    +1.1432614360836001e-002
4179     +3.2560117524873200e-001    +2.3812500000000000e-002    +1.1668154237599000e-002
4180     +3.1764811711423202e-001    +2.3812500000000000e-002    +1.1878918870850000e-002
4181     +3.0969413160652898e-001    +2.3812500000000000e-002    +1.2064902119806001e-002
4182     +3.0173933454871599e-001    +2.3812500000000000e-002    +1.2226098565072001e-002
4183     +2.9378384180330103e-001    +2.3812500000000000e-002    +1.2362503509044000e-002
4184     +2.8582776926657799e-001    +2.3812500000000000e-002    +1.2474112976243000e-002
4185     +2.7787123286300602e-001    +2.3812500000000000e-002    +1.2560923713611999e-002
4186     +2.6991434853957902e-001    +2.3812500000000000e-002    +1.2622933190750000e-002
4187     +2.6195723226018902e-001    +2.3812500000000000e-002    +1.2660139600094000e-002
4188     +2.5400000000000000e-001    +2.3812500000000000e-002    +1.2672541857055001e-002
4189     +2.4604276773981201e-001    +2.3812500000000000e-002    +1.2660139600094000e-002
4190     +2.3808565146042199e-001    +2.3812500000000000e-002    +1.2622933190750000e-002
4191     +2.3012876713699401e-001    +2.3812500000000000e-002    +1.2560923713611999e-002
4192     +2.2217223073342199e-001    +2.3812500000000000e-002    +1.2474112976243000e-002
4193     +2.1421615819670001e-001    +2.3812500000000000e-002    +1.2362503509044000e-002
4194     +2.0626066545128399e-001    +2.3812500000000000e-002    +1.2226098565072001e-002
4195     +1.9830586839347100e-001    +2.3812500000000000e-002    +1.2064902119806001e-002
4196     +1.9035188288576799e-001    +2.3812500000000000e-002    +1.1878918870850000e-002
4197     +1.8239882475126801e-001    +2.3812500000000000e-002    +1.1668154237599000e-002
4198     +1.7444680976803700e-001    +2.3812500000000000e-002    +1.1432614360836001e-002
4199     +1.6649595366349201e-001    +2.3812500000000000e-002    +1.1172306102293000e-002
4200     +1.5854637210879999e-001    +2.3812500000000000e-002    +1.0887237044146000e-002
4201     +1.5059818071326800e-001    +2.3812500000000000e-002    +1.0577415488465001e-002
4202     +1.4265149501874999e-001    +2.3812500000000000e-002    +1.0242850456607999e-002
4203     +1.3470643049405601e-001    +2.3812500000000000e-002    +9.8835516885669994e-003
4204     +1.2676310252936801e-001    +2.3812500000000000e-002    +9.4995296422609992e-003
4205     +1.1882162643066800e-001    +2.3812500000000000e-002    +9.0907954927689997e-003
4206     +1.1088211741416699e-001    +2.3812500000000000e-002    +8.6573611315240006e-003
4207     +1.0294469060075601e-001    +2.3812500000000000e-002    +8.1992391654479996e-003
4208     +9.5009461010449006e-002    +2.3812500000000000e-002    +7.7164429160319998e-003
4209     +8.7076543556854999e-002    +2.3812500000000000e-002    +7.2089864183740001e-003
4210     +7.9146053041645001e-002    +2.3812500000000000e-002    +6.6768844201550003e-003
4211     +7.1218104149040007e-002    +2.3812500000000000e-002    +6.1201523805759998e-003
4212     +6.3292811440309002e-002    +2.3812500000000000e-002    +5.5388064692289997e-003
4213     +5.5370289348277001e-002    +2.3812500000000000e-002    +4.9328635649290003e-003
4214     +4.7450652171846998e-002    +2.3812500000000000e-002    +4.3023412544919998e-003
4215     +3.9534014070538998e-002    +2.3812500000000000e-002    +3.6472578314599999e-003
4216     +3.1620489059035001e-002    +2.3812500000000000e-002    +2.9676322947760000e-003
4217     +2.3710191001750001e-002    +2.3812500000000000e-002    +2.2634843474100001e-003
4218     +1.5803233607407999e-002    +2.3812500000000000e-002    +1.5348343949370001e-003
4219     +7.8997304236389995e-003    +2.3812500000000000e-002    +7.8170354405799995e-004
4220     +2.6328386728220001e-003    +2.3812500000000000e-002    +2.6328386728200002e-004
4221     -0.0000000000000000e+000    +2.3812500000000000e-002    +0.0000000000000000e+000
4222     +5.0800000000000001e-001    +1.5875000000000000e-002    +0.0000000000000000e+000
4223     +5.0536716132717896e-001    +1.5875000000000000e-002    +2.6328386728200002e-004
4224     +5.0010026957636100e-001    +1.5875000000000000e-002    +7.8170354405799995e-004
4225     +4.9219676639259302e-001    +1.5875000000000000e-002    +1.5348343949370001e-003
4226     +4.8428980899825003e-001    +1.5875000000000000e-002    +2.2634843474100001e-003
4227     +4.7637951094096498e-001    +1.5875000000000000e-002    +2.9676322947760000e-003
4228     +4.6846598592946198e-001    +1.5875000000000000e-002    +3.6472578314599999e-003
4229     +4.6054934782815299e-001    +1.5875000000000000e-002    +4.3023412544919998e-003
4230     +4.5262971065172303e-001    +1.5875000000000000e-002    +4.9328635649290003e-003
4231     +4.4470718855969099e-001    +1.5875000000000000e-002    +5.5388064692289997e-003
4232     +4.3678189585096000e-001    +1.5875000000000000e-002    +6.1201523805759998e-003
4233     +4.2885394695835499e-001    +1.5875000000000000e-002    +6.6768844201550003e-003
4234     +4.2092345644314499e-001    +1.5875000000000000e-002    +7.2089864183740001e-003
4235     +4.1299053898955101e-001    +1.5875000000000000e-002    +7.7164429160319998e-003
4236     +4.0505530939924400e-001    +1.5875000000000000e-002    +8.1992391654479996e-003
4237     +3.9711788258583303e-001    +1.5875000000000000e-002    +8.6573611315240006e-003
4238     +3.8917837356933299e-001    +1.5875000000000000e-002    +9.0907954927689997e-003
4239     +3.8123689747063200e-001    +1.5875000000000000e-002    +9.4995296422609992e-003
4240     +3.7329356950594400e-001    +1.5875000000000000e-002    +9.8835516885669994e-003
4241     +3.6534850498124999e-001    +1.5875000000000000e-002    +1.0242850456607999e-002
4242     +3.5740181928673198e-001    +1.5875000000000000e-002    +1.0577415488465001e-002
4243     +3.4945362789119999e-001    +1.5875000000000000e-002    +1.0887237044146000e-002
4244     +3.4150404633650799e-001    +1.5875000000000000e-002    +1.1172306102293000e-002
4245     +3.3355319023196300e-001    +1.5875000000000000e-002    +1.1432614360836001e-002
4246     +3.2560117524873200e-001    +1.5875000000000000e-002    +1.1668154237599000e-002
4247     +3.1764811711423202e-001    +1.5875000000000000e-002    +1.1878918870850000e-002
4248     +3.0969413160652898e-001    +1.5875000000000000e-002    +1.2064902119806001e-002
4249     +3.0173933454871599e-001    +1.5875000000000000e-002    +1.2226098565072001e-002
4250     +2.9378384180330103e-001    +1.5875000000000000e-002    +1.2362503509044000e-002
4251     +2.8582776926657799e-001    +1.5875000000000000e-002    +1.2474112976243000e-002
4252     +2.7787123286300602e-001    +1.5875000000000000e-002    +1.2560923713611999e-002
4253     +2.6991434853957902e-001    +1.5875000000000000e-002    +1.2622933190750000e-002
4254     +2.6195723226018902e-001    +1.5875000000000000e-002    +1.2660139600094000e-002
4255     +2.5400000000000000e-001    +1.5875000000000000e-002    +1.2672541857055001e-002
4256     +2.4604276773981201e-001    +1.5875000000000000e-002    +1.2660139600094000e-002
4257     +2.3808565146042199e-001    +1.5875000000000000e-002    +1.2622933190750000e-002
4258     +2.3012876713699401e-001    +1.5875000000000000e-002    +1.2560923713611999e-002
4259     +2.2217223073342199e-001    +1.5875000000000000e-002    +1.2474112976243000e-002
4260     +2.1421615819670001e-001    +1.5875000000000000e-002    +1.2362503509044000e-002
4261     +2.0626066545128399e-001    +1.5875000000000000e-002    +1.2226098565072001e-002
4262     +1.9830586839347100e-001    +1.5875000000000000e-002    +1.2064902119806001e-002
4263     +1.9035188288576799e-001    +1.5875000000000000e-002    +1.1878918870850000e-002
4264     +1.8239882475126801e-001    +1.5875000000000000e-002    +1.1668154237599000e-002
4265     +1.7444680976803700e-001    +1.5875000000000000e-002    +1.1432614360836001e-002
4266     +1.6649595366349201e-001    +1.5875000000000000e-002    +1.1172306102293000e-002
4267     +1.5854637210879999e-001    +1.5875000000000000e-002    +1.0887237044146000e-002
4268     +1.5059818071326800e-001    +1.5875000000000000e-002    +1.0577415488465001e-002
4269     +1.4265149501874999e-001    +1.5875000000000000e-002    +1.0242850456607999e-002
4270     +1.3470643049405601e-001    +1.5875000000000000e-002    +9.8835516885669994e-003
4271     +1.2676310252936801e-001    +1.5875000000000000e-002    +9.4995296422609992e-003
4272     +1.1882162643066800e-001    +1.5875000000000000e-002    +9.0907954927689997e-003
4273     +1.1088211741416699e-001    +1.5875000000000000e-002    +8.6573611315240006e-003
4274     +1.0294469060075601e-001    +1.5875000000000000e-002    +8.1992391654479996e-003
4275     +9.5009461010449006e-002    +1.5875000000000000e-002    +7.7164429160319998e-003
4276     +8.7076543556854999e-002    +1.5875000000000000e-002    +7.2089864183740001e-003
4277     +7.9146053041645001e-002    +1.5875000000000000e-002    +6.6768844201550003e-003
4278     +7.1218104149040007e-002    +1.5875000000000000e-002    +6.1201523805759998e-003
4279     +6.3292811440309002e-002    +1.5875000000000000e-002    +5.5388064692289997e-003
4280     +5.5370289348277001e-002    +1.5875000000000000e-002    +4.9328635649290003e-003
4281     +4.7450652171846998e-002    +1.5875000000000000e-002    +4.3023412544919998e-003
4282     +3.9534014070538998e-002    +1.5875000000000000e-002    +3.6472578314599999e-003
4283     +3.1620489059035001e-002    +1.5875000000000000e-002    +2.9676322947760000e-003
4284     +2.3710191001750001e-002    +1.5875000000000000e-002    +2.2634843474100001e-003
4285     +1.5803233607407999e-002    +1.5875000000000000e-002    +1.5348343949370001e-003
4286     +7.8997304236389995e-003    +1.5875000000000000e-002    +7.8170354405799995e-004
4287     +2.6328386728220001e-003    +1.5875000000000000e-002    +2.6328386728200002e-004
4288     -0.0000000000000000e+000    +1.5875000000000000e-002    +0.0000000000000000e+000
4289     +5.0800000000000001e-001    +7.9375000000000001e-003    +0.0000000000000000e+000
4290     +5.0536716132717896e-001    +7.9375000000000001e-003    +2.6328386728200002e-004
4291     +5.0010026957636100e-001    +7.9375000000000001e-003    +7.8170354405799995e-004
4292     +4.9219676639259202e-001    +7.9375000000000001e-003    +1.5348343949370001e-003
4293     +4.8428980899825003e-001    +7.9375000000000001e-003    +2.2634843474100001e-003
4294     +4.7637951094096498e-001    +7.9375000000000001e-003    +2.9676322947760000e-003
4295     +4.6846598592946198e-001    +7.9375000000000001e-003    +3.6472578314599999e-003
4296     +4.6054934782815299e-001    +7.9375000000000001e-003    +4.3023412544919998e-003
4297     +4.5262971065172303e-001    +7.9375000000000001e-003    +4.9328635649290003e-003
4298     +4.4470718855969099e-001    +7.9375000000000001e-003    +5.5388064692289997e-003
4299     +4.3678189585096000e-001    +7.9375000000000001e-003    +6.1201523805759998e-003
4300     +4.2885394695835499e-001    +7.9375000000000001e-003    +6.6768844201550003e-003
4301     +4.2092345644314499e-001    +7.9375000000000001e-003    +7.2089864183740001e-003
4302     +4.1299053898955101e-001    +7.9375000000000001e-003    +7.7164429160319998e-003
4303     +4.0505530939924400e-001    +7.9375000000000001e-003    +8.1992391654479996e-003
4304     +3.9711788258583303e-001    +7.9375000000000001e-003    +8.6573611315240006e-003
4305     +3.8917837356933299e-001    +7.9375000000000001e-003    +9.0907954927689997e-003
4306     +3.8123689747063200e-001    +7.9375000000000001e-003    +9.4995296422609992e-003
4307     +3.7329356950594400e-001    +7.9375000000000001e-003    +9.8835516885669994e-003
4308     +3.6534850498124999e-001    +7.9375000000000001e-003    +1.0242850456607999e-002
4309     +3.5740181928673198e-001    +7.9375000000000001e-003    +1.0577415488465001e-002
4310     +3.4945362789119999e-001    +7.9375000000000001e-003    +1.0887237044146000e-002
4311     +3.4150404633650799e-001    +7.9375000000000001e-003    +1.1172306102293000e-002
4312     +3.3355319023196300e-001    +7.9375000000000001e-003    +1.1432614360836001e-002
4313     +3.2560117524873200e-001    +7.9375000000000001e-003    +1.1668154237599000e-002
4314     +3.1764811711423202e-001    +7.9375000000000001e-003    +1.1878918870850000e-002
4315     +3.0969413160652898e-001    +7.9375000000000001e-003    +1.2064902119806001e-002
4316     +3.0173933454871599e-001    +7.9375000000000001e-003    +1.2226098565072001e-002
4317     +2.9378384180330003e-001    +7.9375000000000001e-003    +1.2362503509044000e-002
4318     +2.8582776926657799e-001    +7.9375000000000001e-003    +1.2474112976243000e-002
4319     +2.7787123286300602e-001    +7.9375000000000001e-003    +1.2560923713611999e-002
4320     +2.6991434853957902e-001    +7.9375000000000001e-003    +1.2622933190750000e-002
4321     +2.6195723226018902e-001    +7.9375000000000001e-003    +1.2660139600094000e-002
4322     +2.5400000000000000e-001    +7.9375000000000001e-003    +1.2672541857055001e-002
4323     +2.4604276773981201e-001    +7.9375000000000001e-003    +1.2660139600094000e-002
4324     +2.3808565146042199e-001    +7.9375000000000001e-003    +1.2622933190750000e-002
4325     +2.3012876713699401e-001    +7.9375000000000001e-003    +1.2560923713611999e-002
4326     +2.2217223073342199e-001    +7.9375000000000001e-003    +1.2474112976243000e-002
4327     +2.1421615819670001e-001    +7.9375000000000001e-003    +1.2362503509044000e-002
4328     +2.0626066545128399e-001    +7.9375000000000001e-003    +1.2226098565072001e-002
4329     +1.9830586839347100e-001    +7.9375000000000001e-003    +1.2064902119806001e-002
4330     +1.9035188288576799e-001    +7.9375000000000001e-003    +1.1878918870850000e-002
4331     +1.8239882475126801e-001    +7.9375000000000001e-003    +1.1668154237599000e-002
4332     +1.7444680976803700e-001    +7.9375000000000001e-003    +1.1432614360836001e-002
4333     +1.6649595366349201e-001    +7.9375000000000001e-003    +1.1172306102293000e-002
4334     +1.5854637210879999e-001    +7.9375000000000001e-003    +1.0887237044146000e-002
4335     +1.5059818071326800e-001    +7.9375000000000001e-003    +1.0577415488465001e-002
4336     +1.4265149501874999e-001    +7.9375000000000001e-003    +1.0242850456607999e-002
4337     +1.3470643049405601e-001    +7.9375000000000001e-003    +9.8835516885669994e-003
4338     +1.2676310252936801e-001    +7.9375000000000001e-003    +9.4995296422609992e-003
4339     +1.1882162643066800e-001    +7.9375000000000001e-003    +9.0907954927689997e-003
4340     +1.1088211741416699e-001    +7.9375000000000001e-003    +8.6573611315240006e-003
4341     +1.0294469060075601e-001    +7.9375000000000001e-003    +8.1992391654479996e-003
4342     +9.5009461010449006e-002    +7.9375000000000001e-003    +7.7164429160319998e-003
4343     +8.7076543556854999e-002    +7.9375000000000001e-003    +7.2089864183740001e-003
4344     +7.9146053041645001e-002    +7.9375000000000001e-003    +6.6768844201550003e-003
4345     +7.1218104149040007e-002    +7.9375000000000001e-003    +6.1201523805759998e-003
4346     +6.3292811440309002e-002    +7.9375000000000001e-003    +5.5388064692289997e-003
4347     +5.5370289348277001e-002    +7.9375000000000001e-003    +4.9328635649290003e-003
4348     +4.7450652171846998e-002    +7.9375000000000001e-003    +4.3023412544919998e-003
4349     +3.9534014070538998e-002    +7.9375000000000001e-003    +3.6472578314599999e-003
4350     +3.1620489059035001e-002    +7.9375000000000001e-003    +2.9676322947760000e-003
4351     +2.3710191001750001e-002    +7.9375000000000001e-003    +2.2634843474100001e-003
4352     +1.5803233607407999e-002    +7.9375000000000001e-003    +1.5348343949370001e-003
4353     +7.8997304236389995e-003    +7.9375000000000001e-003    +7.8170354405799995e-004
4354     +2.6328386728220001e-003    +7.9375000000000001e-003    +2.6328386728200002e-004
4355     -0.0000000000000000e+000    +7.9375000000000001e-003    +0.0000000000000000e+000
4356     +5.0800000000000001e-001    +2.6458333333329999e-003    +0.0000000000000000e+000
4357     +5.0536716132717796e-001    +2.6458333333329999e-003    +2.6328386728200002e-004
4358     +5.0010026957636100e-001    +2.6458333333329999e-003    +7.8170354405799995e-004
4359     +4.9219676639259202e-001    +2.6458333333329999e-003    +1.5348343949370001e-003
4360     +4.8428980899825003e-001    +2.6458333333329999e-003    +2.2634843474100001e-003
4361     +4.7637951094096498e-001    +2.6458333333329999e-003    +2.9676322947760000e-003
4362     +4.6846598592946198e-001    +2.6458333333329999e-003    +3.6472578314599999e-003
4363     +4.6054934782815299e-001    +2.6458333333329999e-003    +4.3023412544919998e-003
4364     +4.5262971065172303e-001    +2.6458333333329999e-003    +4.9328635649290003e-003
4365     +4.4470718855969099e-001    +2.6458333333329999e-003    +5.5388064692289997e-003
4366     +4.3678189585096000e-001    +2.6458333333329999e-003    +6.1201523805759998e-003
4367     +4.2885394695835499e-001    +2.6458333333329999e-003    +6.6768844201550003e-003
4368     +4.2092345644314499e-001    +2.6458333333329999e-003    +7.2089864183740001e-003
4369     +4.1299053898955101e-001    +2.6458333333329999e-003    +7.7164429160319998e-003
4370     +4.0505530939924400e-001    +2.6458333333329999e-003    +8.1992391654479996e-003
4371     +3.9711788258583303e-001    +2.6458333333329999e-003    +8.6573611315240006e-003
4372     +3.8917837356933299e-001    +2.6458333333329999e-003    +9.0907954927689997e-003
4373     +3.8123689747063200e-001    +2.6458333333329999e-003    +9.4995296422609992e-003
4374     +3.7329356950594400e-001    +2.6458333333329999e-003    +9.8835516885669994e-003
4375     +3.6534850498124999e-001    +2.6458333333329999e-003    +1.0242850456607999e-002
4376     +3.5740181928673198e-001    +2.6458333333329999e-003    +1.0577415488465001e-002
4377     +3.4945362789119999e-001    +2.6458333333329999e-003    +1.0887237044146000e-002
4378     +3.4150404633650799e-001    +2.6458333333329999e-003    +1.1172306102293000e-002
4379     +3.3355319023196300e-001    +2.6458333333329999e-003    +1.1432614360836001e-002
4380     +3.2560117524873200e-001    +2.6458333333329999e-003    +1.1668154237599000e-002
4381     +3.1764811711423202e-001    +2.6458333333329999e-003    +1.1878918870850000e-002
4382     +3.0969413160652898e-001    +2.6458333333329999e-003    +1.2064902119806001e-002
4383     +3.0173933454871599e-001    +2.6458333333329999e-003    +1.2226098565072001e-002
4384     +2.9378384180330003e-001    +2.6458333333329999e-003    +1.2362503509044000e-002
4385     +2.8582776926657799e-001    +2.6458333333329999e-003    +1.2474112976243000e-002
4386     +2.7787123286300602e-001    +2.6458333333329999e-003    +1.2560923713611999e-002
4387     +2.6991434853957902e-001    +2.6458333333329999e-003    +1.2622933190750000e-002
4388     +2.6195723226018902e-001    +2.6458333333329999e-003    +1.2660139600094000e-002
4389     +2.5400000000000000e-001    +2.6458333333329999e-003    +1.2672541857055001e-002
4390     +2.4604276773981201e-001    +2.6458333333329999e-003    +1.2660139600094000e-002
4391     +2.3808565146042199e-001    +2.6458333333329999e-003    +1.2622933190750000e-002
4392     +2.3012876713699401e-001    +2.6458333333329999e-003    +1.2560923713611999e-002
4393     +2.2217223073342199e-001    +2.6458333333329999e-003    +1.2474112976243000e-002
4394     +2.1421615819670001e-001    +2.6458333333329999e-003    +1.2362503509044000e-002
4395     +2.0626066545128399e-001    +2.6458333333329999e-003    +1.2226098565072001e-002
4396     +1.9830586839347100e-001    +2.6458333333329999e-003    +1.2064902119806001e-002
4397     +1.9035188288576799e-001    +2.6458333333329999e-003    +1.1878918870850000e-002
4398     +1.8239882475126801e-001    +2.6458333333329999e-003    +1.1668154237599000e-002
4399     +1.7444680976803700e-001    +2.6458333333329999e-003    +1.1432614360836001e-002
4400     +1.6649595366349201e-001    +2.6458333333329999e-003    +1.1172306102293000e-002
4401     +1.5854637210879999e-001    +2.6458333333329999e-003    +1.0887237044146000e-002
4402     +1.5059818071326800e-001    +2.6458333333329999e-003    +1.0577415488465001e-002
4403     +1.4265149501874999e-001    +2.6458333333329999e-003    +1.0242850456607999e-002
4404     +1.3470643049405601e-001    +2.6458333333329999e-003    +9.8835516885669994e-003
4405     +1.2676310252936801e-001    +2.6458333333329999e-003    +9.4995296422609992e-003
4406     +1.1882162643066800e-001    +2.6458333333329999e-003    +9.0907954927689997e-003
4407     +1.1088211741416699e-001    +2.6458333333329999e-003    +8.6573611315240006e-003
4408     +1.0294469060075601e-001    +2.6458333333329999e-003    +8.1992391654479996e-003
4409     +9.5009461010449006e-002    +2.6458333333329999e-003    +7.7164429160319998e-003
4410     +8.7076543556854999e-002    +2.6458333333329999e-003    +7.2089864183740001e-003
4411     +7.9146053041645001e-002    +2.6458333333329999e-003    +6.6768844201550003e-003
4412     +7.1218104149040007e-002    +2.6458333333329999e-003    +6.1201523805759998e-003
4413     +6.3292811440309002e-002    +2.6458333333329999e-003    +5.5388064692289997e-003
4414     +5.5370289348277001e-002    +2.6458333333329999e-003    +4.9328635649290003e-003
4415     +4.7450652171846998e-002    +2.6458333333329999e-003    +4.3023412544919998e-003
4416     +3.9534014070538998e-002    +2.6458333333329999e-003    +3.6472578314599999e-003
4417     +3.1620489059035001e-002    +2.6458333333329999e-003    +2.9676322947760000e-003
4418     +2.3710191001750001e-002    +2.6458333333329999e-003    +2.2634843474100001e-003
4419     +1.5803233607407999e-002    +2.6458333333329999e-003    +1.5348343949370001e-003
4420     +7.8997304236389995e-003    +2.6458333333329999e-003    +7.8170354405799995e-004
4421     +2.6328386728220001e-003    +2.6458333333329999e-003    +2.6328386728200002e-004
4422     -0.0000000000000000e+000    +2.6458333333329999e-003    +0.0000000000000000e+000
4423     +5.0800000000000001e-001    +0.0000000000000000e+000    +0.0000000000000000e+000
4424     +5.0536716132717796e-001    +0.0000000000000000e+000    +2.6328386728200002e-004
4425     +5.0010026957636100e-001    +0.0000000000000000e+000    +7.8170354405799995e-004
4426     +4.9219676639259202e-001    +0.0000000000000000e+000    +1.5348343949370001e-003
4427     +4.8428980899825003e-001    +0.0000000000000000e+000    +2.2634843474100001e-003
4428     +4.7637951094096498e-001    +0.0000000000000000e+000    +2.9676322947760000e-003
4429     +4.6846598592946198e-001    +0.0000000000000000e+000    +3.6472578314599999e-003
4430     +4.6054934782815299e-001    +0.0000000000000000e+000    +4.3023412544919998e-003
4431     +4.5262971065172303e-001    +0.0000000000000000e+000    +4.9328635649290003e-003
4432     +4.4470718855969099e-001    +0.0000000000000000e+000    +5.5388064692289997e-003
4433     +4.3678189585096000e-001    +0.0000000000000000e+000    +6.1201523805759998e-003
4434     +4.2885394695835499e-001    +0.0000000000000000e+000    +6.6768844201550003e-003
4435     +4.2092345644314499e-001    +0.0000000000000000e+000    +7.2089864183740001e-003
4436     +4.1299053898955101e-001    +0.0000000000000000e+000    +7.7164429160319998e-003
4437     +4.0505530939924400e-001    +0.0000000000000000e+000    +8.1992391654479996e-003
4438     +3.9711788258583303e-001    +0.0000000000000000e+000    +8.6573611315240006e-003
4439     +3.8917837356933299e-001    +0.0000000000000000e+000    +9.0907954927689997e-003
4440     +3.8123689747063200e-001    +0.0000000000000000e+000    +9.4995296422609992e-003
4441     +3.7329356950594400e-001    +0.0000000000000000e+000    +9.8835516885669994e-003
4442     +3.6534850498124999e-001    +0.0000000000000000e+000    +1.0242850456607999e-002
4443     +3.5740181928673198e-001    +0.0000000000000000e+000    +1.0577415488465001e-002
4444     +3.4945362789119999e-001    +0.0000000000000000e+000    +1.0887237044146000e-002
4445     +3.4150404633650799e-001    +0.0000000000000000e+000    +1.1172306102293000e-002
4446     +3.3355319023196300e-001    +0.0000000000000000e+000    +1.1432614360836001e-002
4447     +3.2560117524873200e-001    +0.0000000000000000e+000    +1.1668154237599000e-002
4448     +3.1764811711423202e-001    +0.0000000000000000e+000    +1.1878918870850000e-002
4449     +3.0969413160652898e-001    +0.0000000000000000e+000    +1.2064902119806001e-002
4450     +3.0173933454871599e-001    +0.0000000000000000e+000    +1.2226098565072001e-002
4451     +2.9378384180330003e-001    +0.0000000000000000e+000    +1.2362503509044000e-002
4452     +2.8582776926657799e-001    +0.0000000000000000e+000    +1.2474112976243000e-002
4453     +2.7787123286300602e-001    +0.0000000000000000e+000    +1.2560923713611999e-002
4454     +2.6991434853957902e-001    +0.0000000000000000e+000    +1.2622933190750000e-002
4455     +2.6195723226018902e-001    +0.0000000000000000e+000    +1.2660139600094000e-002
4456     +2.5400000000000000e-001    +0.0000000000000000e+000    +1.2672541857055001e-002
4457     +2.4604276773981201e-001    +0.0000000000000000e+000    +1.2660139600094000e-002
4458     +2.3808565146042199e-001    +0.0000000000000000e+000    +1.2622933190750000e-002
4459     +2.3012876713699401e-001    +0.0000000000000000e+000    +1.2560923713611999e-002
4460     +2.2217223073342199e-001    +0.0000000000000000e+000    +1.2474112976243000e-002
4461     +2.1421615819670001e-001    +0.0000000000000000e+000    +1.2362503509044000e-002
4462     +2.0626066545128399e-001    +0.0000000000000000e+000    +1.2226098565072001e-002
4463     +1.9830586839347100e-001    +0.0000000000000000e+000    +1.2064902119806001e-002
4464     +1.9035188288576799e-001    +0.0000000000000000e+000    +1.1878918870850000e-002
4465     +1.8239882475126801e-001    +0.0000000000000000e+000    +1.1668154237599000e-002
4466     +1.7444680976803700e-001    +0.0000000000000000e+000    +1.1432614360836001e-002
4467     +1.6649595366349201e-001    +0.0000000000000000e+000    +1.1172306102293000e-002
4468     +1.5854637210879999e-001    +0.0000000000000000e+000    +1.0887237044146000e-002
4469     +1.5059818071326800e-001    +0.0000000000000000e+000    +1.0577415488465001e-002
4470     +1.4265149501874999e-001    +0.0000000000000000e+000    +1.0242850456607999e-002
4471     +1.3470643049405601e-001    +0.0000000000000000e+000    +9.8835516885669994e-003
4472     +1.2676310252936801e-001    +0.0000000000000000e+000    +9.4995296422609992e-003
4473     +1.1882162643066800e-001    +0.0000000000000000e+000    +9.0907954927689997e-003
4474     +1.1088211741416699e-001    +0.0000000000000000e+000    +8.6573611315240006e-003
4475     +1.0294469060075601e-001    +0.0000000000000000e+000    +8.1992391654479996e-003
4476     +9.5009461010449006e-002    +0.0000000000000000e+000    +7.7164429160319998e-003
4477     +8.7076543556854999e-002    +0.0000000000000000e+000    +7.2089864183740001e-003
4478     +7.9146053041645001e-002    +0.0000000000000000e+000    +6.6768844201550003e-003
4479     +7.1218104149040007e-002    +0.0000000000000000e+000    +6.1201523805759998e-003
4480     +6.3292811440309002e-002    +0.0000000000000000e+000    +5.5388064692289997e-003
4481     +5.5370289348277001e-002    +0.0000000000000000e+000    +4.9328635649290003e-003
4482     +4.7450652171846998e-002    +0.0000000000000000e+000    +4.3023412544919998e-003
4483     +3.9534014070538998e-002    +0.0000000000000000e+000    +3.6472578314599999e-003
4484     +3.1620489059035001e-002    +0.0000000000000000e+000    +2.9676322947760000e-003
4485     +2.3710191001750001e-002    +0.0000000000000000e+000    +2.2634843474100001e-003
4486     +1.5803233607407999e-002    +0.0000000000000000e+000    +1.5348343949370001e-003
4487     +7.8997304236389995e-003    +0.0000000000000000e+000    +7.8170354405799995e-004
4488     +2.6328386728220001e-003    +0.0000000000000000e+000    +2.6328386728200002e-004
4489     -0.0000000000000000e+000    +0.0000000000000000e+000    +0.0000000000000000e+000

%CONTROL.POINT.WEIGHT
4489
1        +1.0000000000000000e+000
2        +9.9994830406468704e-001
3        +9.9984652769204097e-001
4        +9.9969870962700602e-001
5        +9.9955573805590703e-001
6        +9.9941761297874399e-001
7        +9.9928433439551601e-001
8        +9.9915590230622398e-001
9        +9.9903231671086701e-001
10       +9.9891357760944599e-001
11       +9.9879968500196004e-001
12       +9.9869063888841003e-001
13       +9.9858643926879598e-001
14       +9.9848708614311699e-001
15       +9.9839257951137295e-001
16       +9.9830291937356597e-001
17       +9.9821810572969305e-001
18       +9.9813813857975697e-001
19       +9.9806301792375596e-001
20       +9.9799274376169000e-001
21       +9.9792731609356000e-001
22       +9.9786673491936595e-001
23       +9.9781100023910696e-001
24       +9.9776011205278303e-001
25       +9.9771407036039494e-001
26       +9.9767287516194303e-001
27       +9.9763652645742595e-001
28       +9.9760502424684505e-001
29       +9.9757836853019999e-001
30       +9.9755655930748999e-001
31       +9.9753959657871505e-001
32       +9.9752748034387595e-001
33       +9.9752021060297302e-001
34       +9.9751778735600505e-001
35       +9.9752021060297302e-001
36       +9.9752748034387695e-001
37       +9.9753959657871505e-001
38       +9.9755655930748999e-001
39       +9.9757836853019999e-001
40       +9.9760502424684505e-001
41       +9.9763652645742595e-001
42       +9.9767287516194303e-001
43       +9.9771407036039494e-001
44       +9.9776011205278303e-001
45       +9.9781100023910596e-001
46       +9.9786673491936495e-001
47       +9.9792731609356000e-001
48       +9.9799274376169000e-001
49       +9.9806301792375496e-001
50       +9.9813813857975697e-001
51       +9.9821810572969305e-001
52       +9.9830291937356597e-001
53       +9.9839257951137295e-001
54       +9.9848708614311699e-001
55       +9.9858643926879598e-001
56       +9.9869063888841003e-001
57       +9.9879968500196004e-001
58       +9.9891357760944599e-001
59       +9.9903231671086701e-001
60       +9.9915590230622398e-001
61       +9.9928433439551601e-001
62       +9.9941761297874399e-001
63       +9.9955573805590703e-001
64       +9.9969870962700602e-001
65       +9.9984652769204097e-001
66       +9.9994830406468704e-001
67       +1.0000000000000000e+000
68       +1.0000000000000000e+000
69       +9.9994830406468704e-001
70       +9.9984652769204097e-001
71       +9.9969870962700602e-001
72       +9.9955573805590703e-001
73       +9.9941761297874399e-001
74       +9.9928433439551601e-001
75       +9.9915590230622398e-001
76       +9.9903231671086701e-001
77       +9.9891357760944599e-001
78       +9.9879968500196004e-001
79       +9.9869063888841003e-001
80       +9.9858643926879598e-001
81       +9.9848708614311699e-001
82       +9.9839257951137395e-001
83       +9.9830291937356597e-001
84       +9.9821810572969305e-001
85       +9.9813813857975697e-001
86       +9.9806301792375596e-001
87       +9.9799274376169000e-001
88       +9.9792731609356000e-001
89       +9.9786673491936595e-001
90       +9.9781100023910696e-001
91       +9.9776011205278303e-001
92       +9.9771407036039494e-001
93       +9.9767287516194303e-001
94       +9.9763652645742595e-001
95       +9.9760502424684505e-001
96       +9.9757836853019999e-001
97       +9.9755655930748999e-001
98       +9.9753959657871505e-001
99       +9.9752748034387695e-001
100      +9.9752021060297302e-001
101      +9.9751778735600505e-001
102      +9.9752021060297302e-001
103      +9.9752748034387695e-001
104      +9.9753959657871505e-001
105      +9.9755655930748999e-001
106      +9.9757836853019999e-001
107      +9.9760502424684505e-001
108      +9.9763652645742695e-001
109      +9.9767287516194303e-001
110      +9.9771407036039494e-001
111      +9.9776011205278303e-001
112      +9.9781100023910696e-001
113      +9.9786673491936495e-001
114      +9.9792731609356000e-001
115      +9.9799274376169000e-001
116      +9.9806301792375496e-001
117      +9.9813813857975697e-001
118      +9.9821810572969305e-001
119      +9.9830291937356597e-001
120      +9.9839257951137295e-001
121      +9.9848708614311699e-001
122      +9.9858643926879598e-001
123      +9.9869063888841003e-001
124      +9.9879968500196004e-001
125      +9.9891357760944599e-001
126      +9.9903231671086701e-001
127      +9.9915590230622398e-001
128      +9.9928433439551601e-001
129      +9.9941761297874399e-001
130      +9.9955573805590703e-001
131      +9.9969870962700602e-001
132      +9.9984652769204097e-001
133      +9.9994830406468704e-001
134      +1.0000000000000000e+000
135      +1.0000000000000000e+000
136      +9.9994830406468704e-001
137      +9.9984652769204097e-001
138      +9.9969870962700602e-001
139      +9.9955573805590703e-001
140      +9.9941761297874399e-001
141      +9.9928433439551601e-001
142      +9.9915590230622398e-001
143      +9.9903231671086701e-001
144      +9.9891357760944599e-001
145      +9.9879968500196004e-001
146      +9.9869063888841003e-001
147      +9.9858643926879598e-001
148      +9.9848708614311699e-001
149      +9.9839257951137295e-001
150      +9.9830291937356597e-001
151      +9.9821810572969305e-001
152      +9.9813813857975697e-001
153      +9.9806301792375596e-001
154      +9.9799274376169000e-001
155      +9.9792731609356000e-001
156      +9.9786673491936595e-001
157      +9.9781100023910696e-001
158      +9.9776011205278303e-001
159      +9.9771407036039494e-001
160      +9.9767287516194303e-001
161      +9.9763652645742595e-001
162      +9.9760502424684505e-001
163      +9.9757836853019999e-001
164      +9.9755655930748999e-001
165      +9.9753959657871505e-001
166      +9.9752748034387595e-001
167      +9.9752021060297302e-001
168      +9.9751778735600505e-001
169      +9.9752021060297302e-001
170      +9.9752748034387695e-001
171      +9.9753959657871505e-001
172      +9.9755655930748999e-001
173      +9.9757836853019999e-001
174      +9.9760502424684505e-001
175      +9.9763652645742595e-001
176      +9.9767287516194303e-001
177      +9.9771407036039494e-001
178      +9.9776011205278303e-001
179      +9.9781100023910596e-001
180      +9.9786673491936495e-001
181      +9.9792731609356000e-001
182      +9.9799274376169000e-001
183      +9.9806301792375496e-001
184      +9.9813813857975697e-001
185      +9.9821810572969305e-001
186      +9.9830291937356597e-001
187      +9.9839257951137295e-001
188      +9.9848708614311699e-001
189      +9.9858643926879598e-001
190      +9.9869063888841003e-001
191      +9.9879968500196004e-001
192      +9.9891357760944599e-001
193      +9.9903231671086701e-001
194      +9.9915590230622398e-001
195      +9.9928433439551601e-001
196      +9.9941761297874399e-001
197      +9.9955573805590703e-001
198      +9.9969870962700602e-001
199      +9.9984652769204097e-001
200      +9.9994830406468704e-001
201      +1.0000000000000000e+000
202      +1.0000000000000000e+000
203      +9.9994830406468704e-001
204      +9.9984652769204097e-001
205      +9.9969870962700602e-001
206      +9.9955573805590703e-001
207      +9.9941761297874399e-001
208      +9.9928433439551601e-001
209      +9.9915590230622398e-001
210      +9.9903231671086701e-001
211      +9.9891357760944599e-001
212      +9.9879968500196004e-001
213      +9.9869063888841003e-001
214      +9.9858643926879598e-001
215      +9.9848708614311699e-001
216      +9.9839257951137395e-001
217      +9.9830291937356597e-001
218      +9.9821810572969305e-001
219      +9.9813813857975697e-001
220      +9.9806301792375596e-001
221      +9.9799274376169000e-001
222      +9.9792731609356000e-001
223      +9.9786673491936595e-001
224      +9.9781100023910696e-001
225      +9.9776011205278303e-001
226      +9.9771407036039494e-001
227      +9.9767287516194303e-001
228      +9.9763652645742595e-001
229      +9.9760502424684505e-001
230      +9.9757836853019999e-001
231      +9.9755655930748999e-001
232      +9.9753959657871505e-001
233      +9.9752748034387595e-001
234      +9.9752021060297302e-001
235      +9.9751778735600505e-001
236      +9.9752021060297302e-001
237      +9.9752748034387695e-001
238      +9.9753959657871505e-001
239      +9.9755655930748999e-001
240      +9.9757836853019999e-001
241      +9.9760502424684505e-001
242      +9.9763652645742695e-001
243      +9.9767287516194303e-001
244      +9.9771407036039494e-001
245      +9.9776011205278303e-001
246      +9.9781100023910596e-001
247      +9.9786673491936495e-001
248      +9.9792731609356000e-001
249      +9.9799274376169000e-001
250      +9.9806301792375496e-001
251      +9.9813813857975697e-001
252      +9.9821810572969305e-001
253      +9.9830291937356597e-001
254      +9.9839257951137295e-001
255      +9.9848708614311699e-001
256      +9.9858643926879598e-001
257      +9.9869063888841003e-001
258      +9.9879968500196004e-001
259      +9.9891357760944599e-001
260      +9.9903231671086701e-001
261      +9.9915590230622398e-001
262      +9.9928433439551601e-001
263      +9.9941761297874399e-001
264      +9.9955573805590703e-001
265      +9.9969870962700602e-001
266      +9.9984652769204097e-001
267      +9.9994830406468704e-001
268      +1.0000000000000000e+000
269      +1.0000000000000000e+000
270      +9.9994830406468704e-001
271      +9.9984652769204097e-001
272      +9.9969870962700602e-001
273      +9.9955573805590703e-001
274      +9.9941761297874399e-001
275      +9.9928433439551601e-001
276      +9.9915590230622398e-001
277      +9.9903231671086701e-001
278      +9.9891357760944599e-001
279      +9.9879968500196004e-001
280      +9.9869063888841003e-001
281      +9.9858643926879598e-001
282      +9.9848708614311699e-001
283      +9.9839257951137395e-001
284      +9.9830291937356597e-001
285      +9.9821810572969305e-001
286      +9.9813813857975697e-001
287      +9.9806301792375596e-001
288      +9.9799274376169000e-001
289      +9.9792731609356000e-001
290      +9.9786673491936595e-001
291      +9.9781100023910696e-001
292      +9.9776011205278303e-001
293      +9.9771407036039494e-001
294      +9.9767287516194303e-001
295      +9.9763652645742595e-001
296      +9.9760502424684505e-001
297      +9.9757836853019999e-001
298      +9.9755655930748999e-001
299      +9.9753959657871505e-001
300      +9.9752748034387595e-001
301      +9.9752021060297302e-001
302      +9.9751778735600505e-001
303      +9.9752021060297302e-001
304      +9.9752748034387695e-001
305      +9.9753959657871505e-001
306      +9.9755655930748999e-001
307      +9.9757836853019999e-001
308      +9.9760502424684505e-001
309      +9.9763652645742695e-001
310      +9.9767287516194303e-001
311      +9.9771407036039494e-001
312      +9.9776011205278303e-001
313      +9.9781100023910696e-001
314      +9.9786673491936495e-001
315      +9.9792731609356000e-001
316      +9.9799274376169000e-001
317      +9.9806301792375496e-001
318      +9.9813813857975697e-001
319      +9.9821810572969305e-001
320      +9.9830291937356497e-001
321      +9.9839257951137295e-001
322      +9.9848708614311699e-001
323      +9.9858643926879598e-001
324      +9.9869063888841003e-001
325      +9.9879968500196004e-001
326      +9.9891357760944599e-001
327      +9.9903231671086701e-001
328      +9.9915590230622398e-001
329      +9.9928433439551601e-001
330      +9.9941761297874399e-001
331      +9.9955573805590703e-001
332      +9.9969870962700602e-001
333      +9.9984652769204097e-001
334      +9.9994830406468704e-001
335      +1.0000000000000000e+000
336      +1.0000000000000000e+000
337      +9.9994830406468704e-001
338      +9.9984652769204097e-001
339      +9.9969870962700602e-001
340      +9.9955573805590703e-001
341      +9.9941761297874399e-001
342      +9.9928433439551601e-001
343      +9.9915590230622398e-001
344      +9.9903231671086701e-001
345      +9.9891357760944599e-001
346      +9.9879968500196004e-001
347      +9.9869063888841003e-001
348      +9.9858643926879598e-001
349      +9.9848708614311699e-001
350      +9.9839257951137395e-001
351      +9.9830291937356597e-001
352      +9.9821810572969305e-001
353      +9.9813813857975697e-001
354      +9.9806301792375596e-001
355      +9.9799274376169000e-001
356      +9.9792731609356000e-001
357      +9.9786673491936595e-001
358      +9.9781100023910696e-001
359      +9.9776011205278303e-001
360      +9.9771407036039494e-001
361      +9.9767287516194303e-001
362      +9.9763652645742595e-001
363      +9.9760502424684505e-001
364      +9.9757836853019999e-001
365      +9.9755655930748999e-001
366      +9.9753959657871505e-001
367      +9.9752748034387595e-001
368      +9.9752021060297302e-001
369      +9.9751778735600505e-001
370      +9.9752021060297302e-001
371      +9.9752748034387695e-001
372      +9.9753959657871505e-001
373      +9.9755655930748999e-001
374      +9.9757836853019999e-001
375      +9.9760502424684505e-001
376      +9.9763652645742695e-001
377      +9.9767287516194303e-001
378      +9.9771407036039494e-001
379      +9.9776011205278303e-001
380      +9.9781100023910596e-001
381      +9.9786673491936495e-001
382      +9.9792731609356000e-001
383      +9.9799274376169000e-001
384      +9.9806301792375496e-001
385      +9.9813813857975697e-001
386      +9.9821810572969305e-001
387      +9.9830291937356497e-001
388      +9.9839257951137295e-001
389      +9.9848708614311699e-001
390      +9.9858643926879598e-001
391      +9.9869063888841003e-001
392      +9.9879968500196004e-001
393      +9.9891357760944599e-001
394      +9.9903231671086701e-001
395      +9.9915590230622398e-001
396      +9.9928433439551601e-001
397      +9.9941761297874399e-001
398      +9.9955573805590703e-001
399      +9.9969870962700602e-001
400      +9.9984652769204097e-001
401      +9.9994830406468704e-001
402      +1.0000000000000000e+000
403      +1.0000000000000000e+000
404      +9.9994830406468704e-001
405      +9.9984652769204097e-001
406      +9.9969870962700602e-001
407      +9.9955573805590703e-001
408      +9.9941761297874399e-001
409      +9.9928433439551601e-001
410      +9.9915590230622398e-001
411      +9.9903231671086701e-001
412      +9.9891357760944599e-001
413      +9.9879968500196004e-001
414      +9.9869063888841003e-001
415      +9.9858643926879598e-001
416      +9.9848708614311699e-001
417      +9.9839257951137395e-001
418      +9.9830291937356597e-001
419      +9.9821810572969305e-001
420      +9.9813813857975697e-001
421      +9.9806301792375596e-001
422      +9.9799274376169000e-001
423      +9.9792731609356000e-001
424      +9.9786673491936595e-001
425      +9.9781100023910696e-001
426      +9.9776011205278303e-001
427      +9.9771407036039494e-001
428      +9.9767287516194303e-001
429      +9.9763652645742595e-001
430      +9.9760502424684505e-001
431      +9.9757836853019999e-001
432      +9.9755655930748999e-001
433      +9.9753959657871505e-001
434      +9.9752748034387595e-001
435      +9.9752021060297302e-001
436      +9.9751778735600505e-001
437      +9.9752021060297302e-001
438      +9.9752748034387695e-001
439      +9.9753959657871505e-001
440      +9.9755655930748999e-001
441      +9.9757836853019999e-001
442      +9.9760502424684505e-001
443      +9.9763652645742695e-001
444      +9.9767287516194303e-001
445      +9.9771407036039494e-001
446      +9.9776011205278303e-001
447      +9.9781100023910696e-001
448      +9.9786673491936495e-001
449      +9.9792731609356000e-001
450      +9.9799274376169000e-001
451      +9.9806301792375496e-001
452      +9.9813813857975697e-001
453      +9.9821810572969305e-001
454      +9.9830291937356497e-001
455      +9.9839257951137295e-001
456      +9.9848708614311699e-001
457      +9.9858643926879598e-001
458      +9.9869063888841003e-001
459      +9.9879968500196004e-001
460      +9.9891357760944599e-001
461      +9.9903231671086701e-001
462      +9.9915590230622398e-001
463      +9.9928433439551601e-001
464      +9.9941761297874399e-001
465      +9.9955573805590703e-001
466      +9.9969870962700602e-001
467      +9.9984652769204097e-001
468      +9.9994830406468704e-001
469      +1.0000000000000000e+000
470      +1.0000000000000000e+000
471      +9.9994830406468704e-001
472      +9.9984652769204097e-001
473      +9.9969870962700602e-001
474      +9.9955573805590703e-001
475      +9.9941761297874399e-001
476      +9.9928433439551601e-001
477      +9.9915590230622398e-001
478      +9.9903231671086701e-001
479      +9.9891357760944599e-001
480      +9.9879968500196004e-001
481      +9.9869063888841003e-001
482      +9.9858643926879598e-001
483      +9.9848708614311699e-001
484      +9.9839257951137395e-001
485      +9.9830291937356597e-001
486      +9.9821810572969305e-001
487      +9.9813813857975697e-001
488      +9.9806301792375596e-001
489      +9.9799274376169000e-001
490      +9.9792731609356000e-001
491      +9.9786673491936595e-001
492      +9.9781100023910696e-001
493      +9.9776011205278303e-001
494      +9.9771407036039494e-001
495      +9.9767287516194303e-001
496      +9.9763652645742595e-001
497      +9.9760502424684505e-001
498      +9.9757836853019999e-001
499      +9.9755655930748999e-001
500      +9.9753959657871505e-001
501      +9.9752748034387595e-001
502      +9.9752021060297302e-001
503      +9.9751778735600505e-001
504      +9.9752021060297302e-001
505      +9.9752748034387595e-001
506      +9.9753959657871505e-001
507      +9.9755655930748999e-001
508      +9.9757836853019999e-001
509      +9.9760502424684505e-001
510      +9.9763652645742595e-001
511      +9.9767287516194303e-001
512      +9.9771407036039494e-001
513      +9.9776011205278303e-001
514      +9.9781100023910596e-001
515      +9.9786673491936495e-001
516      +9.9792731609356000e-001
517      +9.9799274376169000e-001
518      +9.9806301792375496e-001
519      +9.9813813857975697e-001
520      +9.9821810572969305e-001
521      +9.9830291937356497e-001
522      +9.9839257951137295e-001
523      +9.9848708614311699e-001
524      +9.9858643926879598e-001
525      +9.9869063888841003e-001
526      +9.9879968500196004e-001
527      +9.9891357760944599e-001
528      +9.9903231671086701e-001
529      +9.9915590230622398e-001
530      +9.9928433439551601e-001
531      +9.9941761297874399e-001
532      +9.9955573805590703e-001
533      +9.9969870962700602e-001
534      +9.9984652769204097e-001
535      +9.9994830406468704e-001
536      +1.0000000000000000e+000
537      +1.0000000000000000e+000
538      +9.9994830406468704e-001
539      +9.9984652769204097e-001
540      +9.9969870962700602e-001
541      +9.9955573805590703e-001
542      +9.9941761297874399e-001
543      +9.9928433439551601e-001
544      +9.9915590230622398e-001
545      +9.9903231671086701e-001
546      +9.9891357760944599e-001
547      +9.9879968500196004e-001
548      +9.9869063888841003e-001
549      +9.9858643926879598e-001
550      +9.9848708614311699e-001
551      +9.9839257951137395e-001
552      +9.9830291937356597e-001
553      +9.9821810572969405e-001
554      +9.9813813857975697e-001
555      +9.9806301792375596e-001
556      +9.9799274376169000e-001
557      +9.9792731609356000e-001
558      +9.9786673491936595e-001
559      +9.9781100023910696e-001
560      +9.9776011205278303e-001
561      +9.9771407036039494e-001
562      +9.9767287516194303e-001
563      +9.9763652645742595e-001
564      +9.9760502424684505e-001
565      +9.9757836853019999e-001
566      +9.9755655930748999e-001
567      +9.9753959657871505e-001
568      +9.9752748034387595e-001
569      +9.9752021060297302e-001
570      +9.9751778735600505e-001
571      +9.9752021060297302e-001
572      +9.9752748034387695e-001
573      +9.9753959657871505e-001
574      +9.9755655930748999e-001
575      +9.9757836853019999e-001
576      +9.9760502424684505e-001
577      +9.9763652645742695e-001
578      +9.9767287516194303e-001
579      +9.9771407036039494e-001
580      +9.9776011205278303e-001
581      +9.9781100023910596e-001
582      +9.9786673491936495e-001
583      +9.9792731609356000e-001
584      +9.9799274376169000e-001
585      +9.9806301792375496e-001
586      +9.9813813857975697e-001
587      +9.9821810572969305e-001
588      +9.9830291937356497e-001
589      +9.9839257951137295e-001
590      +9.9848708614311699e-001
591      +9.9858643926879598e-001
592      +9.9869063888841003e-001
593      +9.9879968500196004e-001
594      +9.9891357760944599e-001
595      +9.9903231671086701e-001
596      +9.9915590230622398e-001
597      +9.9928433439551601e-001
598      +9.9941761297874399e-001
599      +9.9955573805590703e-001
600      +9.9969870962700602e-001
601      +9.9984652769204097e-001
602      +9.9994830406468704e-001
603      +1.0000000000000000e+000
604      +1.0000000000000000e+000
605      +9.9994830406468704e-001
606      +9.9984652769204097e-001
607      +9.9969870962700602e-001
608      +9.9955573805590703e-001
609      +9.9941761297874399e-001
610      +9.9928433439551601e-001
611      +9.9915590230622398e-001
612      +9.9903231671086701e-001
613      +9.9891357760944599e-001
614      +9.9879968500196004e-001
615      +9.9869063888841003e-001
616      +9.9858643926879598e-001
617      +9.9848708614311699e-001
618      +9.9839257951137395e-001
619      +9.9830291937356597e-001
620      +9.9821810572969405e-001
621      +9.9813813857975697e-001
622      +9.9806301792375596e-001
623      +9.9799274376169000e-001
624      +9.9792731609356000e-001
625      +9.9786673491936595e-001
626      +9.9781100023910696e-001
627      +9.9776011205278303e-001
628      +9.9771407036039494e-001
629      +9.9767287516194303e-001
630      +9.9763652645742595e-001
631      +9.9760502424684505e-001
632      +9.9757836853019999e-001
633      +9.9755655930748999e-001
634      +9.9753959657871505e-001
635      +9.9752748034387595e-001
636      +9.9752021060297302e-001
637      +9.9751778735600505e-001
638      +9.9752021060297302e-001
639      +9.9752748034387595e-001
640      +9.9753959657871505e-001
641      +9.9755655930748999e-001
642      +9.9757836853019999e-001
643      +9.9760502424684505e-001
644      +9.9763652645742595e-001
645      +9.9767287516194303e-001
646      +9.9771407036039494e-001
647      +9.9776011205278303e-001
648      +9.9781100023910596e-001
649      +9.9786673491936495e-001
650      +9.9792731609356000e-001
651      +9.9799274376169000e-001
652      +9.9806301792375496e-001
653      +9.9813813857975697e-001
654      +9.9821810572969305e-001
655      +9.9830291937356497e-001
656      +9.9839257951137295e-001
657      +9.9848708614311699e-001
658      +9.9858643926879598e-001
659      +9.9869063888841003e-001
660      +9.9879968500196004e-001
661      +9.9891357760944599e-001
662      +9.9903231671086701e-001
663      +9.9915590230622398e-001
664      +9.9928433439551601e-001
665      +9.9941761297874399e-001
666      +9.9955573805590703e-001
667      +9.9969870962700602e-001
668      +9.9984652769204097e-001
669      +9.9994830406468704e-001
670      +1.0000000000000000e+000
671      +1.0000000000000000e+000
672      +9.9994830406468704e-001
673      +9.9984652769204097e-001
674      +9.9969870962700602e-001
675      +9.9955573805590703e-001
676      +9.9941761297874399e-001
677      +9.9928433439551601e-001
678      +9.9915590230622398e-001
679      +9.9903231671086701e-001
680      +9.9891357760944599e-001
681      +9.9879968500196004e-001
682      +9.9869063888841003e-001
683      +9.9858643926879598e-001
684      +9.9848708614311699e-001
685      +9.9839257951137395e-001
686      +9.9830291937356597e-001
687      +9.9821810572969305e-001
688      +9.9813813857975697e-001
689      +9.9806301792375596e-001
690      +9.9799274376169000e-001
691      +9.9792731609356000e-001
692      +9.9786673491936595e-001
693      +9.9781100023910696e-001
694      +9.9776011205278303e-001
695      +9.9771407036039494e-001
696      +9.9767287516194303e-001
697      +9.9763652645742595e-001
698      +9.9760502424684505e-001
699      +9.9757836853019999e-001
700      +9.9755655930748999e-001
701      +9.9753959657871505e-001
702      +9.9752748034387595e-001
703      +9.9752021060297302e-001
704      +9.9751778735600505e-001
705      +9.9752021060297302e-001
706      +9.9752748034387695e-001
707      +9.9753959657871505e-001
708      +9.9755655930748999e-001
709      +9.9757836853019999e-001
710      +9.9760502424684505e-001
711      +9.9763652645742695e-001
712      +9.9767287516194303e-001
713      +9.9771407036039494e-001
714      +9.9776011205278303e-001
715      +9.9781100023910596e-001
716      +9.9786673491936495e-001
717      +9.9792731609356000e-001
718      +9.9799274376169000e-001
719      +9.9806301792375496e-001
720      +9.9813813857975697e-001
721      +9.9821810572969305e-001
722      +9.9830291937356597e-001
723      +9.9839257951137295e-001
724      +9.9848708614311699e-001
725      +9.9858643926879598e-001
726      +9.9869063888841003e-001
727      +9.9879968500196004e-001
728      +9.9891357760944599e-001
729      +9.9903231671086701e-001
730      +9.9915590230622398e-001
731      +9.9928433439551601e-001
732      +9.9941761297874399e-001
733      +9.9955573805590703e-001
734      +9.9969870962700602e-001
735      +9.9984652769204097e-001
736      +9.9994830406468704e-001
737      +1.0000000000000000e+000
738      +1.0000000000000000e+000
739      +9.9994830406468704e-001
740      +9.9984652769204097e-001
741      +9.9969870962700602e-001
742      +9.9955573805590703e-001
743      +9.9941761297874399e-001
744      +9.9928433439551601e-001
745      +9.9915590230622398e-001
746      +9.9903231671086701e-001
747      +9.9891357760944599e-001
748      +9.9879968500196004e-001
749      +9.9869063888841003e-001
750      +9.9858643926879598e-001
751      +9.9848708614311699e-001
752      +9.9839257951137295e-001
753      +9.9830291937356597e-001
754      +9.9821810572969305e-001
755      +9.9813813857975697e-001
756      +9.9806301792375596e-001
757      +9.9799274376169000e-001
758      +9.9792731609356000e-001
759      +9.9786673491936595e-001
760      +9.9781100023910696e-001
761      +9.9776011205278303e-001
762      +9.9771407036039494e-001
763      +9.9767287516194303e-001
764      +9.9763652645742595e-001
765      +9.9760502424684505e-001
766      +9.9757836853019999e-001
767      +9.9755655930748999e-001
768      +9.9753959657871505e-001
769      +9.9752748034387595e-001
770      +9.9752021060297302e-001
771      +9.9751778735600505e-001
772      +9.9752021060297302e-001
773      +9.9752748034387695e-001
774      +9.9753959657871505e-001
775      +9.9755655930748999e-001
776      +9.9757836853019999e-001
777      +9.9760502424684505e-001
778      +9.9763652645742595e-001
779      +9.9767287516194303e-001
780      +9.9771407036039494e-001
781      +9.9776011205278303e-001
782      +9.9781100023910696e-001
783      +9.9786673491936495e-001
784      +9.9792731609356000e-001
785      +9.9799274376169000e-001
786      +9.9806301792375496e-001
787      +9.9813813857975697e-001
788      +9.9821810572969305e-001
789      +9.9830291937356597e-001
790      +9.9839257951137295e-001
791      +9.9848708614311699e-001
792      +9.9858643926879598e-001
793      +9.9869063888841003e-001
794      +9.9879968500196004e-001
795      +9.9891357760944599e-001
796      +9.9903231671086701e-001
797      +9.9915590230622398e-001
798      +9.9928433439551601e-001
799      +9.9941761297874399e-001
800      +9.9955573805590703e-001
801      +9.9969870962700602e-001
802      +9.9984652769204097e-001
803      +9.9994830406468704e-001
804      +1.0000000000000000e+000
805      +1.0000000000000000e+000
806      +9.9994830406468704e-001
807      +9.9984652769204097e-001
808      +9.9969870962700602e-001
809      +9.9955573805590703e-001
810      +9.9941761297874399e-001
811      +9.9928433439551601e-001
812      +9.9915590230622398e-001
813      +9.9903231671086701e-001
814      +9.9891357760944599e-001
815      +9.9879968500196004e-001
816      +9.9869063888841003e-001
817      +9.9858643926879598e-001
818      +9.9848708614311699e-001
819      +9.9839257951137295e-001
820      +9.9830291937356597e-001
821      +9.9821810572969305e-001
822      +9.9813813857975697e-001
823      +9.9806301792375596e-001
824      +9.9799274376169000e-001
825      +9.9792731609356000e-001
826      +9.9786673491936595e-001
827      +9.9781100023910696e-001
828      +9.9776011205278303e-001
829      +9.9771407036039494e-001
830      +9.9767287516194303e-001
831      +9.9763652645742595e-001
832      +9.9760502424684505e-001
833      +9.9757836853019999e-001
834      +9.9755655930748999e-001
835      +9.9753959657871505e-001
836      +9.9752748034387595e-001
837      +9.9752021060297302e-001
838      +9.9751778735600505e-001
839      +9.9752021060297302e-001
840      +9.9752748034387695e-001
841      +9.9753959657871505e-001
842      +9.9755655930748999e-001
843      +9.9757836853019999e-001
844      +9.9760502424684505e-001
845      +9.9763652645742595e-001
846      +9.9767287516194303e-001
847      +9.9771407036039494e-001
848      +9.9776011205278303e-001
849      +9.9781100023910696e-001
850      +9.9786673491936495e-001
851      +9.9792731609356000e-001
852      +9.9799274376169000e-001
853      +9.9806301792375496e-001
854      +9.9813813857975697e-001
855      +9.9821810572969305e-001
856      +9.9830291937356497e-001
857      +9.9839257951137295e-001
858      +9.9848708614311699e-001
859      +9.9858643926879598e-001
860      +9.9869063888841003e-001
861      +9.9879968500196004e-001
862      +9.9891357760944599e-001
863      +9.9903231671086701e-001
864      +9.9915590230622398e-001
865      +9.9928433439551601e-001
866      +9.9941761297874399e-001
867      +9.9955573805590703e-001
868      +9.9969870962700602e-001
869      +9.9984652769204097e-001
870      +9.9994830406468704e-001
871      +1.0000000000000000e+000
872      +1.0000000000000000e+000
873      +9.9994830406468704e-001
874      +9.9984652769204097e-001
875      +9.9969870962700602e-001
876      +9.9955573805590703e-001
877      +9.9941761297874399e-001
878      +9.9928433439551601e-001
879      +9.9915590230622398e-001
880      +9.9903231671086701e-001
881      +9.9891357760944599e-001
882      +9.9879968500196004e-001
883      +9.9869063888841003e-001
884      +9.9858643926879598e-001
885      +9.9848708614311699e-001
886      +9.9839257951137395e-001
887      +9.9830291937356597e-001
888      +9.9821810572969305e-001
889      +9.9813813857975697e-001
890      +9.9806301792375596e-001
891      +9.9799274376169000e-001
892      +9.9792731609356000e-001
893      +9.9786673491936595e-001
894      +9.9781100023910696e-001
895      +9.9776011205278303e-001
896      +9.9771407036039494e-001
897      +9.9767287516194303e-001
898      +9.9763652645742595e-001
899      +9.9760502424684505e-001
900      +9.9757836853019999e-001
901      +9.9755655930748999e-001
902      +9.9753959657871505e-001
903      +9.9752748034387595e-001
904      +9.9752021060297302e-001
905      +9.9751778735600505e-001
906      +9.9752021060297302e-001
907      +9.9752748034387695e-001
908      +9.9753959657871505e-001
909      +9.9755655930748999e-001
910      +9.9757836853019999e-001
911      +9.9760502424684505e-001
912      +9.9763652645742695e-001
913      +9.9767287516194303e-001
914      +9.9771407036039494e-001
915      +9.9776011205278303e-001
916      +9.9781100023910696e-001
917      +9.9786673491936495e-001
918      +9.9792731609356000e-001
919      +9.9799274376169000e-001
920      +9.9806301792375496e-001
921      +9.9813813857975697e-001
922      +9.9821810572969305e-001
923      +9.9830291937356597e-001
924      +9.9839257951137295e-001
925      +9.9848708614311699e-001
926      +9.9858643926879598e-001
927      +9.9869063888841003e-001
928      +9.9879968500196004e-001
929      +9.9891357760944599e-001
930      +9.9903231671086701e-001
931      +9.9915590230622398e-001
932      +9.9928433439551601e-001
933      +9.9941761297874399e-001
934      +9.9955573805590703e-001
935      +9.9969870962700602e-001
936      +9.9984652769204097e-001
937      +9.9994830406468704e-001
938      +1.0000000000000000e+000
939      +1.0000000000000000e+000
940      +9.9994830406468704e-001
941      +9.9984652769204097e-001
942      +9.9969870962700602e-001
943      +9.9955573805590703e-001
944      +9.9941761297874399e-001
945      +9.9928433439551601e-001
946      +9.9915590230622398e-001
947      +9.9903231671086701e-001
948      +9.9891357760944599e-001
949      +9.9879968500196004e-001
950      +9.9869063888841003e-001
951      +9.9858643926879598e-001
952      +9.9848708614311699e-001
953      +9.9839257951137395e-001
954      +9.9830291937356597e-001
955      +9.9821810572969305e-001
956      +9.9813813857975697e-001
957      +9.9806301792375596e-001
958      +9.9799274376169000e-001
959      +9.9792731609356000e-001
960      +9.9786673491936595e-001
961      +9.9781100023910696e-001
962      +9.9776011205278303e-001
963      +9.9771407036039494e-001
964      +9.9767287516194303e-001
965      +9.9763652645742595e-001
966      +9.9760502424684505e-001
967      +9.9757836853019999e-001
968      +9.9755655930748999e-001
969      +9.9753959657871505e-001
970      +9.9752748034387595e-001
971      +9.9752021060297302e-001
972      +9.9751778735600505e-001
973      +9.9752021060297302e-001
974      +9.9752748034387695e-001
975      +9.9753959657871505e-001
976      +9.9755655930748999e-001
977      +9.9757836853019999e-001
978      +9.9760502424684505e-001
979      +9.9763652645742695e-001
980      +9.9767287516194303e-001
981      +9.9771407036039494e-001
982      +9.9776011205278303e-001
983      +9.9781100023910696e-001
984      +9.9786673491936495e-001
985      +9.9792731609356000e-001
986      +9.9799274376169000e-001
987      +9.9806301792375496e-001
988      +9.9813813857975697e-001
989      +9.9821810572969305e-001
990      +9.9830291937356597e-001
991      +9.9839257951137295e-001
992      +9.9848708614311699e-001
993      +9.9858643926879598e-001
994      +9.9869063888841003e-001
995      +9.9879968500196004e-001
996      +9.9891357760944599e-001
997      +9.9903231671086701e-001
998      +9.9915590230622398e-001
999      +9.9928433439551601e-001
1000     +9.9941761297874399e-001
1001     +9.9955573805590703e-001
1002     +9.9969870962700602e-001
1003     +9.9984652769204097e-001
1004     +9.9994830406468704e-001
1005     +1.0000000000000000e+000
1006     +1.0000000000000000e+000
1007     +9.9994830406468704e-001
1008     +9.9984652769204097e-001
1009     +9.9969870962700602e-001
1010     +9.9955573805590703e-001
1011     +9.9941761297874399e-001
1012     +9.9928433439551601e-001
1013     +9.9915590230622398e-001
1014     +9.9903231671086701e-001
1015     +9.9891357760944599e-001
1016     +9.9879968500196004e-001
1017     +9.9869063888841003e-001
1018     +9.9858643926879598e-001
1019     +9.9848708614311699e-001
1020     +9.9839257951137395e-001
1021     +9.9830291937356597e-001
1022     +9.9821810572969305e-001
1023     +9.9813813857975697e-001
1024     +9.9806301792375596e-001
1025     +9.9799274376169000e-001
1026     +9.9792731609356000e-001
1027     +9.9786673491936595e-001
1028     +9.9781100023910696e-001
1029     +9.9776011205278303e-001
1030     +9.9771407036039494e-001
1031     +9.9767287516194303e-001
1032     +9.9763652645742595e-001
1033     +9.9760502424684505e-001
1034     +9.9757836853019999e-001
1035     +9.9755655930748999e-001
1036     +9.9753959657871505e-001
1037     +9.9752748034387595e-001
1038     +9.9752021060297302e-001
1039     +9.9751778735600505e-001
1040     +9.9752021060297302e-001
1041     +9.9752748034387595e-001
1042     +9.9753959657871505e-001
1043     +9.9755655930748999e-001
1044     +9.9757836853019999e-001
1045     +9.9760502424684505e-001
1046     +9.9763652645742595e-001
1047     +9.9767287516194303e-001
1048     +9.9771407036039494e-001
1049     +9.9776011205278303e-001
1050     +9.9781100023910696e-001
1051     +9.9786673491936495e-001
1052     +9.9792731609356000e-001
1053     +9.9799274376169000e-001
1054     +9.9806301792375496e-001
1055     +9.9813813857975697e-001
1056     +9.9821810572969305e-001
1057     +9.9830291937356497e-001
1058     +9.9839257951137295e-001
1059     +9.9848708614311699e-001
1060     +9.9858643926879598e-001
1061     +9.9869063888841003e-001
1062     +9.9879968500196004e-001
1063     +9.9891357760944599e-001
1064     +9.9903231671086701e-001
1065     +9.9915590230622398e-001
1066     +9.9928433439551601e-001
1067     +9.9941761297874399e-001
1068     +9.9955573805590703e-001
1069     +9.9969870962700602e-001
1070     +9.9984652769204097e-001
1071     +9.9994830406468704e-001
1072     +1.0000000000000000e+000
1073     +1.0000000000000000e+000
1074     +9.9994830406468704e-001
1075     +9.9984652769204097e-001
1076     +9.9969870962700602e-001
1077     +9.9955573805590703e-001
1078     +9.9941761297874399e-001
1079     +9.9928433439551601e-001
1080     +9.9915590230622398e-001
1081     +9.9903231671086701e-001
1082     +9.9891357760944599e-001
1083     +9.9879968500196004e-001
1084     +9.9869063888841003e-001
1085     +9.9858643926879598e-001
1086     +9.9848708614311699e-001
1087     +9.9839257951137395e-001
1088     +9.9830291937356597e-001
1089     +9.9821810572969405e-001
1090     +9.9813813857975697e-001
1091     +9.9806301792375596e-001
1092     +9.9799274376169000e-001
1093     +9.9792731609356000e-001
1094     +9.9786673491936595e-001
1095     +9.9781100023910696e-001
1096     +9.9776011205278303e-001
1097     +9.9771407036039494e-001
1098     +9.9767287516194303e-001
1099     +9.9763652645742595e-001
1100     +9.9760502424684505e-001
1101     +9.9757836853019999e-001
1102     +9.9755655930748999e-001
1103     +9.9753959657871505e-001
1104     +9.9752748034387595e-001
1105     +9.9752021060297302e-001
1106     +9.9751778735600505e-001
1107     +9.9752021060297302e-001
1108     +9.9752748034387695e-001
1109     +9.9753959657871505e-001
1110     +9.9755655930748999e-001
1111     +9.9757836853019999e-001
1112     +9.9760502424684505e-001
1113     +9.9763652645742695e-001
1114     +9.9767287516194303e-001
1115     +9.9771407036039494e-001
1116     +9.9776011205278303e-001
1117     +9.9781100023910696e-001
1118     +9.9786673491936495e-001
1119     +9.9792731609356000e-001
1120     +9.9799274376169000e-001
1121     +9.9806301792375496e-001
1122     +9.9813813857975697e-001
1123     +9.9821810572969305e-001
1124     +9.9830291937356597e-001
1125     +9.9839257951137295e-001
1126     +9.9848708614311699e-001
1127     +9.9858643926879598e-001
1128     +9.9869063888841003e-001
1129     +9.9879968500196004e-001
1130     +9.9891357760944599e-001
1131     +9.9903231671086701e-001
1132     +9.9915590230622398e-001
1133     +9.9928433439551601e-001
1134     +9.9941761297874399e-001
1135     +9.9955573805590703e-001
1136     +9.9969870962700602e-001
1137     +9.9984652769204097e-001
1138     +9.9994830406468704e-001
1139     +1.0000000000000000e+000
1140     +1.0000000000000000e+000
1141     +9.9994830406468704e-001
1142     +9.9984652769204097e-001
1143     +9.9969870962700602e-001
1144     +9.9955573805590703e-001
1145     +9.9941761297874399e-001
1146     +9.9928433439551601e-001
1147     +9.9915590230622398e-001
1148     +9.9903231671086701e-001
1149     +9.9891357760944599e-001
1150     +9.9879968500196004e-001
1151     +9.9869063888841003e-001
1152     +9.9858643926879598e-001
1153     +9.9848708614311699e-001
1154     +9.9839257951137395e-001
1155     +9.9830291937356597e-001
1156     +9.9821810572969405e-001
1157     +9.9813813857975697e-001
1158     +9.9806301792375596e-001
1159     +9.9799274376169000e-001
1160     +9.9792731609356000e-001
1161     +9.9786673491936595e-001
1162     +9.9781100023910696e-001
1163     +9.9776011205278303e-001
1164     +9.9771407036039494e-001
1165     +9.9767287516194303e-001
1166     +9.9763652645742595e-001
1167     +9.9760502424684505e-001
1168     +9.9757836853019999e-001
1169     +9.9755655930748999e-001
1170     +9.9753959657871505e-001
1171     +9.9752748034387595e-001
1172     +9.9752021060297302e-001
1173     +9.9751778735600505e-001
1174     +9.9752021060297302e-001
1175     +9.9752748034387595e-001
1176     +9.9753959657871505e-001
1177     +9.9755655930748999e-001
1178     +9.9757836853019999e-001
1179     +9.9760502424684505e-001
1180     +9.9763652645742595e-001
1181     +9.9767287516194303e-001
1182     +9.9771407036039494e-001
1183     +9.9776011205278303e-001
1184     +9.9781100023910696e-001
1185     +9.9786673491936495e-001
1186     +9.9792731609356000e-001
1187     +9.9799274376169000e-001
1188     +9.9806301792375496e-001
1189     +9.9813813857975697e-001
1190     +9.9821810572969305e-001
1191     +9.9830291937356497e-001
1192     +9.9839257951137295e-001
1193     +9.9848708614311699e-001
1194     +9.9858643926879598e-001
1195     +9.9869063888841003e-001
1196     +9.9879968500196004e-001
1197     +9.9891357760944599e-001
1198     +9.9903231671086701e-001
1199     +9.9915590230622398e-001
1200     +9.9928433439551601e-001
1201     +9.9941761297874399e-001
1202     +9.9955573805590703e-001
1203     +9.9969870962700602e-001
1204     +9.9984652769204097e-001
1205     +9.9994830406468704e-001
1206     +1.0000000000000000e+000
1207     +1.0000000000000000e+000
1208     +9.9994830406468704e-001
1209     +9.9984652769204097e-001
1210     +9.9969870962700602e-001
1211     +9.9955573805590703e-001
1212     +9.9941761297874399e-001
1213     +9.9928433439551601e-001
1214     +9.9915590230622398e-001
1215     +9.9903231671086701e-001
1216     +9.9891357760944599e-001
1217     +9.9879968500196004e-001
1218     +9.9869063888841003e-001
1219     +9.9858643926879598e-001
1220     +9.9848708614311699e-001
1221     +9.9839257951137395e-001
1222     +9.9830291937356597e-001
1223     +9.9821810572969305e-001
1224     +9.9813813857975697e-001
1225     +9.9806301792375596e-001
1226     +9.9799274376169000e-001
1227     +9.9792731609356000e-001
1228     +9.9786673491936595e-001
1229     +9.9781100023910696e-001
1230     +9.9776011205278303e-001
1231     +9.9771407036039494e-001
1232     +9.9767287516194303e-001
1233     +9.9763652645742595e-001
1234     +9.9760502424684505e-001
1235     +9.9757836853019999e-001
1236     +9.9755655930748999e-001
1237     +9.9753959657871505e-001
1238     +9.9752748034387595e-001
1239     +9.9752021060297302e-001
1240     +9.9751778735600505e-001
1241     +9.9752021060297302e-001
1242     +9.9752748034387695e-001
1243     +9.9753959657871505e-001
1244     +9.9755655930748999e-001
1245     +9.9757836853019999e-001
1246     +9.9760502424684505e-001
1247     +9.9763652645742695e-001
1248     +9.9767287516194303e-001
1249     +9.9771407036039494e-001
1250     +9.9776011205278303e-001
1251     +9.9781100023910696e-001
1252     +9.9786673491936495e-001
1253     +9.9792731609356000e-001
1254     +9.9799274376169000e-001
1255     +9.9806301792375496e-001
1256     +9.9813813857975697e-001
1257     +9.9821810572969305e-001
1258     +9.9830291937356597e-001
1259     +9.9839257951137295e-001
1260     +9.9848708614311699e-001
1261     +9.9858643926879598e-001
1262     +9.9869063888841003e-001
1263     +9.9879968500196004e-001
1264     +9.9891357760944599e-001
1265     +9.9903231671086701e-001
1266     +9.9915590230622398e-001
1267     +9.9928433439551601e-001
1268     +9.9941761297874399e-001
1269     +9.9955573805590703e-001
1270     +9.9969870962700602e-001
1271     +9.9984652769204097e-001
1272     +9.9994830406468704e-001
1273     +1.0000000000000000e+000
1274     +1.0000000000000000e+000
1275     +9.9994830406468704e-001
1276     +9.9984652769204097e-001
1277     +9.9969870962700602e-001
1278     +9.9955573805590703e-001
1279     +9.9941761297874399e-001
1280     +9.9928433439551601e-001
1281     +9.9915590230622398e-001
1282     +9.9903231671086701e-001
1283     +9.9891357760944599e-001
1284     +9.9879968500196004e-001
1285     +9.9869063888841003e-001
1286     +9.9858643926879598e-001
1287     +9.9848708614311699e-001
1288     +9.9839257951137295e-001
1289     +9.9830291937356597e-001
1290     +9.9821810572969305e-001
1291     +9.9813813857975697e-001
1292     +9.9806301792375596e-001
1293     +9.9799274376169000e-001
1294     +9.9792731609356000e-001
1295     +9.9786673491936595e-001
1296     +9.9781100023910696e-001
1297     +9.9776011205278303e-001
1298     +9.9771407036039494e-001
1299     +9.9767287516194303e-001
1300     +9.9763652645742595e-001
1301     +9.9760502424684505e-001
1302     +9.9757836853019999e-001
1303     +9.9755655930748999e-001
1304     +9.9753959657871505e-001
1305     +9.9752748034387595e-001
1306     +9.9752021060297302e-001
1307     +9.9751778735600505e-001
1308     +9.9752021060297302e-001
1309     +9.9752748034387695e-001
1310     +9.9753959657871505e-001
1311     +9.9755655930748999e-001
1312     +9.9757836853019999e-001
1313     +9.9760502424684505e-001
1314     +9.9763652645742595e-001
1315     +9.9767287516194303e-001
1316     +9.9771407036039494e-001
1317     +9.9776011205278303e-001
1318     +9.9781100023910696e-001
1319     +9.9786673491936495e-001
1320     +9.9792731609356000e-001
1321     +9.9799274376169000e-001
1322     +9.9806301792375496e-001
1323     +9.9813813857975697e-001
1324     +9.9821810572969305e-001
1325     +9.9830291937356597e-001
1326     +9.9839257951137295e-001
1327     +9.9848708614311699e-001
1328     +9.9858643926879598e-001
1329     +9.9869063888841003e-001
1330     +9.9879968500196004e-001
1331     +9.9891357760944599e-001
1332     +9.9903231671086701e-001
1333     +9.9915590230622398e-001
1334     +9.9928433439551601e-001
1335     +9.9941761297874399e-001
1336     +9.9955573805590703e-001
1337     +9.9969870962700602e-001
1338     +9.9984652769204097e-001
1339     +9.9994830406468704e-001
1340     +1.0000000000000000e+000
1341     +1.0000000000000000e+000
1342     +9.9994830406468704e-001
1343     +9.9984652769204097e-001
1344     +9.9969870962700602e-001
1345     +9.9955573805590703e-001
1346     +9.9941761297874399e-001
1347     +9.9928433439551601e-001
1348     +9.9915590230622398e-001
1349     +9.9903231671086701e-001
1350     +9.9891357760944599e-001
1351     +9.9879968500196004e-001
1352     +9.9869063888841003e-001
1353     +9.9858643926879598e-001
1354     +9.9848708614311699e-001
1355     +9.9839257951137295e-001
1356     +9.9830291937356597e-001
1357     +9.9821810572969305e-001
1358     +9.9813813857975697e-001
1359     +9.9806301792375596e-001
1360     +9.9799274376169000e-001
1361     +9.9792731609356000e-001
1362     +9.9786673491936595e-001
1363     +9.9781100023910696e-001
1364     +9.9776011205278303e-001
1365     +9.9771407036039494e-001
1366     +9.9767287516194303e-001
1367     +9.9763652645742595e-001
1368     +9.9760502424684505e-001
1369     +9.9757836853019999e-001
1370     +9.9755655930748999e-001
1371     +9.9753959657871505e-001
1372     +9.9752748034387595e-001
1373     +9.9752021060297302e-001
1374     +9.9751778735600505e-001
1375     +9.9752021060297302e-001
1376     +9.9752748034387695e-001
1377     +9.9753959657871505e-001
1378     +9.9755655930748999e-001
1379     +9.9757836853019999e-001
1380     +9.9760502424684505e-001
1381     +9.9763652645742595e-001
1382     +9.9767287516194303e-001
1383     +9.9771407036039494e-001
1384     +9.9776011205278303e-001
1385     +9.9781100023910696e-001
1386     +9.9786673491936495e-001
1387     +9.9792731609356000e-001
1388     +9.9799274376169000e-001
1389     +9.9806301792375496e-001
1390     +9.9813813857975697e-001
1391     +9.9821810572969305e-001
1392     +9.9830291937356497e-001
1393     +9.9839257951137295e-001
1394     +9.9848708614311699e-001
1395     +9.9858643926879598e-001
1396     +9.9869063888841003e-001
1397     +9.9879968500196004e-001
1398     +9.9891357760944599e-001
1399     +9.9903231671086701e-001
1400     +9.9915590230622398e-001
1401     +9.9928433439551601e-001
1402     +9.9941761297874399e-001
1403     +9.9955573805590703e-001
1404     +9.9969870962700602e-001
1405     +9.9984652769204097e-001
1406     +9.9994830406468704e-001
1407     +1.0000000000000000e+000
1408     +1.0000000000000000e+000
1409     +9.9994830406468704e-001
1410     +9.9984652769204097e-001
1411     +9.9969870962700602e-001
1412     +9.9955573805590703e-001
1413     +9.9941761297874399e-001
1414     +9.9928433439551601e-001
1415     +9.9915590230622398e-001
1416     +9.9903231671086701e-001
1417     +9.9891357760944599e-001
1418     +9.9879968500196004e-001
1419     +9.9869063888841003e-001
1420     +9.9858643926879598e-001
1421     +9.9848708614311699e-001
1422     +9.9839257951137395e-001
1423     +9.9830291937356597e-001
1424     +9.9821810572969305e-001
1425     +9.9813813857975697e-001
1426     +9.9806301792375596e-001
1427     +9.9799274376169000e-001
1428     +9.9792731609356000e-001
1429     +9.9786673491936595e-001
1430     +9.9781100023910696e-001
1431     +9.9776011205278303e-001
1432     +9.9771407036039494e-001
1433     +9.9767287516194303e-001
1434     +9.9763652645742595e-001
1435     +9.9760502424684505e-001
1436     +9.9757836853019999e-001
1437     +9.9755655930748999e-001
1438     +9.9753959657871505e-001
1439     +9.9752748034387595e-001
1440     +9.9752021060297302e-001
1441     +9.9751778735600505e-001
1442     +9.9752021060297302e-001
1443     +9.9752748034387695e-001
1444     +9.9753959657871505e-001
1445     +9.9755655930748999e-001
1446     +9.9757836853019999e-001
1447     +9.9760502424684505e-001
1448     +9.9763652645742695e-001
1449     +9.9767287516194303e-001
1450     +9.9771407036039494e-001
1451     +9.9776011205278303e-001
1452     +9.9781100023910696e-001
1453     +9.9786673491936495e-001
1454     +9.9792731609356000e-001
1455     +9.9799274376169000e-001
1456     +9.9806301792375496e-001
1457     +9.9813813857975697e-001
1458     +9.9821810572969305e-001
1459     +9.9830291937356597e-001
1460     +9.9839257951137295e-001
1461     +9.9848708614311699e-001
1462     +9.9858643926879598e-001
1463     +9.9869063888841003e-001
1464     +9.9879968500196004e-001
1465     +9.9891357760944599e-001
1466     +9.9903231671086701e-001
1467     +9.9915590230622398e-001
1468     +9.9928433439551601e-001
1469     +9.9941761297874399e-001
1470     +9.9955573805590703e-001
1471     +9.9969870962700602e-001
1472     +9.9984652769204097e-001
1473     +9.9994830406468704e-001
1474     +1.0000000000000000e+000
1475     +1.0000000000000000e+000
1476     +9.9994830406468704e-001
1477     +9.9984652769204097e-001
1478     +9.9969870962700602e-001
1479     +9.9955573805590703e-001
1480     +9.9941761297874399e-001
1481     +9.9928433439551601e-001
1482     +9.9915590230622398e-001
1483     +9.9903231671086701e-001
1484     +9.9891357760944599e-001
1485     +9.9879968500196004e-001
1486     +9.9869063888841003e-001
1487     +9.9858643926879598e-001
1488     +9.9848708614311699e-001
1489     +9.9839257951137395e-001
1490     +9.9830291937356597e-001
1491     +9.9821810572969305e-001
1492     +9.9813813857975697e-001
1493     +9.9806301792375596e-001
1494     +9.9799274376169000e-001
1495     +9.9792731609356000e-001
1496     +9.9786673491936595e-001
1497     +9.9781100023910696e-001
1498     +9.9776011205278303e-001
1499     +9.9771407036039494e-001
1500     +9.9767287516194303e-001
1501     +9.9763652645742595e-001
1502     +9.9760502424684505e-001
1503     +9.9757836853019999e-001
1504     +9.9755655930748999e-001
1505     +9.9753959657871505e-001
1506     +9.9752748034387595e-001
1507     +9.9752021060297302e-001
1508     +9.9751778735600505e-001
1509     +9.9752021060297302e-001
1510     +9.9752748034387695e-001
1511     +9.9753959657871505e-001
1512     +9.9755655930748999e-001
1513     +9.9757836853019999e-001
1514     +9.9760502424684505e-001
1515     +9.9763652645742695e-001
1516     +9.9767287516194303e-001
1517     +9.9771407036039494e-001
1518     +9.9776011205278303e-001
1519     +9.9781100023910696e-001
1520     +9.9786673491936495e-001
1521     +9.9792731609356000e-001
1522     +9.9799274376169000e-001
1523     +9.9806301792375496e-001
1524     +9.9813813857975697e-001
1525     +9.9821810572969305e-001
1526     +9.9830291937356597e-001
1527     +9.9839257951137295e-001
1528     +9.9848708614311699e-001
1529     +9.9858643926879598e-001
1530     +9.9869063888841003e-001
1531     +9.9879968500196004e-001
1532     +9.9891357760944599e-001
1533     +9.9903231671086701e-001
1534     +9.9915590230622398e-001
1535     +9.9928433439551601e-001
1536     +9.9941761297874399e-001
1537     +9.9955573805590703e-001
1538     +9.9969870962700602e-001
1539     +9.9984652769204097e-001
1540     +9.9994830406468704e-001
1541     +1.0000000000000000e+000
1542     +1.0000000000000000e+000
1543     +9.9994830406468704e-001
1544     +9.9984652769204097e-001
1545     +9.9969870962700602e-001
1546     +9.9955573805590703e-001
1547     +9.9941761297874399e-001
1548     +9.9928433439551601e-001
1549     +9.9915590230622398e-001
1550     +9.9903231671086701e-001
1551     +9.9891357760944599e-001
1552     +9.9879968500196004e-001
1553     +9.9869063888841003e-001
1554     +9.9858643926879598e-001
1555     +9.9848708614311699e-001
1556     +9.9839257951137395e-001
1557     +9.9830291937356597e-001
1558     +9.9821810572969305e-001
1559     +9.9813813857975697e-001
1560     +9.9806301792375596e-001
1561     +9.9799274376169000e-001
1562     +9.9792731609356000e-001
1563     +9.9786673491936595e-001
1564     +9.9781100023910696e-001
1565     +9.9776011205278303e-001
1566     +9.9771407036039494e-001
1567     +9.9767287516194303e-001
1568     +9.9763652645742595e-001
1569     +9.9760502424684505e-001
1570     +9.9757836853019999e-001
1571     +9.9755655930748999e-001
1572     +9.9753959657871505e-001
1573     +9.9752748034387595e-001
1574     +9.9752021060297302e-001
1575     +9.9751778735600505e-001
1576     +9.9752021060297302e-001
1577     +9.9752748034387595e-001
1578     +9.9753959657871505e-001
1579     +9.9755655930748999e-001
1580     +9.9757836853019999e-001
1581     +9.9760502424684505e-001
1582     +9.9763652645742595e-001
1583     +9.9767287516194303e-001
1584     +9.9771407036039494e-001
1585     +9.9776011205278303e-001
1586     +9.9781100023910696e-001
1587     +9.9786673491936495e-001
1588     +9.9792731609356000e-001
1589     +9.9799274376169000e-001
1590     +9.9806301792375496e-001
1591     +9.9813813857975697e-001
1592     +9.9821810572969305e-001
1593     +9.9830291937356497e-001
1594     +9.9839257951137295e-001
1595     +9.9848708614311699e-001
1596     +9.9858643926879598e-001
1597     +9.9869063888841003e-001
1598     +9.9879968500196004e-001
1599     +9.9891357760944599e-001
1600     +9.9903231671086701e-001
1601     +9.9915590230622398e-001
1602     +9.9928433439551601e-001
1603     +9.9941761297874399e-001
1604     +9.9955573805590703e-001
1605     +9.9969870962700602e-001
1606     +9.9984652769204097e-001
1607     +9.9994830406468704e-001
1608     +1.0000000000000000e+000
1609     +1.0000000000000000e+000
1610     +9.9994830406468704e-001
1611     +9.9984652769204097e-001
1612     +9.9969870962700602e-001
1613     +9.9955573805590703e-001
1614     +9.9941761297874399e-001
1615     +9.9928433439551601e-001
1616     +9.9915590230622398e-001
1617     +9.9903231671086701e-001
1618     +9.9891357760944599e-001
1619     +9.9879968500196004e-001
1620     +9.9869063888841003e-001
1621     +9.9858643926879598e-001
1622     +9.9848708614311699e-001
1623     +9.9839257951137395e-001
1624     +9.9830291937356597e-001
1625     +9.9821810572969405e-001
1626     +9.9813813857975697e-001
1627     +9.9806301792375596e-001
1628     +9.9799274376169000e-001
1629     +9.9792731609356000e-001
1630     +9.9786673491936595e-001
1631     +9.9781100023910696e-001
1632     +9.9776011205278303e-001
1633     +9.9771407036039494e-001
1634     +9.9767287516194303e-001
1635     +9.9763652645742595e-001
1636     +9.9760502424684505e-001
1637     +9.9757836853019999e-001
1638     +9.9755655930748999e-001
1639     +9.9753959657871505e-001
1640     +9.9752748034387595e-001
1641     +9.9752021060297302e-001
1642     +9.9751778735600505e-001
1643     +9.9752021060297302e-001
1644     +9.9752748034387695e-001
1645     +9.9753959657871505e-001
1646     +9.9755655930748999e-001
1647     +9.9757836853019999e-001
1648     +9.9760502424684505e-001
1649     +9.9763652645742695e-001
1650     +9.9767287516194303e-001
1651     +9.9771407036039494e-001
1652     +9.9776011205278303e-001
1653     +9.9781100023910696e-001
1654     +9.9786673491936495e-001
1655     +9.9792731609356000e-001
1656     +9.9799274376169000e-001
1657     +9.9806301792375496e-001
1658     +9.9813813857975697e-001
1659     +9.9821810572969305e-001
1660     +9.9830291937356597e-001
1661     +9.9839257951137295e-001
1662     +9.9848708614311699e-001
1663     +9.9858643926879598e-001
1664     +9.9869063888841003e-001
1665     +9.9879968500196004e-001
1666     +9.9891357760944599e-001
1667     +9.9903231671086701e-001
1668     +9.9915590230622398e-001
1669     +9.9928433439551601e-001
1670     +9.9941761297874399e-001
1671     +9.9955573805590703e-001
1672     +9.9969870962700602e-001
1673     +9.9984652769204097e-001
1674     +9.9994830406468704e-001
1675     +1.0000000000000000e+000
1676     +1.0000000000000000e+000
1677     +9.9994830406468704e-001
1678     +9.9984652769204097e-001
1679     +9.9969870962700602e-001
1680     +9.9955573805590703e-001
1681     +9.9941761297874399e-001
1682     +9.9928433439551601e-001
1683     +9.9915590230622398e-001
1684     +9.9903231671086701e-001
1685     +9.9891357760944599e-001
1686     +9.9879968500196004e-001
1687     +9.9869063888841003e-001
1688     +9.9858643926879598e-001
1689     +9.9848708614311699e-001
1690     +9.9839257951137395e-001
1691     +9.9830291937356597e-001
1692     +9.9821810572969405e-001
1693     +9.9813813857975697e-001
1694     +9.9806301792375596e-001
1695     +9.9799274376169000e-001
1696     +9.9792731609356000e-001
1697     +9.9786673491936595e-001
1698     +9.9781100023910696e-001
1699     +9.9776011205278303e-001
1700     +9.9771407036039494e-001
1701     +9.9767287516194303e-001
1702     +9.9763652645742595e-001
1703     +9.9760502424684505e-001
1704     +9.9757836853019999e-001
1705     +9.9755655930748999e-001
1706     +9.9753959657871505e-001
1707     +9.9752748034387595e-001
1708     +9.9752021060297302e-001
1709     +9.9751778735600505e-001
1710     +9.9752021060297302e-001
1711     +9.9752748034387595e-001
1712     +9.9753959657871505e-001
1713     +9.9755655930748999e-001
1714     +9.9757836853019999e-001
1715     +9.9760502424684505e-001
1716     +9.9763652645742595e-001
1717     +9.9767287516194303e-001
1718     +9.9771407036039494e-001
1719     +9.9776011205278303e-001
1720     +9.9781100023910696e-001
1721     +9.9786673491936495e-001
1722     +9.9792731609356000e-001
1723     +9.9799274376169000e-001
1724     +9.9806301792375496e-001
1725     +9.9813813857975697e-001
1726     +9.9821810572969305e-001
1727     +9.9830291937356497e-001
1728     +9.9839257951137295e-001
1729     +9.9848708614311699e-001
1730     +9.9858643926879598e-001
1731     +9.9869063888841003e-001
1732     +9.9879968500196004e-001
1733     +9.9891357760944599e-001
1734     +9.9903231671086701e-001
1735     +9.9915590230622398e-001
1736     +9.9928433439551601e-001
1737     +9.9941761297874399e-001
1738     +9.9955573805590703e-001
1739     +9.9969870962700602e-001
1740     +9.9984652769204097e-001
1741     +9.9994830406468704e-001
1742     +1.0000000000000000e+000
1743     +1.0000000000000000e+000
1744     +9.9994830406468704e-001
1745     +9.9984652769204097e-001
1746     +9.9969870962700602e-001
1747     +9.9955573805590703e-001
1748     +9.9941761297874399e-001
1749     +9.9928433439551601e-001
1750     +9.9915590230622398e-001
1751     +9.9903231671086701e-001
1752     +9.9891357760944599e-001
1753     +9.9879968500196004e-001
1754     +9.9869063888841003e-001
1755     +9.9858643926879598e-001
1756     +9.9848708614311699e-001
1757     +9.9839257951137395e-001
1758     +9.9830291937356597e-001
1759     +9.9821810572969305e-001
1760     +9.9813813857975697e-001
1761     +9.9806301792375596e-001
1762     +9.9799274376169000e-001
1763     +9.9792731609356000e-001
1764     +9.9786673491936595e-001
1765     +9.9781100023910696e-001
1766     +9.9776011205278303e-001
1767     +9.9771407036039494e-001
1768     +9.9767287516194303e-001
1769     +9.9763652645742595e-001
1770     +9.9760502424684505e-001
1771     +9.9757836853019999e-001
1772     +9.9755655930748999e-001
1773     +9.9753959657871505e-001
1774     +9.9752748034387595e-001
1775     +9.9752021060297302e-001
1776     +9.9751778735600505e-001
1777     +9.9752021060297302e-001
1778     +9.9752748034387695e-001
1779     +9.9753959657871505e-001
1780     +9.9755655930748999e-001
1781     +9.9757836853019999e-001
1782     +9.9760502424684505e-001
1783     +9.9763652645742695e-001
1784     +9.9767287516194303e-001
1785     +9.9771407036039494e-001
1786     +9.9776011205278303e-001
1787     +9.9781100023910696e-001
1788     +9.9786673491936495e-001
1789     +9.9792731609356000e-001
1790     +9.9799274376169000e-001
1791     +9.9806301792375496e-001
1792     +9.9813813857975697e-001
1793     +9.9821810572969305e-001
1794     +9.9830291937356597e-001
1795     +9.9839257951137295e-001
1796     +9.9848708614311699e-001
1797     +9.9858643926879598e-001
1798     +9.9869063888841003e-001
1799     +9.9879968500196004e-001
1800     +9.9891357760944599e-001
1801     +9.9903231671086701e-001
1802     +9.9915590230622398e-001
1803     +9.9928433439551601e-001
1804     +9.9941761297874399e-001
1805     +9.9955573805590703e-001
1806     +9.9969870962700602e-001
1807     +9.9984652769204097e-001
1808     +9.9994830406468704e-001
1809     +1.0000000000000000e+000
1810     +1.0000000000000000e+000
1811     +9.9994830406468704e-001
1812     +9.9984652769204097e-001
1813     +9.9969870962700602e-001
1814     +9.9955573805590703e-001
1815     +9.9941761297874399e-001
1816     +9.9928433439551601e-001
1817     +9.9915590230622398e-001
1818     +9.9903231671086701e-001
1819     +9.9891357760944599e-001
1820     +9.9879968500196004e-001
1821     +9.9869063888841003e-001
1822     +9.9858643926879598e-001
1823     +9.9848708614311699e-001
1824     +9.9839257951137295e-001
1825     +9.9830291937356597e-001
1826     +9.9821810572969305e-001
1827     +9.9813813857975697e-001
1828     +9.9806301792375596e-001
1829     +9.9799274376169000e-001
1830     +9.9792731609356000e-001
1831     +9.9786673491936595e-001
1832     +9.9781100023910696e-001
1833     +9.9776011205278303e-001
1834     +9.9771407036039494e-001
1835     +9.9767287516194303e-001
1836     +9.9763652645742595e-001
1837     +9.9760502424684505e-001
1838     +9.9757836853019999e-001
1839     +9.9755655930748999e-001
1840     +9.9753959657871505e-001
1841     +9.9752748034387595e-001
1842     +9.9752021060297302e-001
1843     +9.9751778735600505e-001
1844     +9.9752021060297302e-001
1845     +9.9752748034387695e-001
1846     +9.9753959657871505e-001
1847     +9.9755655930748999e-001
1848     +9.9757836853019999e-001
1849     +9.9760502424684505e-001
1850     +9.9763652645742595e-001
1851     +9.9767287516194303e-001
1852     +9.9771407036039494e-001
1853     +9.9776011205278303e-001
1854     +9.9781100023910696e-001
1855     +9.9786673491936495e-001
1856     +9.9792731609356000e-001
1857     +9.9799274376169000e-001
1858     +9.9806301792375496e-001
1859     +9.9813813857975697e-001
1860     +9.9821810572969305e-001
1861     +9.9830291937356597e-001
1862     +9.9839257951137295e-001
1863     +9.9848708614311699e-001
1864     +9.9858643926879598e-001
1865     +9.9869063888841003e-001
1866     +9.9879968500196004e-001
1867     +9.9891357760944599e-001
1868     +9.9903231671086701e-001
1869     +9.9915590230622398e-001
1870     +9.9928433439551601e-001
1871     +9.9941761297874399e-001
1872     +9.9955573805590703e-001
1873     +9.9969870962700602e-001
1874     +9.9984652769204097e-001
1875     +9.9994830406468704e-001
1876     +1.0000000000000000e+000
1877     +1.0000000000000000e+000
1878     +9.9994830406468704e-001
1879     +9.9984652769204097e-001
1880     +9.9969870962700602e-001
1881     +9.9955573805590703e-001
1882     +9.9941761297874399e-001
1883     +9.9928433439551601e-001
1884     +9.9915590230622398e-001
1885     +9.9903231671086701e-001
1886     +9.9891357760944599e-001
1887     +9.9879968500196004e-001
1888     +9.9869063888841003e-001
1889     +9.9858643926879598e-001
1890     +9.9848708614311699e-001
1891     +9.9839257951137295e-001
1892     +9.9830291937356597e-001
1893     +9.9821810572969305e-001
1894     +9.9813813857975697e-001
1895     +9.9806301792375596e-001
1896     +9.9799274376169000e-001
1897     +9.9792731609356000e-001
1898     +9.9786673491936595e-001
1899     +9.9781100023910696e-001
1900     +9.9776011205278303e-001
1901     +9.9771407036039494e-001
1902     +9.9767287516194303e-001
1903     +9.9763652645742595e-001
1904     +9.9760502424684505e-001
1905     +9.9757836853019999e-001
1906     +9.9755655930748999e-001
1907     +9.9753959657871505e-001
1908     +9.9752748034387595e-001
1909     +9.9752021060297302e-001
1910     +9.9751778735600505e-001
1911     +9.9752021060297302e-001
1912     +9.9752748034387695e-001
1913     +9.9753959657871505e-001
1914     +9.9755655930748999e-001
1915     +9.9757836853019999e-001
1916     +9.9760502424684505e-001
1917     +9.9763652645742595e-001
1918     +9.9767287516194303e-001
1919     +9.9771407036039494e-001
1920     +9.9776011205278303e-001
1921     +9.9781100023910696e-001
1922     +9.9786673491936495e-001
1923     +9.9792731609356000e-001
1924     +9.9799274376169000e-001
1925     +9.9806301792375496e-001
1926     +9.9813813857975697e-001
1927     +9.9821810572969305e-001
1928     +9.9830291937356497e-001
1929     +9.9839257951137295e-001
1930     +9.9848708614311699e-001
1931     +9.9858643926879498e-001
1932     +9.9869063888841003e-001
1933     +9.9879968500196004e-001
1934     +9.9891357760944499e-001
1935     +9.9903231671086701e-001
1936     +9.9915590230622398e-001
1937     +9.9928433439551601e-001
1938     +9.9941761297874399e-001
1939     +9.9955573805590703e-001
1940     +9.9969870962700602e-001
1941     +9.9984652769204097e-001
1942     +9.9994830406468704e-001
1943     +1.0000000000000000e+000
1944     +1.0000000000000000e+000
1945     +9.9994830406468704e-001
1946     +9.9984652769204097e-001
1947     +9.9969870962700602e-001
1948     +9.9955573805590703e-001
1949     +9.9941761297874399e-001
1950     +9.9928433439551601e-001
1951     +9.9915590230622398e-001
1952     +9.9903231671086701e-001
1953     +9.9891357760944599e-001
1954     +9.9879968500196004e-001
1955     +9.9869063888841003e-001
1956     +9.9858643926879598e-001
1957     +9.9848708614311699e-001
1958     +9.9839257951137395e-001
1959     +9.9830291937356597e-001
1960     +9.9821810572969305e-001
1961     +9.9813813857975697e-001
1962     +9.9806301792375596e-001
1963     +9.9799274376169000e-001
1964     +9.9792731609356000e-001
1965     +9.9786673491936595e-001
1966     +9.9781100023910696e-001
1967     +9.9776011205278303e-001
1968     +9.9771407036039494e-001
1969     +9.9767287516194303e-001
1970     +9.9763652645742595e-001
1971     +9.9760502424684505e-001
1972     +9.9757836853019999e-001
1973     +9.9755655930748999e-001
1974     +9.9753959657871505e-001
1975     +9.9752748034387595e-001
1976     +9.9752021060297302e-001
1977     +9.9751778735600505e-001
1978     +9.9752021060297302e-001
1979     +9.9752748034387695e-001
1980     +9.9753959657871505e-001
1981     +9.9755655930748999e-001
1982     +9.9757836853019999e-001
1983     +9.9760502424684505e-001
1984     +9.9763652645742695e-001
1985     +9.9767287516194303e-001
1986     +9.9771407036039494e-001
1987     +9.9776011205278303e-001
1988     +9.9781100023910696e-001
1989     +9.9786673491936495e-001
1990     +9.9792731609356000e-001
1991     +9.9799274376169000e-001
1992     +9.9806301792375496e-001
1993     +9.9813813857975697e-001
1994     +9.9821810572969305e-001
1995     +9.9830291937356597e-001
1996     +9.9839257951137295e-001
1997     +9.9848708614311699e-001
1998     +9.9858643926879598e-001
1999     +9.9869063888841003e-001
2000     +9.9879968500196004e-001
2001     +9.9891357760944599e-001
2002     +9.9903231671086701e-001
2003     +9.9915590230622398e-001
2004     +9.9928433439551601e-001
2005     +9.9941761297874399e-001
2006     +9.9955573805590703e-001
2007     +9.9969870962700602e-001
2008     +9.9984652769204097e-001
2009     +9.9994830406468704e-001
2010     +1.0000000000000000e+000
2011     +1.0000000000000000e+000
2012     +9.9994830406468704e-001
2013     +9.9984652769204097e-001
2014     +9.9969870962700602e-001
2015     +9.9955573805590703e-001
2016     +9.9941761297874399e-001
2017     +9.9928433439551601e-001
2018     +9.9915590230622398e-001
2019     +9.9903231671086701e-001
2020     +9.9891357760944599e-001
2021     +9.9879968500196004e-001
2022     +9.9869063888841003e-001
2023     +9.9858643926879598e-001
2024     +9.9848708614311699e-001
2025     +9.9839257951137395e-001
2026     +9.9830291937356597e-001
2027     +9.9821810572969305e-001
2028     +9.9813813857975697e-001
2029     +9.9806301792375596e-001
2030     +9.9799274376169000e-001
2031     +9.9792731609356000e-001
2032     +9.9786673491936595e-001
2033     +9.9781100023910696e-001
2034     +9.9776011205278303e-001
2035     +9.9771407036039494e-001
2036     +9.9767287516194303e-001
2037     +9.9763652645742595e-001
2038     +9.9760502424684505e-001
2039     +9.9757836853019999e-001
2040     +9.9755655930748999e-001
2041     +9.9753959657871505e-001
2042     +9.9752748034387595e-001
2043     +9.9752021060297302e-001
2044     +9.9751778735600505e-001
2045     +9.9752021060297302e-001
2046     +9.9752748034387695e-001
2047     +9.9753959657871505e-001
2048     +9.9755655930748999e-001
2049     +9.9757836853019999e-001
2050     +9.9760502424684505e-001
2051     +9.9763652645742695e-001
2052     +9.9767287516194303e-001
2053     +9.9771407036039494e-001
2054     +9.9776011205278303e-001
2055     +9.9781100023910696e-001
2056     +9.9786673491936495e-001
2057     +9.9792731609356000e-001
2058     +9.9799274376169000e-001
2059     +9.9806301792375496e-001
2060     +9.9813813857975697e-001
2061     +9.9821810572969305e-001
2062     +9.9830291937356597e-001
2063     +9.9839257951137295e-001
2064     +9.9848708614311699e-001
2065     +9.9858643926879598e-001
2066     +9.9869063888841003e-001
2067     +9.9879968500196004e-001
2068     +9.9891357760944599e-001
2069     +9.9903231671086701e-001
2070     +9.9915590230622398e-001
2071     +9.9928433439551601e-001
2072     +9.9941761297874399e-001
2073     +9.9955573805590703e-001
2074     +9.9969870962700602e-001
2075     +9.9984652769204097e-001
2076     +9.9994830406468704e-001
2077     +1.0000000000000000e+000
2078     +1.0000000000000000e+000
2079     +9.9994830406468704e-001
2080     +9.9984652769204097e-001
2081     +9.9969870962700602e-001
2082     +9.9955573805590703e-001
2083     +9.9941761297874399e-001
2084     +9.9928433439551601e-001
2085     +9.9915590230622398e-001
2086     +9.9903231671086701e-001
2087     +9.9891357760944599e-001
2088     +9.9879968500196004e-001
2089     +9.9869063888841003e-001
2090     +9.9858643926879598e-001
2091     +9.9848708614311699e-001
2092     +9.9839257951137395e-001
2093     +9.9830291937356597e-001
2094     +9.9821810572969405e-001
2095     +9.9813813857975697e-001
2096     +9.9806301792375596e-001
2097     +9.9799274376169000e-001
2098     +9.9792731609356000e-001
2099     +9.9786673491936595e-001
2100     +9.9781100023910696e-001
2101     +9.9776011205278303e-001
2102     +9.9771407036039494e-001
2103     +9.9767287516194303e-001
2104     +9.9763652645742595e-001
2105     +9.9760502424684505e-001
2106     +9.9757836853019999e-001
2107     +9.9755655930748999e-001
2108     +9.9753959657871505e-001
2109     +9.9752748034387595e-001
2110     +9.9752021060297302e-001
2111     +9.9751778735600505e-001
2112     +9.9752021060297302e-001
2113     +9.9752748034387695e-001
2114     +9.9753959657871505e-001
2115     +9.9755655930748999e-001
2116     +9.9757836853019999e-001
2117     +9.9760502424684505e-001
2118     +9.9763652645742595e-001
2119     +9.9767287516194303e-001
2120     +9.9771407036039494e-001
2121     +9.9776011205278303e-001
2122     +9.9781100023910696e-001
2123     +9.9786673491936495e-001
2124     +9.9792731609356000e-001
2125     +9.9799274376169000e-001
2126     +9.9806301792375496e-001
2127     +9.9813813857975697e-001
2128     +9.9821810572969305e-001
2129     +9.9830291937356597e-001
2130     +9.9839257951137295e-001
2131     +9.9848708614311699e-001
2132     +9.9858643926879598e-001
2133     +9.9869063888841003e-001
2134     +9.9879968500196004e-001
2135     +9.9891357760944599e-001
2136     +9.9903231671086701e-001
2137     +9.9915590230622398e-001
2138     +9.9928433439551601e-001
2139     +9.9941761297874399e-001
2140     +9.9955573805590703e-001
2141     +9.9969870962700602e-001
2142     +9.9984652769204097e-001
2143     +9.9994830406468704e-001
2144     +1.0000000000000000e+000
2145     +1.0000000000000000e+000
2146     +9.9994830406468704e-001
2147     +9.9984652769204097e-001
2148     +9.9969870962700602e-001
2149     +9.9955573805590703e-001
2150     +9.9941761297874399e-001
2151     +9.9928433439551601e-001
2152     +9.9915590230622398e-001
2153     +9.9903231671086701e-001
2154     +9.9891357760944599e-001
2155     +9.9879968500196004e-001
2156     +9.9869063888841003e-001
2157     +9.9858643926879598e-001
2158     +9.9848708614311699e-001
2159     +9.9839257951137395e-001
2160     +9.9830291937356597e-001
2161     +9.9821810572969405e-001
2162     +9.9813813857975697e-001
2163     +9.9806301792375596e-001
2164     +9.9799274376169000e-001
2165     +9.9792731609356000e-001
2166     +9.9786673491936595e-001
2167     +9.9781100023910696e-001
2168     +9.9776011205278303e-001
2169     +9.9771407036039494e-001
2170     +9.9767287516194303e-001
2171     +9.9763652645742595e-001
2172     +9.9760502424684505e-001
2173     +9.9757836853019999e-001
2174     +9.9755655930748999e-001
2175     +9.9753959657871505e-001
2176     +9.9752748034387595e-001
2177     +9.9752021060297302e-001
2178     +9.9751778735600505e-001
2179     +9.9752021060297302e-001
2180     +9.9752748034387695e-001
2181     +9.9753959657871505e-001
2182     +9.9755655930748999e-001
2183     +9.9757836853019999e-001
2184     +9.9760502424684505e-001
2185     +9.9763652645742695e-001
2186     +9.9767287516194303e-001
2187     +9.9771407036039494e-001
2188     +9.9776011205278303e-001
2189     +9.9781100023910696e-001
2190     +9.9786673491936495e-001
2191     +9.9792731609356000e-001
2192     +9.9799274376169000e-001
2193     +9.9806301792375496e-001
2194     +9.9813813857975697e-001
2195     +9.9821810572969305e-001
2196     +9.9830291937356597e-001
2197     +9.9839257951137295e-001
2198     +9.9848708614311699e-001
2199     +9.9858643926879598e-001
2200     +9.9869063888841003e-001
2201     +9.9879968500196004e-001
2202     +9.9891357760944599e-001
2203     +9.9903231671086701e-001
2204     +9.9915590230622398e-001
2205     +9.9928433439551601e-001
2206     +9.9941761297874399e-001
2207     +9.9955573805590703e-001
2208     +9.9969870962700602e-001
2209     +9.9984652769204097e-001
2210     +9.9994830406468704e-001
2211     +1.0000000000000000e+000
2212     +1.0000000000000000e+000
2213     +9.9994830406468704e-001
2214     +9.9984652769204097e-001
2215     +9.9969870962700602e-001
2216     +9.9955573805590703e-001
2217     +9.9941761297874399e-001
2218     +9.9928433439551601e-001
2219     +9.9915590230622398e-001
2220     +9.9903231671086701e-001
2221     +9.9891357760944599e-001
2222     +9.9879968500196004e-001
2223     +9.9869063888841003e-001
2224     +9.9858643926879598e-001
2225     +9.9848708614311699e-001
2226     +9.9839257951137395e-001
2227     +9.9830291937356597e-001
2228     +9.9821810572969405e-001
2229     +9.9813813857975697e-001
2230     +9.9806301792375596e-001
2231     +9.9799274376169000e-001
2232     +9.9792731609356000e-001
2233     +9.9786673491936595e-001
2234     +9.9781100023910696e-001
2235     +9.9776011205278303e-001
2236     +9.9771407036039494e-001
2237     +9.9767287516194303e-001
2238     +9.9763652645742595e-001
2239     +9.9760502424684505e-001
2240     +9.9757836853019999e-001
2241     +9.9755655930748999e-001
2242     +9.9753959657871505e-001
2243     +9.9752748034387595e-001
2244     +9.9752021060297302e-001
2245     +9.9751778735600505e-001
2246     +9.9752021060297302e-001
2247     +9.9752748034387595e-001
2248     +9.9753959657871505e-001
2249     +9.9755655930748999e-001
2250     +9.9757836853019999e-001
2251     +9.9760502424684505e-001
2252     +9.9763652645742595e-001
2253     +9.9767287516194303e-001
2254     +9.9771407036039494e-001
2255     +9.9776011205278303e-001
2256     +9.9781100023910696e-001
2257     +9.9786673491936495e-001
2258     +9.9792731609356000e-001
2259     +9.9799274376169000e-001
2260     +9.9806301792375496e-001
2261     +9.9813813857975697e-001
2262     +9.9821810572969305e-001
2263     +9.9830291937356497e-001
2264     +9.9839257951137295e-001
2265     +9.9848708614311699e-001
2266     +9.9858643926879598e-001
2267     +9.9869063888841003e-001
2268     +9.9879968500196004e-001
2269     +9.9891357760944599e-001
2270     +9.9903231671086701e-001
2271     +9.9915590230622398e-001
2272     +9.9928433439551601e-001
2273     +9.9941761297874399e-001
2274     +9.9955573805590703e-001
2275     +9.9969870962700602e-001
2276     +9.9984652769203997e-001
2277     +9.9994830406468704e-001
2278     +1.0000000000000000e+000
2279     +1.0000000000000000e+000
2280     +9.9994830406468704e-001
2281     +9.9984652769204097e-001
2282     +9.9969870962700602e-001
2283     +9.9955573805590703e-001
2284     +9.9941761297874399e-001
2285     +9.9928433439551601e-001
2286     +9.9915590230622398e-001
2287     +9.9903231671086701e-001
2288     +9.9891357760944599e-001
2289     +9.9879968500196004e-001
2290     +9.9869063888841003e-001
2291     +9.9858643926879598e-001
2292     +9.9848708614311699e-001
2293     +9.9839257951137395e-001
2294     +9.9830291937356597e-001
2295     +9.9821810572969305e-001
2296     +9.9813813857975697e-001
2297     +9.9806301792375596e-001
2298     +9.9799274376169000e-001
2299     +9.9792731609356000e-001
2300     +9.9786673491936595e-001
2301     +9.9781100023910696e-001
2302     +9.9776011205278303e-001
2303     +9.9771407036039494e-001
2304     +9.9767287516194303e-001
2305     +9.9763652645742595e-001
2306     +9.9760502424684505e-001
2307     +9.9757836853019999e-001
2308     +9.9755655930748999e-001
2309     +9.9753959657871505e-001
2310     +9.9752748034387595e-001
2311     +9.9752021060297302e-001
2312     +9.9751778735600505e-001
2313     +9.9752021060297302e-001
2314     +9.9752748034387695e-001
2315     +9.9753959657871505e-001
2316     +9.9755655930748999e-001
2317     +9.9757836853019999e-001
2318     +9.9760502424684505e-001
2319     +9.9763652645742695e-001
2320     +9.9767287516194303e-001
2321     +9.9771407036039494e-001
2322     +9.9776011205278303e-001
2323     +9.9781100023910696e-001
2324     +9.9786673491936495e-001
2325     +9.9792731609356000e-001
2326     +9.9799274376169000e-001
2327     +9.9806301792375496e-001
2328     +9.9813813857975697e-001
2329     +9.9821810572969305e-001
2330     +9.9830291937356597e-001
2331     +9.9839257951137295e-001
2332     +9.9848708614311699e-001
2333     +9.9858643926879598e-001
2334     +9.9869063888841003e-001
2335     +9.9879968500196004e-001
2336     +9.9891357760944599e-001
2337     +9.9903231671086701e-001
2338     +9.9915590230622398e-001
2339     +9.9928433439551601e-001
2340     +9.9941761297874399e-001
2341     +9.9955573805590703e-001
2342     +9.9969870962700602e-001
2343     +9.9984652769203997e-001
2344     +9.9994830406468704e-001
2345     +1.0000000000000000e+000
2346     +1.0000000000000000e+000
2347     +9.9994830406468704e-001
2348     +9.9984652769204097e-001
2349     +9.9969870962700602e-001
2350     +9.9955573805590703e-001
2351     +9.9941761297874399e-001
2352     +9.9928433439551601e-001
2353     +9.9915590230622398e-001
2354     +9.9903231671086701e-001
2355     +9.9891357760944599e-001
2356     +9.9879968500196004e-001
2357     +9.9869063888841003e-001
2358     +9.9858643926879598e-001
2359     +9.9848708614311699e-001
2360     +9.9839257951137295e-001
2361     +9.9830291937356597e-001
2362     +9.9821810572969305e-001
2363     +9.9813813857975697e-001
2364     +9.9806301792375596e-001
2365     +9.9799274376169000e-001
2366     +9.9792731609356000e-001
2367     +9.9786673491936595e-001
2368     +9.9781100023910696e-001
2369     +9.9776011205278303e-001
2370     +9.9771407036039494e-001
2371     +9.9767287516194303e-001
2372     +9.9763652645742595e-001
2373     +9.9760502424684505e-001
2374     +9.9757836853019999e-001
2375     +9.9755655930748999e-001
2376     +9.9753959657871505e-001
2377     +9.9752748034387595e-001
2378     +9.9752021060297302e-001
2379     +9.9751778735600505e-001
2380     +9.9752021060297302e-001
2381     +9.9752748034387695e-001
2382     +9.9753959657871505e-001
2383     +9.9755655930748999e-001
2384     +9.9757836853019999e-001
2385     +9.9760502424684505e-001
2386     +9.9763652645742595e-001
2387     +9.9767287516194303e-001
2388     +9.9771407036039494e-001
2389     +9.9776011205278303e-001
2390     +9.9781100023910696e-001
2391     +9.9786673491936495e-001
2392     +9.9792731609356000e-001
2393     +9.9799274376169000e-001
2394     +9.9806301792375496e-001
2395     +9.9813813857975697e-001
2396     +9.9821810572969305e-001
2397     +9.9830291937356597e-001
2398     +9.9839257951137295e-001
2399     +9.9848708614311699e-001
2400     +9.9858643926879598e-001
2401     +9.9869063888841003e-001
2402     +9.9879968500196004e-001
2403     +9.9891357760944599e-001
2404     +9.9903231671086701e-001
2405     +9.9915590230622398e-001
2406     +9.9928433439551601e-001
2407     +9.9941761297874399e-001
2408     +9.9955573805590703e-001
2409     +9.9969870962700602e-001
2410     +9.9984652769203997e-001
2411     +9.9994830406468704e-001
2412     +1.0000000000000000e+000
2413     +1.0000000000000000e+000
2414     +9.9994830406468704e-001
2415     +9.9984652769204097e-001
2416     +9.9969870962700602e-001
2417     +9.9955573805590703e-001
2418     +9.9941761297874399e-001
2419     +9.9928433439551601e-001
2420     +9.9915590230622398e-001
2421     +9.9903231671086701e-001
2422     +9.9891357760944599e-001
2423     +9.9879968500196004e-001
2424     +9.9869063888841003e-001
2425     +9.9858643926879598e-001
2426     +9.9848708614311699e-001
2427     +9.9839257951137295e-001
2428     +9.9830291937356597e-001
2429     +9.9821810572969305e-001
2430     +9.9813813857975697e-001
2431     +9.9806301792375596e-001
2432     +9.9799274376169000e-001
2433     +9.9792731609356000e-001
2434     +9.9786673491936595e-001
2435     +9.9781100023910696e-001
2436     +9.9776011205278303e-001
2437     +9.9771407036039494e-001
2438     +9.9767287516194303e-001
2439     +9.9763652645742595e-001
2440     +9.9760502424684505e-001
2441     +9.9757836853019999e-001
2442     +9.9755655930748999e-001
2443     +9.9753959657871505e-001
2444     +9.9752748034387595e-001
2445     +9.9752021060297302e-001
2446     +9.9751778735600505e-001
2447     +9.9752021060297302e-001
2448     +9.9752748034387695e-001
2449     +9.9753959657871505e-001
2450     +9.9755655930748999e-001
2451     +9.9757836853019999e-001
2452     +9.9760502424684505e-001
2453     +9.9763652645742695e-001
2454     +9.9767287516194303e-001
2455     +9.9771407036039494e-001
2456     +9.9776011205278303e-001
2457     +9.9781100023910696e-001
2458     +9.9786673491936495e-001
2459     +9.9792731609356000e-001
2460     +9.9799274376169000e-001
2461     +9.9806301792375496e-001
2462     +9.9813813857975697e-001
2463     +9.9821810572969305e-001
2464     +9.9830291937356597e-001
2465     +9.9839257951137295e-001
2466     +9.9848708614311699e-001
2467     +9.9858643926879598e-001
2468     +9.9869063888841003e-001
2469     +9.9879968500196004e-001
2470     +9.9891357760944599e-001
2471     +9.9903231671086701e-001
2472     +9.9915590230622398e-001
2473     +9.9928433439551601e-001
2474     +9.9941761297874399e-001
2475     +9.9955573805590703e-001
2476     +9.9969870962700602e-001
2477     +9.9984652769203997e-001
2478     +9.9994830406468704e-001
2479     +1.0000000000000000e+000
2480     +1.0000000000000000e+000
2481     +9.9994830406468704e-001
2482     +9.9984652769204097e-001
2483     +9.9969870962700602e-001
2484     +9.9955573805590703e-001
2485     +9.9941761297874399e-001
2486     +9.9928433439551601e-001
2487     +9.9915590230622398e-001
2488     +9.9903231671086701e-001
2489     +9.9891357760944599e-001
2490     +9.9879968500196004e-001
2491     +9.9869063888841003e-001
2492     +9.9858643926879598e-001
2493     +9.9848708614311699e-001
2494     +9.9839257951137295e-001
2495     +9.9830291937356597e-001
2496     +9.9821810572969305e-001
2497     +9.9813813857975697e-001
2498     +9.9806301792375596e-001
2499     +9.9799274376169000e-001
2500     +9.9792731609356000e-001
2501     +9.9786673491936595e-001
2502     +9.9781100023910696e-001
2503     +9.9776011205278303e-001
2504     +9.9771407036039494e-001
2505     +9.9767287516194303e-001
2506     +9.9763652645742595e-001
2507     +9.9760502424684505e-001
2508     +9.9757836853019999e-001
2509     +9.9755655930748999e-001
2510     +9.9753959657871505e-001
2511     +9.9752748034387695e-001
2512     +9.9752021060297302e-001
2513     +9.9751778735600505e-001
2514     +9.9752021060297302e-001
2515     +9.9752748034387695e-001
2516     +9.9753959657871505e-001
2517     +9.9755655930748999e-001
2518     +9.9757836853019999e-001
2519     +9.9760502424684505e-001
2520     +9.9763652645742595e-001
2521     +9.9767287516194303e-001
2522     +9.9771407036039494e-001
2523     +9.9776011205278303e-001
2524     +9.9781100023910696e-001
2525     +9.9786673491936495e-001
2526     +9.9792731609356000e-001
2527     +9.9799274376169000e-001
2528     +9.9806301792375496e-001
2529     +9.9813813857975697e-001
2530     +9.9821810572969305e-001
2531     +9.9830291937356597e-001
2532     +9.9839257951137295e-001
2533     +9.9848708614311699e-001
2534     +9.9858643926879598e-001
2535     +9.9869063888841003e-001
2536     +9.9879968500196004e-001
2537     +9.9891357760944599e-001
2538     +9.9903231671086701e-001
2539     +9.9915590230622398e-001
2540     +9.9928433439551601e-001
2541     +9.9941761297874399e-001
2542     +9.9955573805590703e-001
2543     +9.9969870962700602e-001
2544     +9.9984652769203997e-001
2545     +9.9994830406468704e-001
2546     +1.0000000000000000e+000
2547     +1.0000000000000000e+000
2548     +9.9994830406468704e-001
2549     +9.9984652769204097e-001
2550     +9.9969870962700602e-001
2551     +9.9955573805590703e-001
2552     +9.9941761297874399e-001
2553     +9.9928433439551601e-001
2554     +9.9915590230622398e-001
2555     +9.9903231671086701e-001
2556     +9.9891357760944599e-001
2557     +9.9879968500196004e-001
2558     +9.9869063888841003e-001
2559     +9.9858643926879598e-001
2560     +9.9848708614311699e-001
2561     +9.9839257951137295e-001
2562     +9.9830291937356597e-001
2563     +9.9821810572969305e-001
2564     +9.9813813857975697e-001
2565     +9.9806301792375596e-001
2566     +9.9799274376169000e-001
2567     +9.9792731609356000e-001
2568     +9.9786673491936595e-001
2569     +9.9781100023910696e-001
2570     +9.9776011205278303e-001
2571     +9.9771407036039494e-001
2572     +9.9767287516194303e-001
2573     +9.9763652645742595e-001
2574     +9.9760502424684505e-001
2575     +9.9757836853019999e-001
2576     +9.9755655930748999e-001
2577     +9.9753959657871505e-001
2578     +9.9752748034387695e-001
2579     +9.9752021060297302e-001
2580     +9.9751778735600505e-001
2581     +9.9752021060297302e-001
2582     +9.9752748034387695e-001
2583     +9.9753959657871505e-001
2584     +9.9755655930748999e-001
2585     +9.9757836853019999e-001
2586     +9.9760502424684505e-001
2587     +9.9763652645742695e-001
2588     +9.9767287516194303e-001
2589     +9.9771407036039494e-001
2590     +9.9776011205278303e-001
2591     +9.9781100023910696e-001
2592     +9.9786673491936495e-001
2593     +9.9792731609356000e-001
2594     +9.9799274376169000e-001
2595     +9.9806301792375496e-001
2596     +9.9813813857975697e-001
2597     +9.9821810572969305e-001
2598     +9.9830291937356597e-001
2599     +9.9839257951137295e-001
2600     +9.9848708614311699e-001
2601     +9.9858643926879598e-001
2602     +9.9869063888841003e-001
2603     +9.9879968500196004e-001
2604     +9.9891357760944599e-001
2605     +9.9903231671086701e-001
2606     +9.9915590230622398e-001
2607     +9.9928433439551601e-001
2608     +9.9941761297874399e-001
2609     +9.9955573805590703e-001
2610     +9.9969870962700602e-001
2611     +9.9984652769203997e-001
2612     +9.9994830406468704e-001
2613     +1.0000000000000000e+000
2614     +1.0000000000000000e+000
2615     +9.9994830406468704e-001
2616     +9.9984652769204097e-001
2617     +9.9969870962700602e-001
2618     +9.9955573805590703e-001
2619     +9.9941761297874399e-001
2620     +9.9928433439551601e-001
2621     +9.9915590230622398e-001
2622     +9.9903231671086701e-001
2623     +9.9891357760944599e-001
2624     +9.9879968500196004e-001
2625     +9.9869063888841003e-001
2626     +9.9858643926879598e-001
2627     +9.9848708614311699e-001
2628     +9.9839257951137295e-001
2629     +9.9830291937356597e-001
2630     +9.9821810572969305e-001
2631     +9.9813813857975697e-001
2632     +9.9806301792375596e-001
2633     +9.9799274376169000e-001
2634     +9.9792731609356000e-001
2635     +9.9786673491936595e-001
2636     +9.9781100023910696e-001
2637     +9.9776011205278303e-001
2638     +9.9771407036039494e-001
2639     +9.9767287516194303e-001
2640     +9.9763652645742595e-001
2641     +9.9760502424684505e-001
2642     +9.9757836853019999e-001
2643     +9.9755655930748999e-001
2644     +9.9753959657871505e-001
2645     +9.9752748034387595e-001
2646     +9.9752021060297302e-001
2647     +9.9751778735600505e-001
2648     +9.9752021060297302e-001
2649     +9.9752748034387695e-001
2650     +9.9753959657871505e-001
2651     +9.9755655930748999e-001
2652     +9.9757836853019999e-001
2653     +9.9760502424684505e-001
2654     +9.9763652645742595e-001
2655     +9.9767287516194303e-001
2656     +9.9771407036039494e-001
2657     +9.9776011205278303e-001
2658     +9.9781100023910696e-001
2659     +9.9786673491936495e-001
2660     +9.9792731609356000e-001
2661     +9.9799274376169000e-001
2662     +9.9806301792375496e-001
2663     +9.9813813857975697e-001
2664     +9.9821810572969305e-001
2665     +9.9830291937356597e-001
2666     +9.9839257951137295e-001
2667     +9.9848708614311699e-001
2668     +9.9858643926879598e-001
2669     +9.9869063888841003e-001
2670     +9.9879968500196004e-001
2671     +9.9891357760944599e-001
2672     +9.9903231671086701e-001
2673     +9.9915590230622398e-001
2674     +9.9928433439551601e-001
2675     +9.9941761297874399e-001
2676     +9.9955573805590703e-001
2677     +9.9969870962700602e-001
2678     +9.9984652769203997e-001
2679     +9.9994830406468704e-001
2680     +1.0000000000000000e+000
2681     +1.0000000000000000e+000
2682     +9.9994830406468704e-001
2683     +9.9984652769204097e-001
2684     +9.9969870962700602e-001
2685     +9.9955573805590703e-001
2686     +9.9941761297874399e-001
2687     +9.9928433439551601e-001
2688     +9.9915590230622398e-001
2689     +9.9903231671086701e-001
2690     +9.9891357760944599e-001
2691     +9.9879968500196004e-001
2692     +9.9869063888841003e-001
2693     +9.9858643926879598e-001
2694     +9.9848708614311699e-001
2695     +9.9839257951137295e-001
2696     +9.9830291937356597e-001
2697     +9.9821810572969305e-001
2698     +9.9813813857975697e-001
2699     +9.9806301792375596e-001
2700     +9.9799274376169000e-001
2701     +9.9792731609356000e-001
2702     +9.9786673491936595e-001
2703     +9.9781100023910696e-001
2704     +9.9776011205278303e-001
2705     +9.9771407036039494e-001
2706     +9.9767287516194303e-001
2707     +9.9763652645742595e-001
2708     +9.9760502424684505e-001
2709     +9.9757836853019999e-001
2710     +9.9755655930748999e-001
2711     +9.9753959657871505e-001
2712     +9.9752748034387595e-001
2713     +9.9752021060297302e-001
2714     +9.9751778735600505e-001
2715     +9.9752021060297302e-001
2716     +9.9752748034387695e-001
2717     +9.9753959657871505e-001
2718     +9.9755655930748999e-001
2719     +9.9757836853019999e-001
2720     +9.9760502424684505e-001
2721     +9.9763652645742695e-001
2722     +9.9767287516194303e-001
2723     +9.9771407036039494e-001
2724     +9.9776011205278303e-001
2725     +9.9781100023910696e-001
2726     +9.9786673491936495e-001
2727     +9.9792731609356000e-001
2728     +9.9799274376169000e-001
2729     +9.9806301792375496e-001
2730     +9.9813813857975697e-001
2731     +9.9821810572969305e-001
2732     +9.9830291937356597e-001
2733     +9.9839257951137295e-001
2734     +9.9848708614311699e-001
2735     +9.9858643926879598e-001
2736     +9.9869063888841003e-001
2737     +9.9879968500196004e-001
2738     +9.9891357760944599e-001
2739     +9.9903231671086701e-001
2740     +9.9915590230622398e-001
2741     +9.9928433439551601e-001
2742     +9.9941761297874399e-001
2743     +9.9955573805590703e-001
2744     +9.9969870962700602e-001
2745     +9.9984652769203997e-001
2746     +9.9994830406468704e-001
2747     +1.0000000000000000e+000
2748     +1.0000000000000000e+000
2749     +9.9994830406468704e-001
2750     +9.9984652769204097e-001
2751     +9.9969870962700602e-001
2752     +9.9955573805590703e-001
2753     +9.9941761297874399e-001
2754     +9.9928433439551601e-001
2755     +9.9915590230622398e-001
2756     +9.9903231671086701e-001
2757     +9.9891357760944599e-001
2758     +9.9879968500196004e-001
2759     +9.9869063888841003e-001
2760     +9.9858643926879598e-001
2761     +9.9848708614311699e-001
2762     +9.9839257951137295e-001
2763     +9.9830291937356597e-001
2764     +9.9821810572969305e-001
2765     +9.9813813857975697e-001
2766     +9.9806301792375596e-001
2767     +9.9799274376169000e-001
2768     +9.9792731609356000e-001
2769     +9.9786673491936595e-001
2770     +9.9781100023910696e-001
2771     +9.9776011205278303e-001
2772     +9.9771407036039494e-001
2773     +9.9767287516194303e-001
2774     +9.9763652645742595e-001
2775     +9.9760502424684505e-001
2776     +9.9757836853019999e-001
2777     +9.9755655930748999e-001
2778     +9.9753959657871505e-001
2779     +9.9752748034387695e-001
2780     +9.9752021060297302e-001
2781     +9.9751778735600505e-001
2782     +9.9752021060297302e-001
2783     +9.9752748034387695e-001
2784     +9.9753959657871505e-001
2785     +9.9755655930748999e-001
2786     +9.9757836853019999e-001
2787     +9.9760502424684505e-001
2788     +9.9763652645742595e-001
2789     +9.9767287516194303e-001
2790     +9.9771407036039494e-001
2791     +9.9776011205278303e-001
2792     +9.9781100023910696e-001
2793     +9.9786673491936495e-001
2794     +9.9792731609356000e-001
2795     +9.9799274376169000e-001
2796     +9.9806301792375496e-001
2797     +9.9813813857975697e-001
2798     +9.9821810572969305e-001
2799     +9.9830291937356597e-001
2800     +9.9839257951137295e-001
2801     +9.9848708614311699e-001
2802     +9.9858643926879598e-001
2803     +9.9869063888841003e-001
2804     +9.9879968500196004e-001
2805     +9.9891357760944599e-001
2806     +9.9903231671086701e-001
2807     +9.9915590230622398e-001
2808     +9.9928433439551601e-001
2809     +9.9941761297874399e-001
2810     +9.9955573805590703e-001
2811     +9.9969870962700602e-001
2812     +9.9984652769203997e-001
2813     +9.9994830406468704e-001
2814     +1.0000000000000000e+000
2815     +1.0000000000000000e+000
2816     +9.9994830406468704e-001
2817     +9.9984652769204097e-001
2818     +9.9969870962700602e-001
2819     +9.9955573805590703e-001
2820     +9.9941761297874399e-001
2821     +9.9928433439551601e-001
2822     +9.9915590230622398e-001
2823     +9.9903231671086701e-001
2824     +9.9891357760944599e-001
2825     +9.9879968500196004e-001
2826     +9.9869063888841003e-001
2827     +9.9858643926879598e-001
2828     +9.9848708614311699e-001
2829     +9.9839257951137295e-001
2830     +9.9830291937356597e-001
2831     +9.9821810572969305e-001
2832     +9.9813813857975697e-001
2833     +9.9806301792375596e-001
2834     +9.9799274376169000e-001
2835     +9.9792731609356000e-001
2836     +9.9786673491936595e-001
2837     +9.9781100023910696e-001
2838     +9.9776011205278303e-001
2839     +9.9771407036039494e-001
2840     +9.9767287516194303e-001
2841     +9.9763652645742595e-001
2842     +9.9760502424684505e-001
2843     +9.9757836853019999e-001
2844     +9.9755655930748999e-001
2845     +9.9753959657871505e-001
2846     +9.9752748034387695e-001
2847     +9.9752021060297302e-001
2848     +9.9751778735600505e-001
2849     +9.9752021060297302e-001
2850     +9.9752748034387695e-001
2851     +9.9753959657871505e-001
2852     +9.9755655930748999e-001
2853     +9.9757836853019999e-001
2854     +9.9760502424684505e-001
2855     +9.9763652645742695e-001
2856     +9.9767287516194303e-001
2857     +9.9771407036039494e-001
2858     +9.9776011205278303e-001
2859     +9.9781100023910696e-001
2860     +9.9786673491936495e-001
2861     +9.9792731609356000e-001
2862     +9.9799274376169000e-001
2863     +9.9806301792375496e-001
2864     +9.9813813857975697e-001
2865     +9.9821810572969305e-001
2866     +9.9830291937356597e-001
2867     +9.9839257951137295e-001
2868     +9.9848708614311699e-001
2869     +9.9858643926879598e-001
2870     +9.9869063888841003e-001
2871     +9.9879968500196004e-001
2872     +9.9891357760944599e-001
2873     +9.9903231671086701e-001
2874     +9.9915590230622398e-001
2875     +9.9928433439551601e-001
2876     +9.9941761297874399e-001
2877     +9.9955573805590703e-001
2878     +9.9969870962700602e-001
2879     +9.9984652769203997e-001
2880     +9.9994830406468704e-001
2881     +1.0000000000000000e+000
2882     +1.0000000000000000e+000
2883     +9.9994830406468704e-001
2884     +9.9984652769204097e-001
2885     +9.9969870962700602e-001
2886     +9.9955573805590703e-001
2887     +9.9941761297874399e-001
2888     +9.9928433439551601e-001
2889     +9.9915590230622398e-001
2890     +9.9903231671086701e-001
2891     +9.9891357760944599e-001
2892     +9.9879968500196004e-001
2893     +9.9869063888841003e-001
2894     +9.9858643926879598e-001
2895     +9.9848708614311699e-001
2896     +9.9839257951137295e-001
2897     +9.9830291937356597e-001
2898     +9.9821810572969305e-001
2899     +9.9813813857975697e-001
2900     +9.9806301792375596e-001
2901     +9.9799274376169000e-001
2902     +9.9792731609356000e-001
2903     +9.9786673491936595e-001
2904     +9.9781100023910696e-001
2905     +9.9776011205278303e-001
2906     +9.9771407036039494e-001
2907     +9.9767287516194303e-001
2908     +9.9763652645742595e-001
2909     +9.9760502424684505e-001
2910     +9.9757836853019999e-001
2911     +9.9755655930748999e-001
2912     +9.9753959657871505e-001
2913     +9.9752748034387595e-001
2914     +9.9752021060297302e-001
2915     +9.9751778735600505e-001
2916     +9.9752021060297302e-001
2917     +9.9752748034387695e-001
2918     +9.9753959657871505e-001
2919     +9.9755655930748999e-001
2920     +9.9757836853019999e-001
2921     +9.9760502424684505e-001
2922     +9.9763652645742595e-001
2923     +9.9767287516194303e-001
2924     +9.9771407036039494e-001
2925     +9.9776011205278303e-001
2926     +9.9781100023910696e-001
2927     +9.9786673491936495e-001
2928     +9.9792731609356000e-001
2929     +9.9799274376169000e-001
2930     +9.9806301792375496e-001
2931     +9.9813813857975697e-001
2932     +9.9821810572969305e-001
2933     +9.9830291937356597e-001
2934     +9.9839257951137295e-001
2935     +9.9848708614311699e-001
2936     +9.9858643926879598e-001
2937     +9.9869063888841003e-001
2938     +9.9879968500196004e-001
2939     +9.9891357760944599e-001
2940     +9.9903231671086701e-001
2941     +9.9915590230622398e-001
2942     +9.9928433439551601e-001
2943     +9.9941761297874399e-001
2944     +9.9955573805590703e-001
2945     +9.9969870962700602e-001
2946     +9.9984652769203997e-001
2947     +9.9994830406468704e-001
2948     +1.0000000000000000e+000
2949     +1.0000000000000000e+000
2950     +9.9994830406468704e-001
2951     +9.9984652769203997e-001
2952     +9.9969870962700602e-001
2953     +9.9955573805590703e-001
2954     +9.9941761297874399e-001
2955     +9.9928433439551601e-001
2956     +9.9915590230622398e-001
2957     +9.9903231671086701e-001
2958     +9.9891357760944599e-001
2959     +9.9879968500196004e-001
2960     +9.9869063888841003e-001
2961     +9.9858643926879598e-001
2962     +9.9848708614311699e-001
2963     +9.9839257951137295e-001
2964     +9.9830291937356597e-001
2965     +9.9821810572969305e-001
2966     +9.9813813857975697e-001
2967     +9.9806301792375596e-001
2968     +9.9799274376169000e-001
2969     +9.9792731609356000e-001
2970     +9.9786673491936595e-001
2971     +9.9781100023910696e-001
2972     +9.9776011205278303e-001
2973     +9.9771407036039494e-001
2974     +9.9767287516194303e-001
2975     +9.9763652645742595e-001
2976     +9.9760502424684505e-001
2977     +9.9757836853019999e-001
2978     +9.9755655930748999e-001
2979     +9.9753959657871505e-001
2980     +9.9752748034387595e-001
2981     +9.9752021060297302e-001
2982     +9.9751778735600505e-001
2983     +9.9752021060297302e-001
2984     +9.9752748034387695e-001
2985     +9.9753959657871505e-001
2986     +9.9755655930748999e-001
2987     +9.9757836853019999e-001
2988     +9.9760502424684505e-001
2989     +9.9763652645742695e-001
2990     +9.9767287516194303e-001
2991     +9.9771407036039494e-001
2992     +9.9776011205278303e-001
2993     +9.9781100023910696e-001
2994     +9.9786673491936495e-001
2995     +9.9792731609356000e-001
2996     +9.9799274376169000e-001
2997     +9.9806301792375496e-001
2998     +9.9813813857975697e-001
2999     +9.9821810572969305e-001
3000     +9.9830291937356597e-001
3001     +9.9839257951137295e-001
3002     +9.9848708614311699e-001
3003     +9.9858643926879598e-001
3004     +9.9869063888841003e-001
3005     +9.9879968500196004e-001
3006     +9.9891357760944599e-001
3007     +9.9903231671086701e-001
3008     +9.9915590230622398e-001
3009     +9.9928433439551601e-001
3010     +9.9941761297874399e-001
3011     +9.9955573805590703e-001
3012     +9.9969870962700602e-001
3013     +9.9984652769203997e-001
3014     +9.9994830406468704e-001
3015     +1.0000000000000000e+000
3016     +1.0000000000000000e+000
3017     +9.9994830406468704e-001
3018     +9.9984652769203997e-001
3019     +9.9969870962700602e-001
3020     +9.9955573805590703e-001
3021     +9.9941761297874399e-001
3022     +9.9928433439551601e-001
3023     +9.9915590230622398e-001
3024     +9.9903231671086701e-001
3025     +9.9891357760944599e-001
3026     +9.9879968500196004e-001
3027     +9.9869063888841003e-001
3028     +9.9858643926879598e-001
3029     +9.9848708614311699e-001
3030     +9.9839257951137295e-001
3031     +9.9830291937356597e-001
3032     +9.9821810572969305e-001
3033     +9.9813813857975697e-001
3034     +9.9806301792375596e-001
3035     +9.9799274376169000e-001
3036     +9.9792731609356000e-001
3037     +9.9786673491936595e-001
3038     +9.9781100023910696e-001
3039     +9.9776011205278303e-001
3040     +9.9771407036039494e-001
3041     +9.9767287516194303e-001
3042     +9.9763652645742595e-001
3043     +9.9760502424684505e-001
3044     +9.9757836853019999e-001
3045     +9.9755655930748999e-001
3046     +9.9753959657871505e-001
3047     +9.9752748034387695e-001
3048     +9.9752021060297302e-001
3049     +9.9751778735600505e-001
3050     +9.9752021060297302e-001
3051     +9.9752748034387695e-001
3052     +9.9753959657871505e-001
3053     +9.9755655930748999e-001
3054     +9.9757836853019999e-001
3055     +9.9760502424684505e-001
3056     +9.9763652645742595e-001
3057     +9.9767287516194303e-001
3058     +9.9771407036039494e-001
3059     +9.9776011205278303e-001
3060     +9.9781100023910696e-001
3061     +9.9786673491936495e-001
3062     +9.9792731609356000e-001
3063     +9.9799274376169000e-001
3064     +9.9806301792375496e-001
3065     +9.9813813857975697e-001
3066     +9.9821810572969305e-001
3067     +9.9830291937356597e-001
3068     +9.9839257951137295e-001
3069     +9.9848708614311699e-001
3070     +9.9858643926879598e-001
3071     +9.9869063888841003e-001
3072     +9.9879968500196004e-001
3073     +9.9891357760944599e-001
3074     +9.9903231671086701e-001
3075     +9.9915590230622398e-001
3076     +9.9928433439551601e-001
3077     +9.9941761297874399e-001
3078     +9.9955573805590703e-001
3079     +9.9969870962700602e-001
3080     +9.9984652769203997e-001
3081     +9.9994830406468704e-001
3082     +1.0000000000000000e+000
3083     +1.0000000000000000e+000
3084     +9.9994830406468704e-001
3085     +9.9984652769203997e-001
3086     +9.9969870962700602e-001
3087     +9.9955573805590703e-001
3088     +9.9941761297874399e-001
3089     +9.9928433439551601e-001
3090     +9.9915590230622398e-001
3091     +9.9903231671086701e-001
3092     +9.9891357760944599e-001
3093     +9.9879968500196004e-001
3094     +9.9869063888841003e-001
3095     +9.9858643926879598e-001
3096     +9.9848708614311699e-001
3097     +9.9839257951137295e-001
3098     +9.9830291937356597e-001
3099     +9.9821810572969305e-001
3100     +9.9813813857975697e-001
3101     +9.9806301792375596e-001
3102     +9.9799274376169000e-001
3103     +9.9792731609356000e-001
3104     +9.9786673491936595e-001
3105     +9.9781100023910696e-001
3106     +9.9776011205278303e-001
3107     +9.9771407036039494e-001
3108     +9.9767287516194303e-001
3109     +9.9763652645742595e-001
3110     +9.9760502424684505e-001
3111     +9.9757836853019999e-001
3112     +9.9755655930748999e-001
3113     +9.9753959657871505e-001
3114     +9.9752748034387695e-001
3115     +9.9752021060297302e-001
3116     +9.9751778735600505e-001
3117     +9.9752021060297302e-001
3118     +9.9752748034387695e-001
3119     +9.9753959657871505e-001
3120     +9.9755655930748999e-001
3121     +9.9757836853019999e-001
3122     +9.9760502424684505e-001
3123     +9.9763652645742695e-001
3124     +9.9767287516194303e-001
3125     +9.9771407036039494e-001
3126     +9.9776011205278303e-001
3127     +9.9781100023910696e-001
3128     +9.9786673491936495e-001
3129     +9.9792731609356000e-001
3130     +9.9799274376169000e-001
3131     +9.9806301792375496e-001
3132     +9.9813813857975697e-001
3133     +9.9821810572969305e-001
3134     +9.9830291937356597e-001
3135     +9.9839257951137295e-001
3136     +9.9848708614311699e-001
3137     +9.9858643926879598e-001
3138     +9.9869063888841003e-001
3139     +9.9879968500196004e-001
3140     +9.9891357760944599e-001
3141     +9.9903231671086701e-001
3142     +9.9915590230622398e-001
3143     +9.9928433439551601e-001
3144     +9.9941761297874399e-001
3145     +9.9955573805590703e-001
3146     +9.9969870962700602e-001
3147     +9.9984652769203997e-001
3148     +9.9994830406468704e-001
3149     +1.0000000000000000e+000
3150     +1.0000000000000000e+000
3151     +9.9994830406468704e-001
3152     +9.9984652769203997e-001
3153     +9.9969870962700602e-001
3154     +9.9955573805590703e-001
3155     +9.9941761297874399e-001
3156     +9.9928433439551601e-001
3157     +9.9915590230622398e-001
3158     +9.9903231671086701e-001
3159     +9.9891357760944599e-001
3160     +9.9879968500196004e-001
3161     +9.9869063888841003e-001
3162     +9.9858643926879598e-001
3163     +9.9848708614311699e-001
3164     +9.9839257951137295e-001
3165     +9.9830291937356597e-001
3166     +9.9821810572969305e-001
3167     +9.9813813857975697e-001
3168     +9.9806301792375596e-001
3169     +9.9799274376169000e-001
3170     +9.9792731609356000e-001
3171     +9.9786673491936595e-001
3172     +9.9781100023910696e-001
3173     +9.9776011205278303e-001
3174     +9.9771407036039494e-001
3175     +9.9767287516194303e-001
3176     +9.9763652645742595e-001
3177     +9.9760502424684505e-001
3178     +9.9757836853019999e-001
3179     +9.9755655930748999e-001
3180     +9.9753959657871505e-001
3181     +9.9752748034387595e-001
3182     +9.9752021060297302e-001
3183     +9.9751778735600505e-001
3184     +9.9752021060297302e-001
3185     +9.9752748034387695e-001
3186     +9.9753959657871505e-001
3187     +9.9755655930748999e-001
3188     +9.9757836853019999e-001
3189     +9.9760502424684505e-001
3190     +9.9763652645742595e-001
3191     +9.9767287516194303e-001
3192     +9.9771407036039494e-001
3193     +9.9776011205278303e-001
3194     +9.9781100023910696e-001
3195     +9.9786673491936495e-001
3196     +9.9792731609356000e-001
3197     +9.9799274376169000e-001
3198     +9.9806301792375496e-001
3199     +9.9813813857975697e-001
3200     +9.9821810572969305e-001
3201     +9.9830291937356597e-001
3202     +9.9839257951137295e-001
3203     +9.9848708614311699e-001
3204     +9.9858643926879598e-001
3205     +9.9869063888841003e-001
3206     +9.9879968500196004e-001
3207     +9.9891357760944599e-001
3208     +9.9903231671086701e-001
3209     +9.9915590230622398e-001
3210     +9.9928433439551601e-001
3211     +9.9941761297874399e-001
3212     +9.9955573805590703e-001
3213     +9.9969870962700602e-001
3214     +9.9984652769203997e-001
3215     +9.9994830406468704e-001
3216     +1.0000000000000000e+000
3217     +1.0000000000000000e+000
3218     +9.9994830406468704e-001
3219     +9.9984652769203997e-001
3220     +9.9969870962700602e-001
3221     +9.9955573805590703e-001
3222     +9.9941761297874399e-001
3223     +9.9928433439551601e-001
3224     +9.9915590230622398e-001
3225     +9.9903231671086701e-001
3226     +9.9891357760944599e-001
3227     +9.9879968500196004e-001
3228     +9.9869063888841003e-001
3229     +9.9858643926879598e-001
3230     +9.9848708614311699e-001
3231     +9.9839257951137295e-001
3232     +9.9830291937356597e-001
3233     +9.9821810572969305e-001
3234     +9.9813813857975697e-001
3235     +9.9806301792375596e-001
3236     +9.9799274376169000e-001
3237     +9.9792731609356000e-001
3238     +9.9786673491936595e-001
3239     +9.9781100023910696e-001
3240     +9.9776011205278303e-001
3241     +9.9771407036039494e-001
3242     +9.9767287516194303e-001
3243     +9.9763652645742595e-001
3244     +9.9760502424684505e-001
3245     +9.9757836853019999e-001
3246     +9.9755655930748999e-001
3247     +9.9753959657871505e-001
3248     +9.9752748034387595e-001
3249     +9.9752021060297302e-001
3250     +9.9751778735600505e-001
3251     +9.9752021060297302e-001
3252     +9.9752748034387695e-001
3253     +9.9753959657871505e-001
3254     +9.9755655930748999e-001
3255     +9.9757836853019999e-001
3256     +9.9760502424684505e-001
3257     +9.9763652645742695e-001
3258     +9.9767287516194303e-001
3259     +9.9771407036039494e-001
3260     +9.9776011205278303e-001
3261     +9.9781100023910696e-001
3262     +9.9786673491936495e-001
3263     +9.9792731609356000e-001
3264     +9.9799274376169000e-001
3265     +9.9806301792375496e-001
3266     +9.9813813857975697e-001
3267     +9.9821810572969305e-001
3268     +9.9830291937356597e-001
3269     +9.9839257951137295e-001
3270     +9.9848708614311699e-001
3271     +9.9858643926879598e-001
3272     +9.9869063888841003e-001
3273     +9.9879968500196004e-001
3274     +9.9891357760944599e-001
3275     +9.9903231671086701e-001
3276     +9.9915590230622398e-001
3277     +9.9928433439551601e-001
3278     +9.9941761297874399e-001
3279     +9.9955573805590703e-001
3280     +9.9969870962700602e-001
3281     +9.9984652769203997e-001
3282     +9.9994830406468704e-001
3283     +1.0000000000000000e+000
3284     +1.0000000000000000e+000
3285     +9.9994830406468704e-001
3286     +9.9984652769203997e-001
3287     +9.9969870962700602e-001
3288     +9.9955573805590703e-001
3289     +9.9941761297874399e-001
3290     +9.9928433439551601e-001
3291     +9.9915590230622398e-001
3292     +9.9903231671086701e-001
3293     +9.9891357760944599e-001
3294     +9.9879968500196004e-001
3295     +9.9869063888841003e-001
3296     +9.9858643926879598e-001
3297     +9.9848708614311699e-001
3298     +9.9839257951137295e-001
3299     +9.9830291937356597e-001
3300     +9.9821810572969305e-001
3301     +9.9813813857975697e-001
3302     +9.9806301792375596e-001
3303     +9.9799274376169000e-001
3304     +9.9792731609356000e-001
3305     +9.9786673491936595e-001
3306     +9.9781100023910696e-001
3307     +9.9776011205278303e-001
3308     +9.9771407036039494e-001
3309     +9.9767287516194303e-001
3310     +9.9763652645742595e-001
3311     +9.9760502424684505e-001
3312     +9.9757836853019999e-001
3313     +9.9755655930748999e-001
3314     +9.9753959657871505e-001
3315     +9.9752748034387695e-001
3316     +9.9752021060297302e-001
3317     +9.9751778735600505e-001
3318     +9.9752021060297302e-001
3319     +9.9752748034387695e-001
3320     +9.9753959657871505e-001
3321     +9.9755655930748999e-001
3322     +9.9757836853019999e-001
3323     +9.9760502424684505e-001
3324     +9.9763652645742595e-001
3325     +9.9767287516194303e-001
3326     +9.9771407036039494e-001
3327     +9.9776011205278303e-001
3328     +9.9781100023910696e-001
3329     +9.9786673491936495e-001
3330     +9.9792731609356000e-001
3331     +9.9799274376169000e-001
3332     +9.9806301792375496e-001
3333     +9.9813813857975697e-001
3334     +9.9821810572969305e-001
3335     +9.9830291937356597e-001
3336     +9.9839257951137295e-001
3337     +9.9848708614311699e-001
3338     +9.9858643926879598e-001
3339     +9.9869063888841003e-001
3340     +9.9879968500196004e-001
3341     +9.9891357760944599e-001
3342     +9.9903231671086701e-001
3343     +9.9915590230622398e-001
3344     +9.9928433439551601e-001
3345     +9.9941761297874399e-001
3346     +9.9955573805590703e-001
3347     +9.9969870962700602e-001
3348     +9.9984652769203997e-001
3349     +9.9994830406468704e-001
3350     +1.0000000000000000e+000
3351     +1.0000000000000000e+000
3352     +9.9994830406468704e-001
3353     +9.9984652769203997e-001
3354     +9.9969870962700602e-001
3355     +9.9955573805590703e-001
3356     +9.9941761297874399e-001
3357     +9.9928433439551601e-001
3358     +9.9915590230622398e-001
3359     +9.9903231671086701e-001
3360     +9.9891357760944599e-001
3361     +9.9879968500196004e-001
3362     +9.9869063888841003e-001
3363     +9.9858643926879598e-001
3364     +9.9848708614311699e-001
3365     +9.9839257951137295e-001
3366     +9.9830291937356597e-001
3367     +9.9821810572969305e-001
3368     +9.9813813857975697e-001
3369     +9.9806301792375596e-001
3370     +9.9799274376169000e-001
3371     +9.9792731609356000e-001
3372     +9.9786673491936595e-001
3373     +9.9781100023910696e-001
3374     +9.9776011205278303e-001
3375     +9.9771407036039494e-001
3376     +9.9767287516194303e-001
3377     +9.9763652645742595e-001
3378     +9.9760502424684505e-001
3379     +9.9757836853019999e-001
3380     +9.9755655930748999e-001
3381     +9.9753959657871505e-001
3382     +9.9752748034387695e-001
3383     +9.9752021060297302e-001
3384     +9.9751778735600505e-001
3385     +9.9752021060297302e-001
3386     +9.9752748034387695e-001
3387     +9.9753959657871505e-001
3388     +9.9755655930748999e-001
3389     +9.9757836853019999e-001
3390     +9.9760502424684505e-001
3391     +9.9763652645742695e-001
3392     +9.9767287516194303e-001
3393     +9.9771407036039494e-001
3394     +9.9776011205278303e-001
3395     +9.9781100023910696e-001
3396     +9.9786673491936495e-001
3397     +9.9792731609356000e-001
3398     +9.9799274376169000e-001
3399     +9.9806301792375496e-001
3400     +9.9813813857975697e-001
3401     +9.9821810572969305e-001
3402     +9.9830291937356597e-001
3403     +9.9839257951137295e-001
3404     +9.9848708614311699e-001
3405     +9.9858643926879598e-001
3406     +9.9869063888841003e-001
3407     +9.9879968500196004e-001
3408     +9.9891357760944599e-001
3409     +9.9903231671086701e-001
3410     +9.9915590230622398e-001
3411     +9.9928433439551601e-001
3412     +9.9941761297874399e-001
3413     +9.9955573805590703e-001
3414     +9.9969870962700602e-001
3415     +9.9984652769203997e-001
3416     +9.9994830406468704e-001
3417     +1.0000000000000000e+000
3418     +1.0000000000000000e+000
3419     +9.9994830406468704e-001
3420     +9.9984652769203997e-001
3421     +9.9969870962700602e-001
3422     +9.9955573805590703e-001
3423     +9.9941761297874399e-001
3424     +9.9928433439551601e-001
3425     +9.9915590230622398e-001
3426     +9.9903231671086701e-001
3427     +9.9891357760944599e-001
3428     +9.9879968500196004e-001
3429     +9.9869063888841003e-001
3430     +9.9858643926879598e-001
3431     +9.9848708614311699e-001
3432     +9.9839257951137395e-001
3433     +9.9830291937356597e-001
3434     +9.9821810572969305e-001
3435     +9.9813813857975697e-001
3436     +9.9806301792375596e-001
3437     +9.9799274376169000e-001
3438     +9.9792731609356000e-001
3439     +9.9786673491936595e-001
3440     +9.9781100023910696e-001
3441     +9.9776011205278303e-001
3442     +9.9771407036039494e-001
3443     +9.9767287516194303e-001
3444     +9.9763652645742595e-001
3445     +9.9760502424684505e-001
3446     +9.9757836853019999e-001
3447     +9.9755655930748999e-001
3448     +9.9753959657871505e-001
3449     +9.9752748034387595e-001
3450     +9.9752021060297302e-001
3451     +9.9751778735600505e-001
3452     +9.9752021060297302e-001
3453     +9.9752748034387695e-001
3454     +9.9753959657871505e-001
3455     +9.9755655930748999e-001
3456     +9.9757836853019999e-001
3457     +9.9760502424684505e-001
3458     +9.9763652645742695e-001
3459     +9.9767287516194303e-001
3460     +9.9771407036039494e-001
3461     +9.9776011205278303e-001
3462     +9.9781100023910696e-001
3463     +9.9786673491936495e-001
3464     +9.9792731609356000e-001
3465     +9.9799274376169000e-001
3466     +9.9806301792375496e-001
3467     +9.9813813857975697e-001
3468     +9.9821810572969305e-001
3469     +9.9830291937356597e-001
3470     +9.9839257951137295e-001
3471     +9.9848708614311699e-001
3472     +9.9858643926879598e-001
3473     +9.9869063888841003e-001
3474     +9.9879968500196004e-001
3475     +9.9891357760944599e-001
3476     +9.9903231671086701e-001
3477     +9.9915590230622398e-001
3478     +9.9928433439551601e-001
3479     +9.9941761297874399e-001
3480     +9.9955573805590703e-001
3481     +9.9969870962700602e-001
3482     +9.9984652769203997e-001
3483     +9.9994830406468704e-001
3484     +1.0000000000000000e+000
3485     +1.0000000000000000e+000
3486     +9.9994830406468704e-001
3487     +9.9984652769203997e-001
3488     +9.9969870962700602e-001
3489     +9.9955573805590703e-001
3490     +9.9941761297874399e-001
3491     +9.9928433439551601e-001
3492     +9.9915590230622398e-001
3493     +9.9903231671086701e-001
3494     +9.9891357760944599e-001
3495     +9.9879968500196004e-001
3496     +9.9869063888841003e-001
3497     +9.9858643926879598e-001
3498     +9.9848708614311699e-001
3499     +9.9839257951137395e-001
3500     +9.9830291937356597e-001
3501     +9.9821810572969305e-001
3502     +9.9813813857975697e-001
3503     +9.9806301792375596e-001
3504     +9.9799274376169000e-001
3505     +9.9792731609356000e-001
3506     +9.9786673491936595e-001
3507     +9.9781100023910696e-001
3508     +9.9776011205278303e-001
3509     +9.9771407036039494e-001
3510     +9.9767287516194303e-001
3511     +9.9763652645742595e-001
3512     +9.9760502424684505e-001
3513     +9.9757836853019999e-001
3514     +9.9755655930748999e-001
3515     +9.9753959657871505e-001
3516     +9.9752748034387695e-001
3517     +9.9752021060297302e-001
3518     +9.9751778735600505e-001
3519     +9.9752021060297302e-001
3520     +9.9752748034387695e-001
3521     +9.9753959657871505e-001
3522     +9.9755655930748999e-001
3523     +9.9757836853019999e-001
3524     +9.9760502424684505e-001
3525     +9.9763652645742695e-001
3526     +9.9767287516194303e-001
3527     +9.9771407036039494e-001
3528     +9.9776011205278303e-001
3529     +9.9781100023910696e-001
3530     +9.9786673491936495e-001
3531     +9.9792731609356000e-001
3532     +9.9799274376169000e-001
3533     +9.9806301792375496e-001
3534     +9.9813813857975697e-001
3535     +9.9821810572969305e-001
3536     +9.9830291937356597e-001
3537     +9.9839257951137295e-001
3538     +9.9848708614311699e-001
3539     +9.9858643926879598e-001
3540     +9.9869063888841003e-001
3541     +9.9879968500196004e-001
3542     +9.9891357760944599e-001
3543     +9.9903231671086701e-001
3544     +9.9915590230622398e-001
3545     +9.9928433439551601e-001
3546     +9.9941761297874399e-001
3547     +9.9955573805590703e-001
3548     +9.9969870962700602e-001
3549     +9.9984652769203997e-001
3550     +9.9994830406468704e-001
3551     +1.0000000000000000e+000
3552     +1.0000000000000000e+000
3553     +9.9994830406468704e-001
3554     +9.9984652769203997e-001
3555     +9.9969870962700602e-001
3556     +9.9955573805590703e-001
3557     +9.9941761297874399e-001
3558     +9.9928433439551601e-001
3559     +9.9915590230622398e-001
3560     +9.9903231671086701e-001
3561     +9.9891357760944599e-001
3562     +9.9879968500196004e-001
3563     +9.9869063888841003e-001
3564     +9.9858643926879598e-001
3565     +9.9848708614311699e-001
3566     +9.9839257951137395e-001
3567     +9.9830291937356597e-001
3568     +9.9821810572969305e-001
3569     +9.9813813857975697e-001
3570     +9.9806301792375596e-001
3571     +9.9799274376169000e-001
3572     +9.9792731609356000e-001
3573     +9.9786673491936595e-001
3574     +9.9781100023910696e-001
3575     +9.9776011205278303e-001
3576     +9.9771407036039494e-001
3577     +9.9767287516194303e-001
3578     +9.9763652645742595e-001
3579     +9.9760502424684505e-001
3580     +9.9757836853019999e-001
3581     +9.9755655930748999e-001
3582     +9.9753959657871505e-001
3583     +9.9752748034387595e-001
3584     +9.9752021060297302e-001
3585     +9.9751778735600505e-001
3586     +9.9752021060297302e-001
3587     +9.9752748034387695e-001
3588     +9.9753959657871505e-001
3589     +9.9755655930748999e-001
3590     +9.9757836853019999e-001
3591     +9.9760502424684505e-001
3592     +9.9763652645742695e-001
3593     +9.9767287516194303e-001
3594     +9.9771407036039494e-001
3595     +9.9776011205278303e-001
3596     +9.9781100023910696e-001
3597     +9.9786673491936495e-001
3598     +9.9792731609356000e-001
3599     +9.9799274376169000e-001
3600     +9.9806301792375496e-001
3601     +9.9813813857975697e-001
3602     +9.9821810572969305e-001
3603     +9.9830291937356597e-001
3604     +9.9839257951137295e-001
3605     +9.9848708614311699e-001
3606     +9.9858643926879598e-001
3607     +9.9869063888841003e-001
3608     +9.9879968500196004e-001
3609     +9.9891357760944599e-001
3610     +9.9903231671086701e-001
3611     +9.9915590230622398e-001
3612     +9.9928433439551601e-001
3613     +9.9941761297874399e-001
3614     +9.9955573805590703e-001
3615     +9.9969870962700602e-001
3616     +9.9984652769203997e-001
3617     +9.9994830406468704e-001
3618     +1.0000000000000000e+000
3619     +1.0000000000000000e+000
3620     +9.9994830406468704e-001
3621     +9.9984652769203997e-001
3622     +9.9969870962700602e-001
3623     +9.9955573805590703e-001
3624     +9.9941761297874399e-001
3625     +9.9928433439551601e-001
3626     +9.9915590230622398e-001
3627     +9.9903231671086701e-001
3628     +9.9891357760944599e-001
3629     +9.9879968500196004e-001
3630     +9.9869063888841003e-001
3631     +9.9858643926879598e-001
3632     +9.9848708614311699e-001
3633     +9.9839257951137395e-001
3634     +9.9830291937356597e-001
3635     +9.9821810572969305e-001
3636     +9.9813813857975697e-001
3637     +9.9806301792375596e-001
3638     +9.9799274376169000e-001
3639     +9.9792731609356000e-001
3640     +9.9786673491936595e-001
3641     +9.9781100023910696e-001
3642     +9.9776011205278303e-001
3643     +9.9771407036039494e-001
3644     +9.9767287516194303e-001
3645     +9.9763652645742595e-001
3646     +9.9760502424684505e-001
3647     +9.9757836853019999e-001
3648     +9.9755655930748999e-001
3649     +9.9753959657871505e-001
3650     +9.9752748034387695e-001
3651     +9.9752021060297302e-001
3652     +9.9751778735600505e-001
3653     +9.9752021060297302e-001
3654     +9.9752748034387695e-001
3655     +9.9753959657871505e-001
3656     +9.9755655930748999e-001
3657     +9.9757836853019999e-001
3658     +9.9760502424684505e-001
3659     +9.9763652645742695e-001
3660     +9.9767287516194303e-001
3661     +9.9771407036039494e-001
3662     +9.9776011205278303e-001
3663     +9.9781100023910696e-001
3664     +9.9786673491936495e-001
3665     +9.9792731609356000e-001
3666     +9.9799274376169000e-001
3667     +9.9806301792375496e-001
3668     +9.9813813857975697e-001
3669     +9.9821810572969305e-001
3670     +9.9830291937356597e-001
3671     +9.9839257951137295e-001
3672     +9.9848708614311699e-001
3673     +9.9858643926879598e-001
3674     +9.9869063888841003e-001
3675     +9.9879968500196004e-001
3676     +9.9891357760944599e-001
3677     +9.9903231671086701e-001
3678     +9.9915590230622398e-001
3679     +9.9928433439551601e-001
3680     +9.9941761297874399e-001
3681     +9.9955573805590703e-001
3682     +9.9969870962700602e-001
3683     +9.9984652769203997e-001
3684     +9.9994830406468704e-001
3685     +1.0000000000000000e+000
3686     +1.0000000000000000e+000
3687     +9.9994830406468704e-001
3688     +9.9984652769203997e-001
3689     +9.9969870962700602e-001
3690     +9.9955573805590703e-001
3691     +9.9941761297874399e-001
3692     +9.9928433439551601e-001
3693     +9.9915590230622398e-001
3694     +9.9903231671086701e-001
3695     +9.9891357760944599e-001
3696     +9.9879968500196004e-001
3697     +9.9869063888841003e-001
3698     +9.9858643926879598e-001
3699     +9.9848708614311699e-001
3700     +9.9839257951137395e-001
3701     +9.9830291937356597e-001
3702     +9.9821810572969305e-001
3703     +9.9813813857975697e-001
3704     +9.9806301792375596e-001
3705     +9.9799274376169000e-001
3706     +9.9792731609356000e-001
3707     +9.9786673491936595e-001
3708     +9.9781100023910696e-001
3709     +9.9776011205278303e-001
3710     +9.9771407036039494e-001
3711     +9.9767287516194303e-001
3712     +9.9763652645742595e-001
3713     +9.9760502424684505e-001
3714     +9.9757836853019999e-001
3715     +9.9755655930748999e-001
3716     +9.9753959657871505e-001
3717     +9.9752748034387595e-001
3718     +9.9752021060297302e-001
3719     +9.9751778735600505e-001
3720     +9.9752021060297302e-001
3721     +9.9752748034387695e-001
3722     +9.9753959657871505e-001
3723     +9.9755655930748999e-001
3724     +9.9757836853019999e-001
3725     +9.9760502424684505e-001
3726     +9.9763652645742695e-001
3727     +9.9767287516194303e-001
3728     +9.9771407036039494e-001
3729     +9.9776011205278303e-001
3730     +9.9781100023910696e-001
3731     +9.9786673491936495e-001
3732     +9.9792731609356000e-001
3733     +9.9799274376169000e-001
3734     +9.9806301792375496e-001
3735     +9.9813813857975697e-001
3736     +9.9821810572969305e-001
3737     +9.9830291937356597e-001
3738     +9.9839257951137295e-001
3739     +9.9848708614311699e-001
3740     +9.9858643926879598e-001
3741     +9.9869063888841003e-001
3742     +9.9879968500196004e-001
3743     +9.9891357760944599e-001
3744     +9.9903231671086701e-001
3745     +9.9915590230622398e-001
3746     +9.9928433439551601e-001
3747     +9.9941761297874399e-001
3748     +9.9955573805590703e-001
3749     +9.9969870962700602e-001
3750     +9.9984652769203997e-001
3751     +9.9994830406468704e-001
3752     +1.0000000000000000e+000
3753     +1.0000000000000000e+000
3754     +9.9994830406468704e-001
3755     +9.9984652769204097e-001
3756     +9.9969870962700602e-001
3757     +9.9955573805590703e-001
3758     +9.9941761297874399e-001
3759     +9.9928433439551601e-001
3760     +9.9915590230622398e-001
3761     +9.9903231671086701e-001
3762     +9.9891357760944599e-001
3763     +9.9879968500196004e-001
3764     +9.9869063888841003e-001
3765     +9.9858643926879598e-001
3766     +9.9848708614311699e-001
3767     +9.9839257951137395e-001
3768     +9.9830291937356597e-001
3769     +9.9821810572969305e-001
3770     +9.9813813857975697e-001
3771     +9.9806301792375596e-001
3772     +9.9799274376169000e-001
3773     +9.9792731609356000e-001
3774     +9.9786673491936595e-001
3775     +9.9781100023910696e-001
3776     +9.9776011205278303e-001
3777     +9.9771407036039494e-001
3778     +9.9767287516194303e-001
3779     +9.9763652645742595e-001
3780     +9.9760502424684505e-001
3781     +9.9757836853019999e-001
3782     +9.9755655930748999e-001
3783     +9.9753959657871505e-001
3784     +9.9752748034387695e-001
3785     +9.9752021060297302e-001
3786     +9.9751778735600505e-001
3787     +9.9752021060297302e-001
3788     +9.9752748034387695e-001
3789     +9.9753959657871505e-001
3790     +9.9755655930748999e-001
3791     +9.9757836853019999e-001
3792     +9.9760502424684505e-001
3793     +9.9763652645742695e-001
3794     +9.9767287516194303e-001
3795     +9.9771407036039494e-001
3796     +9.9776011205278303e-001
3797     +9.9781100023910696e-001
3798     +9.9786673491936495e-001
3799     +9.9792731609356000e-001
3800     +9.9799274376169000e-001
3801     +9.9806301792375496e-001
3802     +9.9813813857975697e-001
3803     +9.9821810572969305e-001
3804     +9.9830291937356597e-001
3805     +9.9839257951137295e-001
3806     +9.9848708614311699e-001
3807     +9.9858643926879598e-001
3808     +9.9869063888841003e-001
3809     +9.9879968500196004e-001
3810     +9.9891357760944599e-001
3811     +9.9903231671086701e-001
3812     +9.9915590230622398e-001
3813     +9.9928433439551601e-001
3814     +9.9941761297874399e-001
3815     +9.9955573805590703e-001
3816     +9.9969870962700602e-001
3817     +9.9984652769203997e-001
3818     +9.9994830406468704e-001
3819     +1.0000000000000000e+000
3820     +1.0000000000000000e+000
3821     +9.9994830406468704e-001
3822     +9.9984652769204097e-001
3823     +9.9969870962700602e-001
3824     +9.9955573805590703e-001
3825     +9.9941761297874399e-001
3826     +9.9928433439551601e-001
3827     +9.9915590230622398e-001
3828     +9.9903231671086701e-001
3829     +9.9891357760944599e-001
3830     +9.9879968500196004e-001
3831     +9.9869063888841003e-001
3832     +9.9858643926879598e-001
3833     +9.9848708614311699e-001
3834     +9.9839257951137395e-001
3835     +9.9830291937356597e-001
3836     +9.9821810572969305e-001
3837     +9.9813813857975697e-001
3838     +9.9806301792375596e-001
3839     +9.9799274376169000e-001
3840     +9.9792731609356000e-001
3841     +9.9786673491936595e-001
3842     +9.9781100023910696e-001
3843     +9.9776011205278303e-001
3844     +9.9771407036039494e-001
3845     +9.9767287516194303e-001
3846     +9.9763652645742595e-001
3847     +9.9760502424684505e-001
3848     +9.9757836853019999e-001
3849     +9.9755655930748999e-001
3850     +9.9753959657871505e-001
3851     +9.9752748034387595e-001
3852     +9.9752021060297302e-001
3853     +9.9751778735600505e-001
3854     +9.9752021060297302e-001
3855     +9.9752748034387695e-001
3856     +9.9753959657871505e-001
3857     +9.9755655930748999e-001
3858     +9.9757836853019999e-001
3859     +9.9760502424684505e-001
3860     +9.9763652645742695e-001
3861     +9.9767287516194303e-001
3862     +9.9771407036039494e-001
3863     +9.9776011205278303e-001
3864     +9.9781100023910696e-001
3865     +9.9786673491936495e-001
3866     +9.9792731609356000e-001
3867     +9.9799274376169000e-001
3868     +9.9806301792375496e-001
3869     +9.9813813857975697e-001
3870     +9.9821810572969305e-001
3871     +9.9830291937356597e-001
3872     +9.9839257951137295e-001
3873     +9.9848708614311699e-001
3874     +9.9858643926879598e-001
3875     +9.9869063888841003e-001
3876     +9.9879968500196004e-001
3877     +9.9891357760944599e-001
3878     +9.9903231671086701e-001
3879     +9.9915590230622398e-001
3880     +9.9928433439551601e-001
3881     +9.9941761297874399e-001
3882     +9.9955573805590703e-001
3883     +9.9969870962700602e-001
3884     +9.9984652769204097e-001
3885     +9.9994830406468704e-001
3886     +1.0000000000000000e+000
3887     +1.0000000000000000e+000
3888     +9.9994830406468704e-001
3889     +9.9984652769204097e-001
3890     +9.9969870962700602e-001
3891     +9.9955573805590703e-001
3892     +9.9941761297874399e-001
3893     +9.9928433439551601e-001
3894     +9.9915590230622398e-001
3895     +9.9903231671086701e-001
3896     +9.9891357760944599e-001
3897     +9.9879968500196004e-001
3898     +9.9869063888841003e-001
3899     +9.9858643926879598e-001
3900     +9.9848708614311699e-001
3901     +9.9839257951137395e-001
3902     +9.9830291937356597e-001
3903     +9.9821810572969305e-001
3904     +9.9813813857975697e-001
3905     +9.9806301792375596e-001
3906     +9.9799274376169000e-001
3907     +9.9792731609356000e-001
3908     +9.9786673491936595e-001
3909     +9.9781100023910696e-001
3910     +9.9776011205278303e-001
3911     +9.9771407036039494e-001
3912     +9.9767287516194303e-001
3913     +9.9763652645742595e-001
3914     +9.9760502424684505e-001
3915     +9.9757836853019999e-001
3916     +9.9755655930748999e-001
3917     +9.9753959657871505e-001
3918     +9.9752748034387695e-001
3919     +9.9752021060297302e-001
3920     +9.9751778735600505e-001
3921     +9.9752021060297302e-001
3922     +9.9752748034387695e-001
3923     +9.9753959657871505e-001
3924     +9.9755655930748999e-001
3925     +9.9757836853019999e-001
3926     +9.9760502424684505e-001
3927     +9.9763652645742695e-001
3928     +9.9767287516194303e-001
3929     +9.9771407036039494e-001
3930     +9.9776011205278303e-001
3931     +9.9781100023910696e-001
3932     +9.9786673491936495e-001
3933     +9.9792731609356000e-001
3934     +9.9799274376169000e-001
3935     +9.9806301792375496e-001
3936     +9.9813813857975697e-001
3937     +9.9821810572969305e-001
3938     +9.9830291937356597e-001
3939     +9.9839257951137295e-001
3940     +9.9848708614311699e-001
3941     +9.9858643926879598e-001
3942     +9.9869063888841003e-001
3943     +9.9879968500196004e-001
3944     +9.9891357760944599e-001
3945     +9.9903231671086701e-001
3946     +9.9915590230622398e-001
3947     +9.9928433439551601e-001
3948     +9.9941761297874399e-001
3949     +9.9955573805590703e-001
3950     +9.9969870962700602e-001
3951     +9.9984652769204097e-001
3952     +9.9994830406468704e-001
3953     +1.0000000000000000e+000
3954     +1.0000000000000000e+000
3955     +9.9994830406468704e-001
3956     +9.9984652769204097e-001
3957     +9.9969870962700602e-001
3958     +9.9955573805590703e-001
3959     +9.9941761297874399e-001
3960     +9.9928433439551601e-001
3961     +9.9915590230622398e-001
3962     +9.9903231671086701e-001
3963     +9.9891357760944599e-001
3964     +9.9879968500196004e-001
3965     +9.9869063888841003e-001
3966     +9.9858643926879598e-001
3967     +9.9848708614311699e-001
3968     +9.9839257951137395e-001
3969     +9.9830291937356597e-001
3970     +9.9821810572969405e-001
3971     +9.9813813857975697e-001
3972     +9.9806301792375596e-001
3973     +9.9799274376169000e-001
3974     +9.9792731609356000e-001
3975     +9.9786673491936595e-001
3976     +9.9781100023910696e-001
3977     +9.9776011205278303e-001
3978     +9.9771407036039494e-001
3979     +9.9767287516194303e-001
3980     +9.9763652645742595e-001
3981     +9.9760502424684505e-001
3982     +9.9757836853019999e-001
3983     +9.9755655930748999e-001
3984     +9.9753959657871505e-001
3985     +9.9752748034387595e-001
3986     +9.9752021060297302e-001
3987     +9.9751778735600505e-001
3988     +9.9752021060297302e-001
3989     +9.9752748034387695e-001
3990     +9.9753959657871505e-001
3991     +9.9755655930748999e-001
3992     +9.9757836853019999e-001
3993     +9.9760502424684505e-001
3994     +9.9763652645742695e-001
3995     +9.9767287516194303e-001
3996     +9.9771407036039494e-001
3997     +9.9776011205278303e-001
3998     +9.9781100023910696e-001
3999     +9.9786673491936495e-001
4000     +9.9792731609356000e-001
4001     +9.9799274376169000e-001
4002     +9.9806301792375496e-001
4003     +9.9813813857975697e-001
4004     +9.9821810572969305e-001
4005     +9.9830291937356597e-001
4006     +9.9839257951137295e-001
4007     +9.9848708614311699e-001
4008     +9.9858643926879598e-001
4009     +9.9869063888841003e-001
4010     +9.9879968500196004e-001
4011     +9.9891357760944599e-001
4012     +9.9903231671086701e-001
4013     +9.9915590230622398e-001
4014     +9.9928433439551601e-001
4015     +9.9941761297874399e-001
4016     +9.9955573805590703e-001
4017     +9.9969870962700602e-001
4018     +9.9984652769204097e-001
4019     +9.9994830406468704e-001
4020     +1.0000000000000000e+000
4021     +1.0000000000000000e+000
4022     +9.9994830406468704e-001
4023     +9.9984652769204097e-001
4024     +9.9969870962700602e-001
4025     +9.9955573805590703e-001
4026     +9.9941761297874399e-001
4027     +9.9928433439551601e-001
4028     +9.9915590230622398e-001
4029     +9.9903231671086701e-001
4030     +9.9891357760944599e-001
4031     +9.9879968500196004e-001
4032     +9.9869063888841003e-001
4033     +9.9858643926879598e-001
4034     +9.9848708614311699e-001
4035     +9.9839257951137395e-001
4036     +9.9830291937356597e-001
4037     +9.9821810572969305e-001
4038     +9.9813813857975697e-001
4039     +9.9806301792375596e-001
4040     +9.9799274376169000e-001
4041     +9.9792731609356000e-001
4042     +9.9786673491936595e-001
4043     +9.9781100023910696e-001
4044     +9.9776011205278303e-001
4045     +9.9771407036039494e-001
4046     +9.9767287516194303e-001
4047     +9.9763652645742595e-001
4048     +9.9760502424684505e-001
4049     +9.9757836853019999e-001
4050     +9.9755655930748999e-001
4051     +9.9753959657871505e-001
4052     +9.9752748034387695e-001
4053     +9.9752021060297302e-001
4054     +9.9751778735600505e-001
4055     +9.9752021060297302e-001
4056     +9.9752748034387695e-001
4057     +9.9753959657871505e-001
4058     +9.9755655930748999e-001
4059     +9.9757836853019999e-001
4060     +9.9760502424684505e-001
4061     +9.9763652645742695e-001
4062     +9.9767287516194303e-001
4063     +9.9771407036039494e-001
4064     +9.9776011205278303e-001
4065     +9.9781100023910696e-001
4066     +9.9786673491936495e-001
4067     +9.9792731609356000e-001
4068     +9.9799274376169000e-001
4069     +9.9806301792375496e-001
4070     +9.9813813857975697e-001
4071     +9.9821810572969305e-001
4072     +9.9830291937356597e-001
4073     +9.9839257951137295e-001
4074     +9.9848708614311699e-001
4075     +9.9858643926879598e-001
4076     +9.9869063888841003e-001
4077     +9.9879968500196004e-001
4078     +9.9891357760944599e-001
4079     +9.9903231671086701e-001
4080     +9.9915590230622398e-001
4081     +9.9928433439551601e-001
4082     +9.9941761297874399e-001
4083     +9.9955573805590703e-001
4084     +9.9969870962700602e-001
4085     +9.9984652769204097e-001
4086     +9.9994830406468704e-001
4087     +1.0000000000000000e+000
4088     +1.0000000000000000e+000
4089     +9.9994830406468704e-001
4090     +9.9984652769204097e-001
4091     +9.9969870962700602e-001
4092     +9.9955573805590703e-001
4093     +9.9941761297874399e-001
4094     +9.9928433439551601e-001
4095     +9.9915590230622398e-001
4096     +9.9903231671086701e-001
4097     +9.9891357760944599e-001
4098     +9.9879968500196004e-001
4099     +9.9869063888841003e-001
4100     +9.9858643926879598e-001
4101     +9.9848708614311699e-001
4102     +9.9839257951137395e-001
4103     +9.9830291937356597e-001
4104     +9.9821810572969405e-001
4105     +9.9813813857975697e-001
4106     +9.9806301792375596e-001
4107     +9.9799274376169000e-001
4108     +9.9792731609356000e-001
4109     +9.9786673491936595e-001
4110     +9.9781100023910696e-001
4111     +9.9776011205278303e-001
4112     +9.9771407036039494e-001
4113     +9.9767287516194303e-001
4114     +9.9763652645742595e-001
4115     +9.9760502424684505e-001
4116     +9.9757836853019999e-001
4117     +9.9755655930748999e-001
4118     +9.9753959657871505e-001
4119     +9.9752748034387595e-001
4120     +9.9752021060297302e-001
4121     +9.9751778735600505e-001
4122     +9.9752021060297302e-001
4123     +9.9752748034387695e-001
4124     +9.9753959657871505e-001
4125     +9.9755655930748999e-001
4126     +9.9757836853019999e-001
4127     +9.9760502424684505e-001
4128     +9.9763652645742695e-001
4129     +9.9767287516194303e-001
4130     +9.9771407036039494e-001
4131     +9.9776011205278303e-001
4132     +9.9781100023910696e-001
4133     +9.9786673491936495e-001
4134     +9.9792731609356000e-001
4135     +9.9799274376169000e-001
4136     +9.9806301792375496e-001
4137     +9.9813813857975697e-001
4138     +9.9821810572969305e-001
4139     +9.9830291937356597e-001
4140     +9.9839257951137295e-001
4141     +9.9848708614311699e-001
4142     +9.9858643926879598e-001
4143     +9.9869063888841003e-001
4144     +9.9879968500196004e-001
4145     +9.9891357760944599e-001
4146     +9.9903231671086701e-001
4147     +9.9915590230622398e-001
4148     +9.9928433439551601e-001
4149     +9.9941761297874399e-001
4150     +9.9955573805590703e-001
4151     +9.9969870962700602e-001
4152     +9.9984652769204097e-001
4153     +9.9994830406468704e-001
4154     +1.0000000000000000e+000
4155     +1.0000000000000000e+000
4156     +9.9994830406468704e-001
4157     +9.9984652769204097e-001
4158     +9.9969870962700602e-001
4159     +9.9955573805590703e-001
4160     +9.9941761297874399e-001
4161     +9.9928433439551601e-001
4162     +9.9915590230622398e-001
4163     +9.9903231671086701e-001
4164     +9.9891357760944599e-001
4165     +9.9879968500196004e-001
4166     +9.9869063888841003e-001
4167     +9.9858643926879598e-001
4168     +9.9848708614311699e-001
4169     +9.9839257951137395e-001
4170     +9.9830291937356597e-001
4171     +9.9821810572969305e-001
4172     +9.9813813857975697e-001
4173     +9.9806301792375596e-001
4174     +9.9799274376169000e-001
4175     +9.9792731609356000e-001
4176     +9.9786673491936595e-001
4177     +9.9781100023910696e-001
4178     +9.9776011205278303e-001
4179     +9.9771407036039494e-001
4180     +9.9767287516194303e-001
4181     +9.9763652645742595e-001
4182     +9.9760502424684505e-001
4183     +9.9757836853019999e-001
4184     +9.9755655930748999e-001
4185     +9.9753959657871505e-001
4186     +9.9752748034387695e-001
4187     +9.9752021060297302e-001
4188     +9.9751778735600505e-001
4189     +9.9752021060297302e-001
4190     +9.9752748034387695e-001
4191     +9.9753959657871505e-001
4192     +9.9755655930748999e-001
4193     +9.9757836853019999e-001
4194     +9.9760502424684505e-001
4195     +9.9763652645742695e-001
4196     +9.9767287516194303e-001
4197     +9.9771407036039494e-001
4198     +9.9776011205278303e-001
4199     +9.9781100023910696e-001
4200     +9.9786673491936495e-001
4201     +9.9792731609356000e-001
4202     +9.9799274376169000e-001
4203     +9.9806301792375496e-001
4204     +9.9813813857975697e-001
4205     +9.9821810572969305e-001
4206     +9.9830291937356597e-001
4207     +9.9839257951137295e-001
4208     +9.9848708614311699e-001
4209     +9.9858643926879598e-001
4210     +9.9869063888841003e-001
4211     +9.9879968500196004e-001
4212     +9.9891357760944599e-001
4213     +9.9903231671086701e-001
4214     +9.9915590230622398e-001
4215     +9.9928433439551601e-001
4216     +9.9941761297874399e-001
4217     +9.9955573805590703e-001
4218     +9.9969870962700602e-001
4219     +9.9984652769204097e-001
4220     +9.9994830406468704e-001
4221     +1.0000000000000000e+000
4222     +1.0000000000000000e+000
4223     +9.9994830406468704e-001
4224     +9.9984652769204097e-001
4225     +9.9969870962700602e-001
4226     +9.9955573805590703e-001
4227     +9.9941761297874399e-001
4228     +9.9928433439551601e-001
4229     +9.9915590230622398e-001
4230     +9.9903231671086701e-001
4231     +9.9891357760944599e-001
4232     +9.9879968500196004e-001
4233     +9.9869063888841003e-001
4234     +9.9858643926879598e-001
4235     +9.9848708614311699e-001
4236     +9.9839257951137295e-001
4237     +9.9830291937356597e-001
4238     +9.9821810572969305e-001
4239     +9.9813813857975697e-001
4240     +9.9806301792375596e-001
4241     +9.9799274376169000e-001
4242     +9.9792731609356000e-001
4243     +9.9786673491936595e-001
4244     +9.9781100023910696e-001
4245     +9.9776011205278303e-001
4246     +9.9771407036039494e-001
4247     +9.9767287516194303e-001
4248     +9.9763652645742595e-001
4249     +9.9760502424684505e-001
4250     +9.9757836853019999e-001
4251     +9.9755655930748999e-001
4252     +9.9753959657871505e-001
4253     +9.9752748034387595e-001
4254     +9.9752021060297302e-001
4255     +9.9751778735600505e-001
4256     +9.9752021060297302e-001
4257     +9.9752748034387695e-001
4258     +9.9753959657871505e-001
4259     +9.9755655930748999e-001
4260     +9.9757836853019999e-001
4261     +9.9760502424684505e-001
4262     +9.9763652645742595e-001
4263     +9.9767287516194303e-001
4264     +9.9771407036039494e-001
4265     +9.9776011205278303e-001
4266     +9.9781100023910696e-001
4267     +9.9786673491936495e-001
4268     +9.9792731609356000e-001
4269     +9.9799274376169000e-001
4270     +9.9806301792375496e-001
4271     +9.9813813857975697e-001
4272     +9.9821810572969305e-001
4273     +9.9830291937356597e-001
4274     +9.9839257951137295e-001
4275     +9.9848708614311699e-001
4276     +9.9858643926879598e-001
4277     +9.9869063888841003e-001
4278     +9.9879968500196004e-001
4279     +9.9891357760944599e-001
4280     +9.9903231671086701e-001
4281     +9.9915590230622398e-001
4282     +9.9928433439551601e-001
4283     +9.9941761297874399e-001
4284     +9.9955573805590703e-001
4285     +9.9969870962700602e-001
4286     +9.9984652769204097e-001
4287     +9.9994830406468704e-001
4288     +1.0000000000000000e+000
4289     +1.0000000000000000e+000
4290     +9.9994830406468704e-001
4291     +9.9984652769204097e-001
4292     +9.9969870962700602e-001
4293     +9.9955573805590703e-001
4294     +9.9941761297874399e-001
4295     +9.9928433439551601e-001
4296     +9.9915590230622398e-001
4297     +9.9903231671086701e-001
4298     +9.9891357760944599e-001
4299     +9.9879968500196004e-001
4300     +9.9869063888841003e-001
4301     +9.9858643926879598e-001
4302     +9.9848708614311699e-001
4303     +9.9839257951137395e-001
4304     +9.9830291937356597e-001
4305     +9.9821810572969305e-001
4306     +9.9813813857975697e-001
4307     +9.9806301792375596e-001
4308     +9.9799274376169000e-001
4309     +9.9792731609356000e-001
4310     +9.9786673491936595e-001
4311     +9.9781100023910696e-001
4312     +9.9776011205278303e-001
4313     +9.9771407036039494e-001
4314     +9.9767287516194303e-001
4315     +9.9763652645742595e-001
4316     +9.9760502424684505e-001
4317     +9.9757836853019999e-001
4318     +9.9755655930748999e-001
4319     +9.9753959657871505e-001
4320     +9.9752748034387595e-001
4321     +9.9752021060297302e-001
4322     +9.9751778735600505e-001
4323     +9.9752021060297302e-001
4324     +9.9752748034387695e-001
4325     +9.9753959657871505e-001
4326     +9.9755655930748999e-001
4327     +9.9757836853019999e-001
4328     +9.9760502424684505e-001
4329     +9.9763652645742695e-001
4330     +9.9767287516194303e-001
4331     +9.9771407036039494e-001
4332     +9.9776011205278303e-001
4333     +9.9781100023910596e-001
4334     +9.9786673491936495e-001
4335     +9.9792731609356000e-001
4336     +9.9799274376169000e-001
4337     +9.9806301792375496e-001
4338     +9.9813813857975697e-001
4339     +9.9821810572969305e-001
4340     +9.9830291937356597e-001
4341     +9.9839257951137295e-001
4342     +9.9848708614311699e-001
4343     +9.9858643926879598e-001
4344     +9.9869063888841003e-001
4345     +9.9879968500196004e-001
4346     +9.9891357760944599e-001
4347     +9.9903231671086701e-001
4348     +9.9915590230622398e-001
4349     +9.9928433439551601e-001
4350     +9.9941761297874399e-001
4351     +9.9955573805590703e-001
4352     +9.9969870962700602e-001
4353     +9.9984652769204097e-001
4354     +9.9994830406468704e-001
4355     +1.0000000000000000e+000
4356     +1.0000000000000000e+000
4357     +9.9994830406468704e-001
4358     +9.9984652769204097e-001
4359     +9.9969870962700602e-001
4360     +9.9955573805590703e-001
4361     +9.9941761297874399e-001
4362     +9.9928433439551601e-001
4363     +9.9915590230622398e-001
4364     +9.9903231671086701e-001
4365     +9.9891357760944599e-001
4366     +9.9879968500196004e-001
4367     +9.9869063888841003e-001
4368     +9.9858643926879598e-001
4369     +9.9848708614311699e-001
4370     +9.9839257951137295e-001
4371     +9.9830291937356597e-001
4372     +9.9821810572969305e-001
4373     +9.9813813857975697e-001
4374     +9.9806301792375596e-001
4375     +9.9799274376169000e-001
4376     +9.9792731609356000e-001
4377     +9.9786673491936595e-001
4378     +9.9781100023910696e-001
4379     +9.9776011205278303e-001
4380     +9.9771407036039494e-001
4381     +9.9767287516194303e-001
4382     +9.9763652645742595e-001
4383     +9.9760502424684505e-001
4384     +9.9757836853019999e-001
4385     +9.9755655930748999e-001
4386     +9.9753959657871505e-001
4387     +9.9752748034387595e-001
4388     +9.9752021060297302e-001
4389     +9.9751778735600505e-001
4390     +9.9752021060297302e-001
4391     +9.9752748034387695e-001
4392     +9.9753959657871505e-001
4393     +9.9755655930748999e-001
4394     +9.9757836853019999e-001
4395     +9.9760502424684505e-001
4396     +9.9763652645742595e-001
4397     +9.9767287516194303e-001
4398     +9.9771407036039494e-001
4399     +9.9776011205278303e-001
4400     +9.9781100023910596e-001
4401     +9.9786673491936495e-001
4402     +9.9792731609356000e-001
4403     +9.9799274376169000e-001
4404     +9.9806301792375496e-001
4405     +9.9813813857975697e-001
4406     +9.9821810572969305e-001
4407     +9.9830291937356597e-001
4408     +9.9839257951137295e-001
4409     +9.9848708614311699e-001
4410     +9.9858643926879598e-001
4411     +9.9869063888841003e-001
4412     +9.9879968500196004e-001
4413     +9.9891357760944599e-001
4414     +9.9903231671086701e-001
4415     +9.9915590230622398e-001
4416     +9.9928433439551601e-001
4417     +9.9941761297874399e-001
4418     +9.9955573805590703e-001
4419     +9.9969870962700602e-001
4420     +9.9984652769204097e-001
4421     +9.9994830406468704e-001
4422     +1.0000000000000000e+000
4423     +1.0000000000000000e+000
4424     +9.9994830406468704e-001
4425     +9.9984652769204097e-001
4426     +9.9969870962700602e-001
4427     +9.9955573805590703e-001
4428     +9.9941761297874399e-001
4429     +9.9928433439551601e-001
4430     +9.9915590230622398e-001
4431     +9.9903231671086701e-001
4432     +9.9891357760944599e-001
4433     +9.9879968500196004e-001
4434     +9.9869063888841003e-001
4435     +9.9858643926879598e-001
4436     +9.9848708614311699e-001
4437     +9.9839257951137295e-001
4438     +9.9830291937356597e-001
4439     +9.9821810572969305e-001
4440     +9.9813813857975697e-001
4441     +9.9806301792375596e-001
4442     +9.9799274376169000e-001
4443     +9.9792731609356000e-001
4444     +9.9786673491936595e-001
4445     +9.9781100023910696e-001
4446     +9.9776011205278303e-001
4447     +9.9771407036039494e-001
4448     +9.9767287516194303e-001
4449     +9.9763652645742595e-001
4450     +9.9760502424684505e-001
4451     +9.9757836853019999e-001
4452     +9.9755655930748999e-001
4453     +9.9753959657871505e-001
4454     +9.9752748034387595e-001
4455     +9.9752021060297302e-001
4456     +9.9751778735600505e-001
4457     +9.9752021060297302e-001
4458     +9.9752748034387695e-001
4459     +9.9753959657871505e-001
4460     +9.9755655930748999e-001
4461     +9.9757836853019999e-001
4462     +9.9760502424684505e-001
4463     +9.9763652645742595e-001
4464     +9.9767287516194303e-001
4465     +9.9771407036039494e-001
4466     +9.9776011205278303e-001
4467     +9.9781100023910596e-001
4468     +9.9786673491936495e-001
4469     +9.9792731609356000e-001
4470     +9.9799274376169000e-001
4471     +9.9806301792375496e-001
4472     +9.9813813857975697e-001
4473     +9.9821810572969305e-001
4474     +9.9830291937356597e-001
4475     +9.9839257951137295e-001
4476     +9.9848708614311699e-001
4477     +9.9858643926879598e-001
4478     +9.9869063888841003e-001
4479     +9.9879968500196004e-001
4480     +9.9891357760944599e-001
4481     +9.9903231671086701e-001
4482     +9.9915590230622398e-001
4483     +9.9928433439551601e-001
4484     +9.9941761297874399e-001
4485     +9.9955573805590703e-001
4486     +9.9969870962700602e-001
4487     +9.9984652769204097e-001
4488     +9.9994830406468704e-001
4489     +1.0000000000000000e+000

%NODE.SUPPORT
134
1         1 0 1 1 0 0
67        1 0 1 1 0 0
68        1 0 1 1 0 0
134       1 0 1 1 0 0
135       1 0 1 1 0 0
201       1 0 1 1 0 0
202       1 0 1 1 0 0
268       1 0 1 1 0 0
269       1 0 1 1 0 0
335       1 0 1 1 0 0
336       1 0 1 1 0 0
402       1 0 1 1 0 0
403       1 0 1 1 0 0
469       1 0 1 1 0 0
470       1 0 1 1 0 0
536       1 0 1 1 0 0
537       1 0 1 1 0 0
603       1 0 1 1 0 0
604       1 0 1 1 0 0
670       1 0 1 1 0 0
671       1 0 1 1 0 0
737       1 0 1 1 0 0
738       1 0 1 1 0 0
804       1 0 1 1 0 0
805       1 0 1 1 0 0
871       1 0 1 1 0 0
872       1 0 1 1 0 0
938       1 0 1 1 0 0
939       1 0 1 1 0 0
1005      1 0 1 1 0 0
1006      1 0 1 1 0 0
1072      1 0 1 1 0 0
1073      1 0 1 1 0 0
1139      1 0 1 1 0 0
1140      1 0 1 1 0 0
1206      1 0 1 1 0 0
1207      1 0 1 1 0 0
1273      1 0 1 1 0 0
1274      1 0 1 1 0 0
1340      1 0 1 1 0 0
1341      1 0 1 1 0 0
1407      1 0 1 1 0 0
1408      1 0 1 1 0 0
1474      1 0 1 1 0 0
1475      1 0 1 1 0 0
1541      1 0 1 1 0 0
1542      1 0 1 1 0 0
1608      1 0 1 1 0 0
1609      1 0 1 1 0 0
1675      1 0 1 1 0 0
1676      1 0 1 1 0 0
1742      1 0 1 1 0 0
1743      1 0 1 1 0 0
1809      1 0 1 1 0 0
1810      1 0 1 1 0 0
1876      1 0 1 1 0 0
1877      1 0 1 1 0 0
1943      1 0 1 1 0 0
1944      1 0 1 1 0 0
2010      1 0 1 1 0 0
2011      1 0 1 1 0 0
2077      1 0 1 1 0 0
2078      1 0 1 1 0 0
2144      1 0 1 1 0 0
2145      1 0 1 1 0 0
2211      1 0 1 1 0 0
2212      1 0 1 1 0 0
2278      1 0 1 1 0 0
2279      1 0 1 1 0 0
2345      1 0 1 1 0 0
2346      1 0 1 1 0 0
2412      1 0 1 1 0 0
2413      1 0 1 1 0 0
2479      1 0 1 1 0 0
2480      1 0 1 1 0 0
2546      1 0 1 1 0 0
2547      1 0 1 1 0 0
2613      1 0 1 1 0 0
2614      1 0 1 1 0 0
2680      1 0 1 1 0 0
2681      1 0 1 1 0 0
2747      1 0 1 1 0 0
2748      1 0 1 1 0 0
2814      1 0 1 1 0 0
2815      1 0 1 1 0 0
2881      1 0 1 1 0 0
2882      1 0 1 1 0 0
2948      1 0 1 1 0 0
2949      1 0 1 1 0 0
3015      1 0 1 1 0 0
3016      1 0 1 1 0 0
3082      1 0 1 1 0 0
3083      1 0 1 1 0 0
3149      1 0 1 1 0 0
3150      1 0 1 1 0 0
3216      1 0 1 1 0 0
3217      1 0 1 1 0 0
3283      1 0 1 1 0 0
3284      1 0 1 1 0 0
3350      1 0 1 1 0 0
3351      1 0 1 1 0 0
3417      1 0 1 1 0 0
3418      1 0 1 1 0 0
3484      1 0 1 1 0 0
3485      1 0 1 1 0 0
3551      1 0 1 1 0 0
3552      1 0 1 1 0 0
3618      1 0 1 1 0 0
3619      1 0 1 1 0 0
3685      1 0 1 1 0 0
3686      1 0 1 1 0 0
3752      1 0 1 1 0 0
3753      1 0 1 1 0 0
3819      1 0 1 1 0 0
3820      1 0 1 1 0 0
3886      1 0 1 1 0 0
3887      1 0 1 1 0 0
3953      1 0 1 1 0 0
3954      1 0 1 1 0 0
4020      1 0 1 1 0 0
4021      1 0 1 1 0 0
4087      1 0 1 1 0 0
4088      1 0 1 1 0 0
4154      1 0 1 1 0 0
4155      1 0 1 1 0 0
4221      1 0 1 1 0 0
4222      1 0 1 1 0 0
4288      1 0 1 1 0 0
4289      1 0 1 1 0 0
4355      1 0 1 1 0 0
4356      1 0 1 1 0 0
4422      1 0 1 1 0 0
4423      1 0 1 1 0 0
4489      1 1 1 1 0 0


%PATCH
1
1 'bspsurf' 1 3 'General'  65 0.0000000000000000 1.0000000000000000 2.0000000000000000 3.0000000000000000 4.0000000000000000 5.0000000000000000 6.0000000000000000 7.0000000000000000 8.0000000000000000 9.0000000000000000 10.0000000000000000 11.0000000000000000 12.0000000000000000 13.0000000000000000 14.0000000000000000 15.0000000000000000 16.0000000000000000 17.0000000000000000 18.0000000000000000 19.0000000000000000 20.0000000000000000 21.0000000000000000 22.0000000000000000 23.0000000000000000 24.0000000000000000 25.0000000000000000 26.0000000000000000 27.0000000000000000 28.0000000000000000 29.0000000000000000 30.0000000000000000 31.0000000000000000 32.0000000000000000 33.0000000000000000 34.0000000000000000 35.0000000000000000 36.0000000000000000 37.0000000000000000 38.0000000000000000 39.0000000000000000 40.0000000000000000 41.0000000000000000 42.0000000000000000 43.0000000000000000 44.0000000000000000 45.0000000000000000 46.0000000000000000 47.0000000000000000 48.0000000000000000 49.0000000000000000 50.0000000000000000 51.0000000000000000 52.0000000000000000 53.0000000000000000 54.0000000000000000 55.0000000000000000 56.0000000000000000 57.0000000000000000 58.0000000000000000 59.0000000000000000 60.0000000000000000 61.0000000000000000 62.0000000000000000 63.0000000000000000 64.0000000000000000 4 1 1 1 1 1 1 1 1 1 1 1 1 1 1 1 1 1 1 1 1 1 1 1 1 1 1 1 1 1 1 1 1 1 1 1 1 1 1 1 1 1 1 1 1 1 1 1 1 1 1 1 1 1 1 1 1 1 1 1 1 1 1 1 4 
3 'General'  65 0.0000000000000000 1.0000000000000000 2.0000000000000000 3.0000000000000000 4.0000000000000000 5.0000000000000000 6.0000000000000000 7.0000000000000000 8.0000000000000000 9.0000000000000000 10.0000000000000000 11.0000000000000000 12.0000000000000000 13.0000000000000000 14.0000000000000000 15.0000000000000000 16.0000000000000000 17.0000000000000000 18.0000000000000000 19.0000000000000000 20.0000000000000000 21.0000000000000000 22.0000000000000000 23.0000000000000000 24.0000000000000000 25.0000000000000000 26.0000000000000000 27.0000000000000000 28.0000000000000000 29.0000000000000000 30.0000000000000000 31.0000000000000000 32.0000000000000000 33.0000000000000000 34.0000000000000000 35.0000000000000000 36.0000000000000000 37.0000000000000000 38.0000000000000000 39.0000000000000000 40.0000000000000000 41.0000000000000000 42.0000000000000000 43.0000000000000000 44.0000000000000000 45.0000000000000000 46.0000000000000000 47.0000000000000000 48.0000000000000000 49.0000000000000000 50.0000000000000000 51.0000000000000000 52.0000000000000000 53.0000000000000000 54.0000000000000000 55.0000000000000000 56.0000000000000000 57.0000000000000000 58.0000000000000000 59.0000000000000000 60.0000000000000000 61.0000000000000000 62.0000000000000000 63.0000000000000000 64.0000000000000000 4 1 1 1 1 1 1 1 1 1 1 1 1 1 1 1 1 1 1 1 1 1 1 1 1 1 1 1 1 1 1 1 1 1 1 1 1 1 1 1 1 1 1 1 1 1 1 1 1 1 1 1 1 1 1 1 1 1 1 1 1 1 1 1 4 
1 2 3 4 5 6 7 8 9 10 11 12 13 14 15 16 17 18 19 20 21 22 23 24 25 26 27 28 29 30 31 32 33 34 35 36 37 38 39 40 41 42 43 44 45 46 47 48 49 50 51 52 53 54 55 56 57 58 59 60 61 62 63 64 65 66 67 68 69 70 71 72 73 74 75 76 77 78 79 80 81 82 83 84 85 86 87 88 89 90 91 92 93 94 95 96 97 98 99 100 101 102 103 104 105 106 107 108 109 110 111 112 113 114 115 116 117 118 119 120 121 122 123 124 125 126 127 128 129 130 131 132 133 134 135 136 137 138 139 140 141 142 143 144 145 146 147 148 149 150 151 152 153 154 155 156 157 158 159 160 161 162 163 164 165 166 167 168 169 170 171 172 173 174 175 176 177 178 179 180 181 182 183 184 185 186 187 188 189 190 191 192 193 194 195 196 197 198 199 200 201 202 203 204 205 206 207 208 209 210 211 212 213 214 215 216 217 218 219 220 221 222 223 224 225 226 227 228 229 230 231 232 233 234 235 236 237 238 239 240 241 242 243 244 245 246 247 248 249 250 251 252 253 254 255 256 257 258 259 260 261 262 263 264 265 266 267 268 269 270 271 272 273 274 275 276 277 278 279 280 281 282 283 284 285 286 287 288 289 290 291 292 293 294 295 296 297 298 299 300 301 302 303 304 305 306 307 308 309 310 311 312 313 314 315 316 317 318 319 320 321 322 323 324 325 326 327 328 329 330 331 332 333 334 335 336 337 338 339 340 341 342 343 344 345 346 347 348 349 350 351 352 353 354 355 356 357 358 359 360 361 362 363 364 365 366 367 368 369 370 371 372 373 374 375 376 377 378 379 380 381 382 383 384 385 386 387 388 389 390 391 392 393 394 395 396 397 398 399 400 401 402 403 404 405 406 407 408 409 410 411 412 413 414 415 416 417 418 419 420 421 422 423 424 425 426 427 428 429 430 431 432 433 434 435 436 437 438 439 440 441 442 443 444 445 446 447 448 449 450 451 452 453 454 455 456 457 458 459 460 461 462 463 464 465 466 467 468 469 470 471 472 473 474 475 476 477 478 479 480 481 482 483 484 485 486 487 488 489 490 491 492 493 494 495 496 497 498 499 500 501 502 503 504 505 506 507 508 509 510 511 512 513 514 515 516 517 518 519 520 521 522 523 524 525 526 527 528 529 530 531 532 533 534 535 536 537 538 539 540 541 542 543 544 545 546 547 548 549 550 551 552 553 554 555 556 557 558 559 560 561 562 563 564 565 566 567 568 569 570 571 572 573 574 575 576 577 578 579 580 581 582 583 584 585 586 587 588 589 590 591 592 593 594 595 596 597 598 599 600 601 602 603 604 605 606 607 608 609 610 611 612 613 614 615 616 617 618 619 620 621 622 623 624 625 626 627 628 629 630 631 632 633 634 635 636 637 638 639 640 641 642 643 644 645 646 647 648 649 650 651 652 653 654 655 656 657 658 659 660 661 662 663 664 665 666 667 668 669 670 671 672 673 674 675 676 677 678 679 680 681 682 683 684 685 686 687 688 689 690 691 692 693 694 695 696 697 698 699 700 701 702 703 704 705 706 707 708 709 710 711 712 713 714 715 716 717 718 719 720 721 722 723 724 725 726 727 728 729 730 731 732 733 734 735 736 737 738 739 740 741 742 743 744 745 746 747 748 749 750 751 752 753 754 755 756 757 758 759 760 761 762 763 764 765 766 767 768 769 770 771 772 773 774 775 776 777 778 779 780 781 782 783 784 785 786 787 788 789 790 791 792 793 794 795 796 797 798 799 800 801 802 803 804 805 806 807 808 809 810 811 812 813 814 815 816 817 818 819 820 821 822 823 824 825 826 827 828 829 830 831 832 833 834 835 836 837 838 839 840 841 842 843 844 845 846 847 848 849 850 851 852 853 854 855 856 857 858 859 860 861 862 863 864 865 866 867 868 869 870 871 872 873 874 875 876 877 878 879 880 881 882 883 884 885 886 887 888 889 890 891 892 893 894 895 896 897 898 899 900 901 902 903 904 905 906 907 908 909 910 911 912 913 914 915 916 917 918 919 920 921 922 923 924 925 926 927 928 929 930 931 932 933 934 935 936 937 938 939 940 941 942 943 944 945 946 947 948 949 950 951 952 953 954 955 956 957 958 959 960 961 962 963 964 965 966 967 968 969 970 971 972 973 974 975 976 977 978 979 980 981 982 983 984 985 986 987 988 989 990 991 992 993 994 995 996 997 998 999 1000 1001 1002 1003 1004 1005 1006 1007 1008 1009 1010 1011 1012 1013 1014 1015 1016 1017 1018 1019 1020 1021 1022 1023 1024 1025 1026 1027 1028 1029 1030 1031 1032 1033 1034 1035 1036 1037 1038 1039 1040 1041 1042 1043 1044 1045 1046 1047 1048 1049 1050 1051 1052 1053 1054 1055 1056 1057 1058 1059 1060 1061 1062 1063 1064 1065 1066 1067 1068 1069 1070 1071 1072 1073 1074 1075 1076 1077 1078 1079 1080 1081 1082 1083 1084 1085 1086 1087 1088 1089 1090 1091 1092 1093 1094 1095 1096 1097 1098 1099 1100 1101 1102 1103 1104 1105 1106 1107 1108 1109 1110 1111 1112 1113 1114 1115 1116 1117 1118 1119 1120 1121 1122 1123 1124 1125 1126 1127 1128 1129 1130 1131 1132 1133 1134 1135 1136 1137 1138 1139 1140 1141 1142 1143 1144 1145 1146 1147 1148 1149 1150 1151 1152 1153 1154 1155 1156 1157 1158 1159 1160 1161 1162 1163 1164 1165 1166 1167 1168 1169 1170 1171 1172 1173 1174 1175 1176 1177 1178 1179 1180 1181 1182 1183 1184 1185 1186 1187 1188 1189 1190 1191 1192 1193 1194 1195 1196 1197 1198 1199 1200 1201 1202 1203 1204 1205 1206 1207 1208 1209 1210 1211 1212 1213 1214 1215 1216 1217 1218 1219 1220 1221 1222 1223 1224 1225 1226 1227 1228 1229 1230 1231 1232 1233 1234 1235 1236 1237 1238 1239 1240 1241 1242 1243 1244 1245 1246 1247 1248 1249 1250 1251 1252 1253 1254 1255 1256 1257 1258 1259 1260 1261 1262 1263 1264 1265 1266 1267 1268 1269 1270 1271 1272 1273 1274 1275 1276 1277 1278 1279 1280 1281 1282 1283 1284 1285 1286 1287 1288 1289 1290 1291 1292 1293 1294 1295 1296 1297 1298 1299 1300 1301 1302 1303 1304 1305 1306 1307 1308 1309 1310 1311 1312 1313 1314 1315 1316 1317 1318 1319 1320 1321 1322 1323 1324 1325 1326 1327 1328 1329 1330 1331 1332 1333 1334 1335 1336 1337 1338 1339 1340 1341 1342 1343 1344 1345 1346 1347 1348 1349 1350 1351 1352 1353 1354 1355 1356 1357 1358 1359 1360 1361 1362 1363 1364 1365 1366 1367 1368 1369 1370 1371 1372 1373 1374 1375 1376 1377 1378 1379 1380 1381 1382 1383 1384 1385 1386 1387 1388 1389 1390 1391 1392 1393 1394 1395 1396 1397 1398 1399 1400 1401 1402 1403 1404 1405 1406 1407 1408 1409 1410 1411 1412 1413 1414 1415 1416 1417 1418 1419 1420 1421 1422 1423 1424 1425 1426 1427 1428 1429 1430 1431 1432 1433 1434 1435 1436 1437 1438 1439 1440 1441 1442 1443 1444 1445 1446 1447 1448 1449 1450 1451 1452 1453 1454 1455 1456 1457 1458 1459 1460 1461 1462 1463 1464 1465 1466 1467 1468 1469 1470 1471 1472 1473 1474 1475 1476 1477 1478 1479 1480 1481 1482 1483 1484 1485 1486 1487 1488 1489 1490 1491 1492 1493 1494 1495 1496 1497 1498 1499 1500 1501 1502 1503 1504 1505 1506 1507 1508 1509 1510 1511 1512 1513 1514 1515 1516 1517 1518 1519 1520 1521 1522 1523 1524 1525 1526 1527 1528 1529 1530 1531 1532 1533 1534 1535 1536 1537 1538 1539 1540 1541 1542 1543 1544 1545 1546 1547 1548 1549 1550 1551 1552 1553 1554 1555 1556 1557 1558 1559 1560 1561 1562 1563 1564 1565 1566 1567 1568 1569 1570 1571 1572 1573 1574 1575 1576 1577 1578 1579 1580 1581 1582 1583 1584 1585 1586 1587 1588 1589 1590 1591 1592 1593 1594 1595 1596 1597 1598 1599 1600 1601 1602 1603 1604 1605 1606 1607 1608 1609 1610 1611 1612 1613 1614 1615 1616 1617 1618 1619 1620 1621 1622 1623 1624 1625 1626 1627 1628 1629 1630 1631 1632 1633 1634 1635 1636 1637 1638 1639 1640 1641 1642 1643 1644 1645 1646 1647 1648 1649 1650 1651 1652 1653 1654 1655 1656 1657 1658 1659 1660 1661 1662 1663 1664 1665 1666 1667 1668 1669 1670 1671 1672 1673 1674 1675 1676 1677 1678 1679 1680 1681 1682 1683 1684 1685 1686 1687 1688 1689 1690 1691 1692 1693 1694 1695 1696 1697 1698 1699 1700 1701 1702 1703 1704 1705 1706 1707 1708 1709 1710 1711 1712 1713 1714 1715 1716 1717 1718 1719 1720 1721 1722 1723 1724 1725 1726 1727 1728 1729 1730 1731 1732 1733 1734 1735 1736 1737 1738 1739 1740 1741 1742 1743 1744 1745 1746 1747 1748 1749 1750 1751 1752 1753 1754 1755 1756 1757 1758 1759 1760 1761 1762 1763 1764 1765 1766 1767 1768 1769 1770 1771 1772 1773 1774 1775 1776 1777 1778 1779 1780 1781 1782 1783 1784 1785 1786 1787 1788 1789 1790 1791 1792 1793 1794 1795 1796 1797 1798 1799 1800 1801 1802 1803 1804 1805 1806 1807 1808 1809 1810 1811 1812 1813 1814 1815 1816 1817 1818 1819 1820 1821 1822 1823 1824 1825 1826 1827 1828 1829 1830 1831 1832 1833 1834 1835 1836 1837 1838 1839 1840 1841 1842 1843 1844 1845 1846 1847 1848 1849 1850 1851 1852 1853 1854 1855 1856 1857 1858 1859 1860 1861 1862 1863 1864 1865 1866 1867 1868 1869 1870 1871 1872 1873 1874 1875 1876 1877 1878 1879 1880 1881 1882 1883 1884 1885 1886 1887 1888 1889 1890 1891 1892 1893 1894 1895 1896 1897 1898 1899 1900 1901 1902 1903 1904 1905 1906 1907 1908 1909 1910 1911 1912 1913 1914 1915 1916 1917 1918 1919 1920 1921 1922 1923 1924 1925 1926 1927 1928 1929 1930 1931 1932 1933 1934 1935 1936 1937 1938 1939 1940 1941 1942 1943 1944 1945 1946 1947 1948 1949 1950 1951 1952 1953 1954 1955 1956 1957 1958 1959 1960 1961 1962 1963 1964 1965 1966 1967 1968 1969 1970 1971 1972 1973 1974 1975 1976 1977 1978 1979 1980 1981 1982 1983 1984 1985 1986 1987 1988 1989 1990 1991 1992 1993 1994 1995 1996 1997 1998 1999 2000 2001 2002 2003 2004 2005 2006 2007 2008 2009 2010 2011 2012 2013 2014 2015 2016 2017 2018 2019 2020 2021 2022 2023 2024 2025 2026 2027 2028 2029 2030 2031 2032 2033 2034 2035 2036 2037 2038 2039 2040 2041 2042 2043 2044 2045 2046 2047 2048 2049 2050 2051 2052 2053 2054 2055 2056 2057 2058 2059 2060 2061 2062 2063 2064 2065 2066 2067 2068 2069 2070 2071 2072 2073 2074 2075 2076 2077 2078 2079 2080 2081 2082 2083 2084 2085 2086 2087 2088 2089 2090 2091 2092 2093 2094 2095 2096 2097 2098 2099 2100 2101 2102 2103 2104 2105 2106 2107 2108 2109 2110 2111 2112 2113 2114 2115 2116 2117 2118 2119 2120 2121 2122 2123 2124 2125 2126 2127 2128 2129 2130 2131 2132 2133 2134 2135 2136 2137 2138 2139 2140 2141 2142 2143 2144 2145 2146 2147 2148 2149 2150 2151 2152 2153 2154 2155 2156 2157 2158 2159 2160 2161 2162 2163 2164 2165 2166 2167 2168 2169 2170 2171 2172 2173 2174 2175 2176 2177 2178 2179 2180 2181 2182 2183 2184 2185 2186 2187 2188 2189 2190 2191 2192 2193 2194 2195 2196 2197 2198 2199 2200 2201 2202 2203 2204 2205 2206 2207 2208 2209 2210 2211 2212 2213 2214 2215 2216 2217 2218 2219 2220 2221 2222 2223 2224 2225 2226 2227 2228 2229 2230 2231 2232 2233 2234 2235 2236 2237 2238 2239 2240 2241 2242 2243 2244 2245 2246 2247 2248 2249 2250 2251 2252 2253 2254 2255 2256 2257 2258 2259 2260 2261 2262 2263 2264 2265 2266 2267 2268 2269 2270 2271 2272 2273 2274 2275 2276 2277 2278 2279 2280 2281 2282 2283 2284 2285 2286 2287 2288 2289 2290 2291 2292 2293 2294 2295 2296 2297 2298 2299 2300 2301 2302 2303 2304 2305 2306 2307 2308 2309 2310 2311 2312 2313 2314 2315 2316 2317 2318 2319 2320 2321 2322 2323 2324 2325 2326 2327 2328 2329 2330 2331 2332 2333 2334 2335 2336 2337 2338 2339 2340 2341 2342 2343 2344 2345 2346 2347 2348 2349 2350 2351 2352 2353 2354 2355 2356 2357 2358 2359 2360 2361 2362 2363 2364 2365 2366 2367 2368 2369 2370 2371 2372 2373 2374 2375 2376 2377 2378 2379 2380 2381 2382 2383 2384 2385 2386 2387 2388 2389 2390 2391 2392 2393 2394 2395 2396 2397 2398 2399 2400 2401 2402 2403 2404 2405 2406 2407 2408 2409 2410 2411 2412 2413 2414 2415 2416 2417 2418 2419 2420 2421 2422 2423 2424 2425 2426 2427 2428 2429 2430 2431 2432 2433 2434 2435 2436 2437 2438 2439 2440 2441 2442 2443 2444 2445 2446 2447 2448 2449 2450 2451 2452 2453 2454 2455 2456 2457 2458 2459 2460 2461 2462 2463 2464 2465 2466 2467 2468 2469 2470 2471 2472 2473 2474 2475 2476 2477 2478 2479 2480 2481 2482 2483 2484 2485 2486 2487 2488 2489 2490 2491 2492 2493 2494 2495 2496 2497 2498 2499 2500 2501 2502 2503 2504 2505 2506 2507 2508 2509 2510 2511 2512 2513 2514 2515 2516 2517 2518 2519 2520 2521 2522 2523 2524 2525 2526 2527 2528 2529 2530 2531 2532 2533 2534 2535 2536 2537 2538 2539 2540 2541 2542 2543 2544 2545 2546 2547 2548 2549 2550 2551 2552 2553 2554 2555 2556 2557 2558 2559 2560 2561 2562 2563 2564 2565 2566 2567 2568 2569 2570 2571 2572 2573 2574 2575 2576 2577 2578 2579 2580 2581 2582 2583 2584 2585 2586 2587 2588 2589 2590 2591 2592 2593 2594 2595 2596 2597 2598 2599 2600 2601 2602 2603 2604 2605 2606 2607 2608 2609 2610 2611 2612 2613 2614 2615 2616 2617 2618 2619 2620 2621 2622 2623 2624 2625 2626 2627 2628 2629 2630 2631 2632 2633 2634 2635 2636 2637 2638 2639 2640 2641 2642 2643 2644 2645 2646 2647 2648 2649 2650 2651 2652 2653 2654 2655 2656 2657 2658 2659 2660 2661 2662 2663 2664 2665 2666 2667 2668 2669 2670 2671 2672 2673 2674 2675 2676 2677 2678 2679 2680 2681 2682 2683 2684 2685 2686 2687 2688 2689 2690 2691 2692 2693 2694 2695 2696 2697 2698 2699 2700 2701 2702 2703 2704 2705 2706 2707 2708 2709 2710 2711 2712 2713 2714 2715 2716 2717 2718 2719 2720 2721 2722 2723 2724 2725 2726 2727 2728 2729 2730 2731 2732 2733 2734 2735 2736 2737 2738 2739 2740 2741 2742 2743 2744 2745 2746 2747 2748 2749 2750 2751 2752 2753 2754 2755 2756 2757 2758 2759 2760 2761 2762 2763 2764 2765 2766 2767 2768 2769 2770 2771 2772 2773 2774 2775 2776 2777 2778 2779 2780 2781 2782 2783 2784 2785 2786 2787 2788 2789 2790 2791 2792 2793 2794 2795 2796 2797 2798 2799 2800 2801 2802 2803 2804 2805 2806 2807 2808 2809 2810 2811 2812 2813 2814 2815 2816 2817 2818 2819 2820 2821 2822 2823 2824 2825 2826 2827 2828 2829 2830 2831 2832 2833 2834 2835 2836 2837 2838 2839 2840 2841 2842 2843 2844 2845 2846 2847 2848 2849 2850 2851 2852 2853 2854 2855 2856 2857 2858 2859 2860 2861 2862 2863 2864 2865 2866 2867 2868 2869 2870 2871 2872 2873 2874 2875 2876 2877 2878 2879 2880 2881 2882 2883 2884 2885 2886 2887 2888 2889 2890 2891 2892 2893 2894 2895 2896 2897 2898 2899 2900 2901 2902 2903 2904 2905 2906 2907 2908 2909 2910 2911 2912 2913 2914 2915 2916 2917 2918 2919 2920 2921 2922 2923 2924 2925 2926 2927 2928 2929 2930 2931 2932 2933 2934 2935 2936 2937 2938 2939 2940 2941 2942 2943 2944 2945 2946 2947 2948 2949 2950 2951 2952 2953 2954 2955 2956 2957 2958 2959 2960 2961 2962 2963 2964 2965 2966 2967 2968 2969 2970 2971 2972 2973 2974 2975 2976 2977 2978 2979 2980 2981 2982 2983 2984 2985 2986 2987 2988 2989 2990 2991 2992 2993 2994 2995 2996 2997 2998 2999 3000 3001 3002 3003 3004 3005 3006 3007 3008 3009 3010 3011 3012 3013 3014 3015 3016 3017 3018 3019 3020 3021 3022 3023 3024 3025 3026 3027 3028 3029 3030 3031 3032 3033 3034 3035 3036 3037 3038 3039 3040 3041 3042 3043 3044 3045 3046 3047 3048 3049 3050 3051 3052 3053 3054 3055 3056 3057 3058 3059 3060 3061 3062 3063 3064 3065 3066 3067 3068 3069 3070 3071 3072 3073 3074 3075 3076 3077 3078 3079 3080 3081 3082 3083 3084 3085 3086 3087 3088 3089 3090 3091 3092 3093 3094 3095 3096 3097 3098 3099 3100 3101 3102 3103 3104 3105 3106 3107 3108 3109 3110 3111 3112 3113 3114 3115 3116 3117 3118 3119 3120 3121 3122 3123 3124 3125 3126 3127 3128 3129 3130 3131 3132 3133 3134 3135 3136 3137 3138 3139 3140 3141 3142 3143 3144 3145 3146 3147 3148 3149 3150 3151 3152 3153 3154 3155 3156 3157 3158 3159 3160 3161 3162 3163 3164 3165 3166 3167 3168 3169 3170 3171 3172 3173 3174 3175 3176 3177 3178 3179 3180 3181 3182 3183 3184 3185 3186 3187 3188 3189 3190 3191 3192 3193 3194 3195 3196 3197 3198 3199 3200 3201 3202 3203 3204 3205 3206 3207 3208 3209 3210 3211 3212 3213 3214 3215 3216 3217 3218 3219 3220 3221 3222 3223 3224 3225 3226 3227 3228 3229 3230 3231 3232 3233 3234 3235 3236 3237 3238 3239 3240 3241 3242 3243 3244 3245 3246 3247 3248 3249 3250 3251 3252 3253 3254 3255 3256 3257 3258 3259 3260 3261 3262 3263 3264 3265 3266 3267 3268 3269 3270 3271 3272 3273 3274 3275 3276 3277 3278 3279 3280 3281 3282 3283 3284 3285 3286 3287 3288 3289 3290 3291 3292 3293 3294 3295 3296 3297 3298 3299 3300 3301 3302 3303 3304 3305 3306 3307 3308 3309 3310 3311 3312 3313 3314 3315 3316 3317 3318 3319 3320 3321 3322 3323 3324 3325 3326 3327 3328 3329 3330 3331 3332 3333 3334 3335 3336 3337 3338 3339 3340 3341 3342 3343 3344 3345 3346 3347 3348 3349 3350 3351 3352 3353 3354 3355 3356 3357 3358 3359 3360 3361 3362 3363 3364 3365 3366 3367 3368 3369 3370 3371 3372 3373 3374 3375 3376 3377 3378 3379 3380 3381 3382 3383 3384 3385 3386 3387 3388 3389 3390 3391 3392 3393 3394 3395 3396 3397 3398 3399 3400 3401 3402 3403 3404 3405 3406 3407 3408 3409 3410 3411 3412 3413 3414 3415 3416 3417 3418 3419 3420 3421 3422 3423 3424 3425 3426 3427 3428 3429 3430 3431 3432 3433 3434 3435 3436 3437 3438 3439 3440 3441 3442 3443 3444 3445 3446 3447 3448 3449 3450 3451 3452 3453 3454 3455 3456 3457 3458 3459 3460 3461 3462 3463 3464 3465 3466 3467 3468 3469 3470 3471 3472 3473 3474 3475 3476 3477 3478 3479 3480 3481 3482 3483 3484 3485 3486 3487 3488 3489 3490 3491 3492 3493 3494 3495 3496 3497 3498 3499 3500 3501 3502 3503 3504 3505 3506 3507 3508 3509 3510 3511 3512 3513 3514 3515 3516 3517 3518 3519 3520 3521 3522 3523 3524 3525 3526 3527 3528 3529 3530 3531 3532 3533 3534 3535 3536 3537 3538 3539 3540 3541 3542 3543 3544 3545 3546 3547 3548 3549 3550 3551 3552 3553 3554 3555 3556 3557 3558 3559 3560 3561 3562 3563 3564 3565 3566 3567 3568 3569 3570 3571 3572 3573 3574 3575 3576 3577 3578 3579 3580 3581 3582 3583 3584 3585 3586 3587 3588 3589 3590 3591 3592 3593 3594 3595 3596 3597 3598 3599 3600 3601 3602 3603 3604 3605 3606 3607 3608 3609 3610 3611 3612 3613 3614 3615 3616 3617 3618 3619 3620 3621 3622 3623 3624 3625 3626 3627 3628 3629 3630 3631 3632 3633 3634 3635 3636 3637 3638 3639 3640 3641 3642 3643 3644 3645 3646 3647 3648 3649 3650 3651 3652 3653 3654 3655 3656 3657 3658 3659 3660 3661 3662 3663 3664 3665 3666 3667 3668 3669 3670 3671 3672 3673 3674 3675 3676 3677 3678 3679 3680 3681 3682 3683 3684 3685 3686 3687 3688 3689 3690 3691 3692 3693 3694 3695 3696 3697 3698 3699 3700 3701 3702 3703 3704 3705 3706 3707 3708 3709 3710 3711 3712 3713 3714 3715 3716 3717 3718 3719 3720 3721 3722 3723 3724 3725 3726 3727 3728 3729 3730 3731 3732 3733 3734 3735 3736 3737 3738 3739 3740 3741 3742 3743 3744 3745 3746 3747 3748 3749 3750 3751 3752 3753 3754 3755 3756 3757 3758 3759 3760 3761 3762 3763 3764 3765 3766 3767 3768 3769 3770 3771 3772 3773 3774 3775 3776 3777 3778 3779 3780 3781 3782 3783 3784 3785 3786 3787 3788 3789 3790 3791 3792 3793 3794 3795 3796 3797 3798 3799 3800 3801 3802 3803 3804 3805 3806 3807 3808 3809 3810 3811 3812 3813 3814 3815 3816 3817 3818 3819 3820 3821 3822 3823 3824 3825 3826 3827 3828 3829 3830 3831 3832 3833 3834 3835 3836 3837 3838 3839 3840 3841 3842 3843 3844 3845 3846 3847 3848 3849 3850 3851 3852 3853 3854 3855 3856 3857 3858 3859 3860 3861 3862 3863 3864 3865 3866 3867 3868 3869 3870 3871 3872 3873 3874 3875 3876 3877 3878 3879 3880 3881 3882 3883 3884 3885 3886 3887 3888 3889 3890 3891 3892 3893 3894 3895 3896 3897 3898 3899 3900 3901 3902 3903 3904 3905 3906 3907 3908 3909 3910 3911 3912 3913 3914 3915 3916 3917 3918 3919 3920 3921 3922 3923 3924 3925 3926 3927 3928 3929 3930 3931 3932 3933 3934 3935 3936 3937 3938 3939 3940 3941 3942 3943 3944 3945 3946 3947 3948 3949 3950 3951 3952 3953 3954 3955 3956 3957 3958 3959 3960 3961 3962 3963 3964 3965 3966 3967 3968 3969 3970 3971 3972 3973 3974 3975 3976 3977 3978 3979 3980 3981 3982 3983 3984 3985 3986 3987 3988 3989 3990 3991 3992 3993 3994 3995 3996 3997 3998 3999 4000 4001 4002 4003 4004 4005 4006 4007 4008 4009 4010 4011 4012 4013 4014 4015 4016 4017 4018 4019 4020 4021 4022 4023 4024 4025 4026 4027 4028 4029 4030 4031 4032 4033 4034 4035 4036 4037 4038 4039 4040 4041 4042 4043 4044 4045 4046 4047 4048 4049 4050 4051 4052 4053 4054 4055 4056 4057 4058 4059 4060 4061 4062 4063 4064 4065 4066 4067 4068 4069 4070 4071 4072 4073 4074 4075 4076 4077 4078 4079 4080 4081 4082 4083 4084 4085 4086 4087 4088 4089 4090 4091 4092 4093 4094 4095 4096 4097 4098 4099 4100 4101 4102 4103 4104 4105 4106 4107 4108 4109 4110 4111 4112 4113 4114 4115 4116 4117 4118 4119 4120 4121 4122 4123 4124 4125 4126 4127 4128 4129 4130 4131 4132 4133 4134 4135 4136 4137 4138 4139 4140 4141 4142 4143 4144 4145 4146 4147 4148 4149 4150 4151 4152 4153 4154 4155 4156 4157 4158 4159 4160 4161 4162 4163 4164 4165 4166 4167 4168 4169 4170 4171 4172 4173 4174 4175 4176 4177 4178 4179 4180 4181 4182 4183 4184 4185 4186 4187 4188 4189 4190 4191 4192 4193 4194 4195 4196 4197 4198 4199 4200 4201 4202 4203 4204 4205 4206 4207 4208 4209 4210 4211 4212 4213 4214 4215 4216 4217 4218 4219 4220 4221 4222 4223 4224 4225 4226 4227 4228 4229 4230 4231 4232 4233 4234 4235 4236 4237 4238 4239 4240 4241 4242 4243 4244 4245 4246 4247 4248 4249 4250 4251 4252 4253 4254 4255 4256 4257 4258 4259 4260 4261 4262 4263 4264 4265 4266 4267 4268 4269 4270 4271 4272 4273 4274 4275 4276 4277 4278 4279 4280 4281 4282 4283 4284 4285 4286 4287 4288 4289 4290 4291 4292 4293 4294 4295 4296 4297 4298 4299 4300 4301 4302 4303 4304 4305 4306 4307 4308 4309 4310 4311 4312 4313 4314 4315 4316 4317 4318 4319 4320 4321 4322 4323 4324 4325 4326 4327 4328 4329 4330 4331 4332 4333 4334 4335 4336 4337 4338 4339 4340 4341 4342 4343 4344 4345 4346 4347 4348 4349 4350 4351 4352 4353 4354 4355 4356 4357 4358 4359 4360 4361 4362 4363 4364 4365 4366 4367 4368 4369 4370 4371 4372 4373 4374 4375 4376 4377 4378 4379 4380 4381 4382 4383 4384 4385 4386 4387 4388 4389 4390 4391 4392 4393 4394 4395 4396 4397 4398 4399 4400 4401 4402 4403 4404 4405 4406 4407 4408 4409 4410 4411 4412 4413 4414 4415 4416 4417 4418 4419 4420 4421 4422 4423 4424 4425 4426 4427 4428 4429 4430 4431 4432 4433 4434 4435 4436 4437 4438 4439 4440 4441 4442 4443 4444 4445 4446 4447 4448 4449 4450 4451 4452 4453 4454 4455 4456 4457 4458 4459 4460 4461 4462 4463 4464 4465 4466 4467 4468 4469 4470 4471 4472 4473 4474 4475 4476 4477 4478 4479 4480 4481 4482 4483 4484 4485 4486 4487 4488 4489

%MATERIAL
1

%MATERIAL.FGM
1
1          201.04e9  0.3  8166.0   348.43e9  0.3  2370.0  2

%SECTION
1

