

%INTEGRATION.ORDER
1
1	3	3	1	3	3	1

%INTEGRATION.TYPE
1
1      'Gauss'

%INTEGRATION.LABEL
1
1      Quad  

%ELEMENT
4096

%ELEMENT.SHALLOWSHELL.BSPLINE.SURFACE
4096
1           1 1 1 1    1   
2           1 1 1 2    1   
3           1 1 1 3    1   
4           1 1 1 4    1   
5           1 1 1 5    1   
6           1 1 1 6    1   
7           1 1 1 7    1   
8           1 1 1 8    1   
9           1 1 1 9    1   
10          1 1 1 10   1   
11          1 1 1 11   1   
12          1 1 1 12   1   
13          1 1 1 13   1   
14          1 1 1 14   1   
15          1 1 1 15   1   
16          1 1 1 16   1   
17          1 1 1 17   1   
18          1 1 1 18   1   
19          1 1 1 19   1   
20          1 1 1 20   1   
21          1 1 1 21   1   
22          1 1 1 22   1   
23          1 1 1 23   1   
24          1 1 1 24   1   
25          1 1 1 25   1   
26          1 1 1 26   1   
27          1 1 1 27   1   
28          1 1 1 28   1   
29          1 1 1 29   1   
30          1 1 1 30   1   
31          1 1 1 31   1   
32          1 1 1 32   1   
33          1 1 1 33   1   
34          1 1 1 34   1   
35          1 1 1 35   1   
36          1 1 1 36   1   
37          1 1 1 37   1   
38          1 1 1 38   1   
39          1 1 1 39   1   
40          1 1 1 40   1   
41          1 1 1 41   1   
42          1 1 1 42   1   
43          1 1 1 43   1   
44          1 1 1 44   1   
45          1 1 1 45   1   
46          1 1 1 46   1   
47          1 1 1 47   1   
48          1 1 1 48   1   
49          1 1 1 49   1   
50          1 1 1 50   1   
51          1 1 1 51   1   
52          1 1 1 52   1   
53          1 1 1 53   1   
54          1 1 1 54   1   
55          1 1 1 55   1   
56          1 1 1 56   1   
57          1 1 1 57   1   
58          1 1 1 58   1   
59          1 1 1 59   1   
60          1 1 1 60   1   
61          1 1 1 61   1   
62          1 1 1 62   1   
63          1 1 1 63   1   
64          1 1 1 64   1   
65          1 1 1 1    2   
66          1 1 1 2    2   
67          1 1 1 3    2   
68          1 1 1 4    2   
69          1 1 1 5    2   
70          1 1 1 6    2   
71          1 1 1 7    2   
72          1 1 1 8    2   
73          1 1 1 9    2   
74          1 1 1 10   2   
75          1 1 1 11   2   
76          1 1 1 12   2   
77          1 1 1 13   2   
78          1 1 1 14   2   
79          1 1 1 15   2   
80          1 1 1 16   2   
81          1 1 1 17   2   
82          1 1 1 18   2   
83          1 1 1 19   2   
84          1 1 1 20   2   
85          1 1 1 21   2   
86          1 1 1 22   2   
87          1 1 1 23   2   
88          1 1 1 24   2   
89          1 1 1 25   2   
90          1 1 1 26   2   
91          1 1 1 27   2   
92          1 1 1 28   2   
93          1 1 1 29   2   
94          1 1 1 30   2   
95          1 1 1 31   2   
96          1 1 1 32   2   
97          1 1 1 33   2   
98          1 1 1 34   2   
99          1 1 1 35   2   
100         1 1 1 36   2   
101         1 1 1 37   2   
102         1 1 1 38   2   
103         1 1 1 39   2   
104         1 1 1 40   2   
105         1 1 1 41   2   
106         1 1 1 42   2   
107         1 1 1 43   2   
108         1 1 1 44   2   
109         1 1 1 45   2   
110         1 1 1 46   2   
111         1 1 1 47   2   
112         1 1 1 48   2   
113         1 1 1 49   2   
114         1 1 1 50   2   
115         1 1 1 51   2   
116         1 1 1 52   2   
117         1 1 1 53   2   
118         1 1 1 54   2   
119         1 1 1 55   2   
120         1 1 1 56   2   
121         1 1 1 57   2   
122         1 1 1 58   2   
123         1 1 1 59   2   
124         1 1 1 60   2   
125         1 1 1 61   2   
126         1 1 1 62   2   
127         1 1 1 63   2   
128         1 1 1 64   2   
129         1 1 1 1    3   
130         1 1 1 2    3   
131         1 1 1 3    3   
132         1 1 1 4    3   
133         1 1 1 5    3   
134         1 1 1 6    3   
135         1 1 1 7    3   
136         1 1 1 8    3   
137         1 1 1 9    3   
138         1 1 1 10   3   
139         1 1 1 11   3   
140         1 1 1 12   3   
141         1 1 1 13   3   
142         1 1 1 14   3   
143         1 1 1 15   3   
144         1 1 1 16   3   
145         1 1 1 17   3   
146         1 1 1 18   3   
147         1 1 1 19   3   
148         1 1 1 20   3   
149         1 1 1 21   3   
150         1 1 1 22   3   
151         1 1 1 23   3   
152         1 1 1 24   3   
153         1 1 1 25   3   
154         1 1 1 26   3   
155         1 1 1 27   3   
156         1 1 1 28   3   
157         1 1 1 29   3   
158         1 1 1 30   3   
159         1 1 1 31   3   
160         1 1 1 32   3   
161         1 1 1 33   3   
162         1 1 1 34   3   
163         1 1 1 35   3   
164         1 1 1 36   3   
165         1 1 1 37   3   
166         1 1 1 38   3   
167         1 1 1 39   3   
168         1 1 1 40   3   
169         1 1 1 41   3   
170         1 1 1 42   3   
171         1 1 1 43   3   
172         1 1 1 44   3   
173         1 1 1 45   3   
174         1 1 1 46   3   
175         1 1 1 47   3   
176         1 1 1 48   3   
177         1 1 1 49   3   
178         1 1 1 50   3   
179         1 1 1 51   3   
180         1 1 1 52   3   
181         1 1 1 53   3   
182         1 1 1 54   3   
183         1 1 1 55   3   
184         1 1 1 56   3   
185         1 1 1 57   3   
186         1 1 1 58   3   
187         1 1 1 59   3   
188         1 1 1 60   3   
189         1 1 1 61   3   
190         1 1 1 62   3   
191         1 1 1 63   3   
192         1 1 1 64   3   
193         1 1 1 1    4   
194         1 1 1 2    4   
195         1 1 1 3    4   
196         1 1 1 4    4   
197         1 1 1 5    4   
198         1 1 1 6    4   
199         1 1 1 7    4   
200         1 1 1 8    4   
201         1 1 1 9    4   
202         1 1 1 10   4   
203         1 1 1 11   4   
204         1 1 1 12   4   
205         1 1 1 13   4   
206         1 1 1 14   4   
207         1 1 1 15   4   
208         1 1 1 16   4   
209         1 1 1 17   4   
210         1 1 1 18   4   
211         1 1 1 19   4   
212         1 1 1 20   4   
213         1 1 1 21   4   
214         1 1 1 22   4   
215         1 1 1 23   4   
216         1 1 1 24   4   
217         1 1 1 25   4   
218         1 1 1 26   4   
219         1 1 1 27   4   
220         1 1 1 28   4   
221         1 1 1 29   4   
222         1 1 1 30   4   
223         1 1 1 31   4   
224         1 1 1 32   4   
225         1 1 1 33   4   
226         1 1 1 34   4   
227         1 1 1 35   4   
228         1 1 1 36   4   
229         1 1 1 37   4   
230         1 1 1 38   4   
231         1 1 1 39   4   
232         1 1 1 40   4   
233         1 1 1 41   4   
234         1 1 1 42   4   
235         1 1 1 43   4   
236         1 1 1 44   4   
237         1 1 1 45   4   
238         1 1 1 46   4   
239         1 1 1 47   4   
240         1 1 1 48   4   
241         1 1 1 49   4   
242         1 1 1 50   4   
243         1 1 1 51   4   
244         1 1 1 52   4   
245         1 1 1 53   4   
246         1 1 1 54   4   
247         1 1 1 55   4   
248         1 1 1 56   4   
249         1 1 1 57   4   
250         1 1 1 58   4   
251         1 1 1 59   4   
252         1 1 1 60   4   
253         1 1 1 61   4   
254         1 1 1 62   4   
255         1 1 1 63   4   
256         1 1 1 64   4   
257         1 1 1 1    5   
258         1 1 1 2    5   
259         1 1 1 3    5   
260         1 1 1 4    5   
261         1 1 1 5    5   
262         1 1 1 6    5   
263         1 1 1 7    5   
264         1 1 1 8    5   
265         1 1 1 9    5   
266         1 1 1 10   5   
267         1 1 1 11   5   
268         1 1 1 12   5   
269         1 1 1 13   5   
270         1 1 1 14   5   
271         1 1 1 15   5   
272         1 1 1 16   5   
273         1 1 1 17   5   
274         1 1 1 18   5   
275         1 1 1 19   5   
276         1 1 1 20   5   
277         1 1 1 21   5   
278         1 1 1 22   5   
279         1 1 1 23   5   
280         1 1 1 24   5   
281         1 1 1 25   5   
282         1 1 1 26   5   
283         1 1 1 27   5   
284         1 1 1 28   5   
285         1 1 1 29   5   
286         1 1 1 30   5   
287         1 1 1 31   5   
288         1 1 1 32   5   
289         1 1 1 33   5   
290         1 1 1 34   5   
291         1 1 1 35   5   
292         1 1 1 36   5   
293         1 1 1 37   5   
294         1 1 1 38   5   
295         1 1 1 39   5   
296         1 1 1 40   5   
297         1 1 1 41   5   
298         1 1 1 42   5   
299         1 1 1 43   5   
300         1 1 1 44   5   
301         1 1 1 45   5   
302         1 1 1 46   5   
303         1 1 1 47   5   
304         1 1 1 48   5   
305         1 1 1 49   5   
306         1 1 1 50   5   
307         1 1 1 51   5   
308         1 1 1 52   5   
309         1 1 1 53   5   
310         1 1 1 54   5   
311         1 1 1 55   5   
312         1 1 1 56   5   
313         1 1 1 57   5   
314         1 1 1 58   5   
315         1 1 1 59   5   
316         1 1 1 60   5   
317         1 1 1 61   5   
318         1 1 1 62   5   
319         1 1 1 63   5   
320         1 1 1 64   5   
321         1 1 1 1    6   
322         1 1 1 2    6   
323         1 1 1 3    6   
324         1 1 1 4    6   
325         1 1 1 5    6   
326         1 1 1 6    6   
327         1 1 1 7    6   
328         1 1 1 8    6   
329         1 1 1 9    6   
330         1 1 1 10   6   
331         1 1 1 11   6   
332         1 1 1 12   6   
333         1 1 1 13   6   
334         1 1 1 14   6   
335         1 1 1 15   6   
336         1 1 1 16   6   
337         1 1 1 17   6   
338         1 1 1 18   6   
339         1 1 1 19   6   
340         1 1 1 20   6   
341         1 1 1 21   6   
342         1 1 1 22   6   
343         1 1 1 23   6   
344         1 1 1 24   6   
345         1 1 1 25   6   
346         1 1 1 26   6   
347         1 1 1 27   6   
348         1 1 1 28   6   
349         1 1 1 29   6   
350         1 1 1 30   6   
351         1 1 1 31   6   
352         1 1 1 32   6   
353         1 1 1 33   6   
354         1 1 1 34   6   
355         1 1 1 35   6   
356         1 1 1 36   6   
357         1 1 1 37   6   
358         1 1 1 38   6   
359         1 1 1 39   6   
360         1 1 1 40   6   
361         1 1 1 41   6   
362         1 1 1 42   6   
363         1 1 1 43   6   
364         1 1 1 44   6   
365         1 1 1 45   6   
366         1 1 1 46   6   
367         1 1 1 47   6   
368         1 1 1 48   6   
369         1 1 1 49   6   
370         1 1 1 50   6   
371         1 1 1 51   6   
372         1 1 1 52   6   
373         1 1 1 53   6   
374         1 1 1 54   6   
375         1 1 1 55   6   
376         1 1 1 56   6   
377         1 1 1 57   6   
378         1 1 1 58   6   
379         1 1 1 59   6   
380         1 1 1 60   6   
381         1 1 1 61   6   
382         1 1 1 62   6   
383         1 1 1 63   6   
384         1 1 1 64   6   
385         1 1 1 1    7   
386         1 1 1 2    7   
387         1 1 1 3    7   
388         1 1 1 4    7   
389         1 1 1 5    7   
390         1 1 1 6    7   
391         1 1 1 7    7   
392         1 1 1 8    7   
393         1 1 1 9    7   
394         1 1 1 10   7   
395         1 1 1 11   7   
396         1 1 1 12   7   
397         1 1 1 13   7   
398         1 1 1 14   7   
399         1 1 1 15   7   
400         1 1 1 16   7   
401         1 1 1 17   7   
402         1 1 1 18   7   
403         1 1 1 19   7   
404         1 1 1 20   7   
405         1 1 1 21   7   
406         1 1 1 22   7   
407         1 1 1 23   7   
408         1 1 1 24   7   
409         1 1 1 25   7   
410         1 1 1 26   7   
411         1 1 1 27   7   
412         1 1 1 28   7   
413         1 1 1 29   7   
414         1 1 1 30   7   
415         1 1 1 31   7   
416         1 1 1 32   7   
417         1 1 1 33   7   
418         1 1 1 34   7   
419         1 1 1 35   7   
420         1 1 1 36   7   
421         1 1 1 37   7   
422         1 1 1 38   7   
423         1 1 1 39   7   
424         1 1 1 40   7   
425         1 1 1 41   7   
426         1 1 1 42   7   
427         1 1 1 43   7   
428         1 1 1 44   7   
429         1 1 1 45   7   
430         1 1 1 46   7   
431         1 1 1 47   7   
432         1 1 1 48   7   
433         1 1 1 49   7   
434         1 1 1 50   7   
435         1 1 1 51   7   
436         1 1 1 52   7   
437         1 1 1 53   7   
438         1 1 1 54   7   
439         1 1 1 55   7   
440         1 1 1 56   7   
441         1 1 1 57   7   
442         1 1 1 58   7   
443         1 1 1 59   7   
444         1 1 1 60   7   
445         1 1 1 61   7   
446         1 1 1 62   7   
447         1 1 1 63   7   
448         1 1 1 64   7   
449         1 1 1 1    8   
450         1 1 1 2    8   
451         1 1 1 3    8   
452         1 1 1 4    8   
453         1 1 1 5    8   
454         1 1 1 6    8   
455         1 1 1 7    8   
456         1 1 1 8    8   
457         1 1 1 9    8   
458         1 1 1 10   8   
459         1 1 1 11   8   
460         1 1 1 12   8   
461         1 1 1 13   8   
462         1 1 1 14   8   
463         1 1 1 15   8   
464         1 1 1 16   8   
465         1 1 1 17   8   
466         1 1 1 18   8   
467         1 1 1 19   8   
468         1 1 1 20   8   
469         1 1 1 21   8   
470         1 1 1 22   8   
471         1 1 1 23   8   
472         1 1 1 24   8   
473         1 1 1 25   8   
474         1 1 1 26   8   
475         1 1 1 27   8   
476         1 1 1 28   8   
477         1 1 1 29   8   
478         1 1 1 30   8   
479         1 1 1 31   8   
480         1 1 1 32   8   
481         1 1 1 33   8   
482         1 1 1 34   8   
483         1 1 1 35   8   
484         1 1 1 36   8   
485         1 1 1 37   8   
486         1 1 1 38   8   
487         1 1 1 39   8   
488         1 1 1 40   8   
489         1 1 1 41   8   
490         1 1 1 42   8   
491         1 1 1 43   8   
492         1 1 1 44   8   
493         1 1 1 45   8   
494         1 1 1 46   8   
495         1 1 1 47   8   
496         1 1 1 48   8   
497         1 1 1 49   8   
498         1 1 1 50   8   
499         1 1 1 51   8   
500         1 1 1 52   8   
501         1 1 1 53   8   
502         1 1 1 54   8   
503         1 1 1 55   8   
504         1 1 1 56   8   
505         1 1 1 57   8   
506         1 1 1 58   8   
507         1 1 1 59   8   
508         1 1 1 60   8   
509         1 1 1 61   8   
510         1 1 1 62   8   
511         1 1 1 63   8   
512         1 1 1 64   8   
513         1 1 1 1    9   
514         1 1 1 2    9   
515         1 1 1 3    9   
516         1 1 1 4    9   
517         1 1 1 5    9   
518         1 1 1 6    9   
519         1 1 1 7    9   
520         1 1 1 8    9   
521         1 1 1 9    9   
522         1 1 1 10   9   
523         1 1 1 11   9   
524         1 1 1 12   9   
525         1 1 1 13   9   
526         1 1 1 14   9   
527         1 1 1 15   9   
528         1 1 1 16   9   
529         1 1 1 17   9   
530         1 1 1 18   9   
531         1 1 1 19   9   
532         1 1 1 20   9   
533         1 1 1 21   9   
534         1 1 1 22   9   
535         1 1 1 23   9   
536         1 1 1 24   9   
537         1 1 1 25   9   
538         1 1 1 26   9   
539         1 1 1 27   9   
540         1 1 1 28   9   
541         1 1 1 29   9   
542         1 1 1 30   9   
543         1 1 1 31   9   
544         1 1 1 32   9   
545         1 1 1 33   9   
546         1 1 1 34   9   
547         1 1 1 35   9   
548         1 1 1 36   9   
549         1 1 1 37   9   
550         1 1 1 38   9   
551         1 1 1 39   9   
552         1 1 1 40   9   
553         1 1 1 41   9   
554         1 1 1 42   9   
555         1 1 1 43   9   
556         1 1 1 44   9   
557         1 1 1 45   9   
558         1 1 1 46   9   
559         1 1 1 47   9   
560         1 1 1 48   9   
561         1 1 1 49   9   
562         1 1 1 50   9   
563         1 1 1 51   9   
564         1 1 1 52   9   
565         1 1 1 53   9   
566         1 1 1 54   9   
567         1 1 1 55   9   
568         1 1 1 56   9   
569         1 1 1 57   9   
570         1 1 1 58   9   
571         1 1 1 59   9   
572         1 1 1 60   9   
573         1 1 1 61   9   
574         1 1 1 62   9   
575         1 1 1 63   9   
576         1 1 1 64   9   
577         1 1 1 1    10  
578         1 1 1 2    10  
579         1 1 1 3    10  
580         1 1 1 4    10  
581         1 1 1 5    10  
582         1 1 1 6    10  
583         1 1 1 7    10  
584         1 1 1 8    10  
585         1 1 1 9    10  
586         1 1 1 10   10  
587         1 1 1 11   10  
588         1 1 1 12   10  
589         1 1 1 13   10  
590         1 1 1 14   10  
591         1 1 1 15   10  
592         1 1 1 16   10  
593         1 1 1 17   10  
594         1 1 1 18   10  
595         1 1 1 19   10  
596         1 1 1 20   10  
597         1 1 1 21   10  
598         1 1 1 22   10  
599         1 1 1 23   10  
600         1 1 1 24   10  
601         1 1 1 25   10  
602         1 1 1 26   10  
603         1 1 1 27   10  
604         1 1 1 28   10  
605         1 1 1 29   10  
606         1 1 1 30   10  
607         1 1 1 31   10  
608         1 1 1 32   10  
609         1 1 1 33   10  
610         1 1 1 34   10  
611         1 1 1 35   10  
612         1 1 1 36   10  
613         1 1 1 37   10  
614         1 1 1 38   10  
615         1 1 1 39   10  
616         1 1 1 40   10  
617         1 1 1 41   10  
618         1 1 1 42   10  
619         1 1 1 43   10  
620         1 1 1 44   10  
621         1 1 1 45   10  
622         1 1 1 46   10  
623         1 1 1 47   10  
624         1 1 1 48   10  
625         1 1 1 49   10  
626         1 1 1 50   10  
627         1 1 1 51   10  
628         1 1 1 52   10  
629         1 1 1 53   10  
630         1 1 1 54   10  
631         1 1 1 55   10  
632         1 1 1 56   10  
633         1 1 1 57   10  
634         1 1 1 58   10  
635         1 1 1 59   10  
636         1 1 1 60   10  
637         1 1 1 61   10  
638         1 1 1 62   10  
639         1 1 1 63   10  
640         1 1 1 64   10  
641         1 1 1 1    11  
642         1 1 1 2    11  
643         1 1 1 3    11  
644         1 1 1 4    11  
645         1 1 1 5    11  
646         1 1 1 6    11  
647         1 1 1 7    11  
648         1 1 1 8    11  
649         1 1 1 9    11  
650         1 1 1 10   11  
651         1 1 1 11   11  
652         1 1 1 12   11  
653         1 1 1 13   11  
654         1 1 1 14   11  
655         1 1 1 15   11  
656         1 1 1 16   11  
657         1 1 1 17   11  
658         1 1 1 18   11  
659         1 1 1 19   11  
660         1 1 1 20   11  
661         1 1 1 21   11  
662         1 1 1 22   11  
663         1 1 1 23   11  
664         1 1 1 24   11  
665         1 1 1 25   11  
666         1 1 1 26   11  
667         1 1 1 27   11  
668         1 1 1 28   11  
669         1 1 1 29   11  
670         1 1 1 30   11  
671         1 1 1 31   11  
672         1 1 1 32   11  
673         1 1 1 33   11  
674         1 1 1 34   11  
675         1 1 1 35   11  
676         1 1 1 36   11  
677         1 1 1 37   11  
678         1 1 1 38   11  
679         1 1 1 39   11  
680         1 1 1 40   11  
681         1 1 1 41   11  
682         1 1 1 42   11  
683         1 1 1 43   11  
684         1 1 1 44   11  
685         1 1 1 45   11  
686         1 1 1 46   11  
687         1 1 1 47   11  
688         1 1 1 48   11  
689         1 1 1 49   11  
690         1 1 1 50   11  
691         1 1 1 51   11  
692         1 1 1 52   11  
693         1 1 1 53   11  
694         1 1 1 54   11  
695         1 1 1 55   11  
696         1 1 1 56   11  
697         1 1 1 57   11  
698         1 1 1 58   11  
699         1 1 1 59   11  
700         1 1 1 60   11  
701         1 1 1 61   11  
702         1 1 1 62   11  
703         1 1 1 63   11  
704         1 1 1 64   11  
705         1 1 1 1    12  
706         1 1 1 2    12  
707         1 1 1 3    12  
708         1 1 1 4    12  
709         1 1 1 5    12  
710         1 1 1 6    12  
711         1 1 1 7    12  
712         1 1 1 8    12  
713         1 1 1 9    12  
714         1 1 1 10   12  
715         1 1 1 11   12  
716         1 1 1 12   12  
717         1 1 1 13   12  
718         1 1 1 14   12  
719         1 1 1 15   12  
720         1 1 1 16   12  
721         1 1 1 17   12  
722         1 1 1 18   12  
723         1 1 1 19   12  
724         1 1 1 20   12  
725         1 1 1 21   12  
726         1 1 1 22   12  
727         1 1 1 23   12  
728         1 1 1 24   12  
729         1 1 1 25   12  
730         1 1 1 26   12  
731         1 1 1 27   12  
732         1 1 1 28   12  
733         1 1 1 29   12  
734         1 1 1 30   12  
735         1 1 1 31   12  
736         1 1 1 32   12  
737         1 1 1 33   12  
738         1 1 1 34   12  
739         1 1 1 35   12  
740         1 1 1 36   12  
741         1 1 1 37   12  
742         1 1 1 38   12  
743         1 1 1 39   12  
744         1 1 1 40   12  
745         1 1 1 41   12  
746         1 1 1 42   12  
747         1 1 1 43   12  
748         1 1 1 44   12  
749         1 1 1 45   12  
750         1 1 1 46   12  
751         1 1 1 47   12  
752         1 1 1 48   12  
753         1 1 1 49   12  
754         1 1 1 50   12  
755         1 1 1 51   12  
756         1 1 1 52   12  
757         1 1 1 53   12  
758         1 1 1 54   12  
759         1 1 1 55   12  
760         1 1 1 56   12  
761         1 1 1 57   12  
762         1 1 1 58   12  
763         1 1 1 59   12  
764         1 1 1 60   12  
765         1 1 1 61   12  
766         1 1 1 62   12  
767         1 1 1 63   12  
768         1 1 1 64   12  
769         1 1 1 1    13  
770         1 1 1 2    13  
771         1 1 1 3    13  
772         1 1 1 4    13  
773         1 1 1 5    13  
774         1 1 1 6    13  
775         1 1 1 7    13  
776         1 1 1 8    13  
777         1 1 1 9    13  
778         1 1 1 10   13  
779         1 1 1 11   13  
780         1 1 1 12   13  
781         1 1 1 13   13  
782         1 1 1 14   13  
783         1 1 1 15   13  
784         1 1 1 16   13  
785         1 1 1 17   13  
786         1 1 1 18   13  
787         1 1 1 19   13  
788         1 1 1 20   13  
789         1 1 1 21   13  
790         1 1 1 22   13  
791         1 1 1 23   13  
792         1 1 1 24   13  
793         1 1 1 25   13  
794         1 1 1 26   13  
795         1 1 1 27   13  
796         1 1 1 28   13  
797         1 1 1 29   13  
798         1 1 1 30   13  
799         1 1 1 31   13  
800         1 1 1 32   13  
801         1 1 1 33   13  
802         1 1 1 34   13  
803         1 1 1 35   13  
804         1 1 1 36   13  
805         1 1 1 37   13  
806         1 1 1 38   13  
807         1 1 1 39   13  
808         1 1 1 40   13  
809         1 1 1 41   13  
810         1 1 1 42   13  
811         1 1 1 43   13  
812         1 1 1 44   13  
813         1 1 1 45   13  
814         1 1 1 46   13  
815         1 1 1 47   13  
816         1 1 1 48   13  
817         1 1 1 49   13  
818         1 1 1 50   13  
819         1 1 1 51   13  
820         1 1 1 52   13  
821         1 1 1 53   13  
822         1 1 1 54   13  
823         1 1 1 55   13  
824         1 1 1 56   13  
825         1 1 1 57   13  
826         1 1 1 58   13  
827         1 1 1 59   13  
828         1 1 1 60   13  
829         1 1 1 61   13  
830         1 1 1 62   13  
831         1 1 1 63   13  
832         1 1 1 64   13  
833         1 1 1 1    14  
834         1 1 1 2    14  
835         1 1 1 3    14  
836         1 1 1 4    14  
837         1 1 1 5    14  
838         1 1 1 6    14  
839         1 1 1 7    14  
840         1 1 1 8    14  
841         1 1 1 9    14  
842         1 1 1 10   14  
843         1 1 1 11   14  
844         1 1 1 12   14  
845         1 1 1 13   14  
846         1 1 1 14   14  
847         1 1 1 15   14  
848         1 1 1 16   14  
849         1 1 1 17   14  
850         1 1 1 18   14  
851         1 1 1 19   14  
852         1 1 1 20   14  
853         1 1 1 21   14  
854         1 1 1 22   14  
855         1 1 1 23   14  
856         1 1 1 24   14  
857         1 1 1 25   14  
858         1 1 1 26   14  
859         1 1 1 27   14  
860         1 1 1 28   14  
861         1 1 1 29   14  
862         1 1 1 30   14  
863         1 1 1 31   14  
864         1 1 1 32   14  
865         1 1 1 33   14  
866         1 1 1 34   14  
867         1 1 1 35   14  
868         1 1 1 36   14  
869         1 1 1 37   14  
870         1 1 1 38   14  
871         1 1 1 39   14  
872         1 1 1 40   14  
873         1 1 1 41   14  
874         1 1 1 42   14  
875         1 1 1 43   14  
876         1 1 1 44   14  
877         1 1 1 45   14  
878         1 1 1 46   14  
879         1 1 1 47   14  
880         1 1 1 48   14  
881         1 1 1 49   14  
882         1 1 1 50   14  
883         1 1 1 51   14  
884         1 1 1 52   14  
885         1 1 1 53   14  
886         1 1 1 54   14  
887         1 1 1 55   14  
888         1 1 1 56   14  
889         1 1 1 57   14  
890         1 1 1 58   14  
891         1 1 1 59   14  
892         1 1 1 60   14  
893         1 1 1 61   14  
894         1 1 1 62   14  
895         1 1 1 63   14  
896         1 1 1 64   14  
897         1 1 1 1    15  
898         1 1 1 2    15  
899         1 1 1 3    15  
900         1 1 1 4    15  
901         1 1 1 5    15  
902         1 1 1 6    15  
903         1 1 1 7    15  
904         1 1 1 8    15  
905         1 1 1 9    15  
906         1 1 1 10   15  
907         1 1 1 11   15  
908         1 1 1 12   15  
909         1 1 1 13   15  
910         1 1 1 14   15  
911         1 1 1 15   15  
912         1 1 1 16   15  
913         1 1 1 17   15  
914         1 1 1 18   15  
915         1 1 1 19   15  
916         1 1 1 20   15  
917         1 1 1 21   15  
918         1 1 1 22   15  
919         1 1 1 23   15  
920         1 1 1 24   15  
921         1 1 1 25   15  
922         1 1 1 26   15  
923         1 1 1 27   15  
924         1 1 1 28   15  
925         1 1 1 29   15  
926         1 1 1 30   15  
927         1 1 1 31   15  
928         1 1 1 32   15  
929         1 1 1 33   15  
930         1 1 1 34   15  
931         1 1 1 35   15  
932         1 1 1 36   15  
933         1 1 1 37   15  
934         1 1 1 38   15  
935         1 1 1 39   15  
936         1 1 1 40   15  
937         1 1 1 41   15  
938         1 1 1 42   15  
939         1 1 1 43   15  
940         1 1 1 44   15  
941         1 1 1 45   15  
942         1 1 1 46   15  
943         1 1 1 47   15  
944         1 1 1 48   15  
945         1 1 1 49   15  
946         1 1 1 50   15  
947         1 1 1 51   15  
948         1 1 1 52   15  
949         1 1 1 53   15  
950         1 1 1 54   15  
951         1 1 1 55   15  
952         1 1 1 56   15  
953         1 1 1 57   15  
954         1 1 1 58   15  
955         1 1 1 59   15  
956         1 1 1 60   15  
957         1 1 1 61   15  
958         1 1 1 62   15  
959         1 1 1 63   15  
960         1 1 1 64   15  
961         1 1 1 1    16  
962         1 1 1 2    16  
963         1 1 1 3    16  
964         1 1 1 4    16  
965         1 1 1 5    16  
966         1 1 1 6    16  
967         1 1 1 7    16  
968         1 1 1 8    16  
969         1 1 1 9    16  
970         1 1 1 10   16  
971         1 1 1 11   16  
972         1 1 1 12   16  
973         1 1 1 13   16  
974         1 1 1 14   16  
975         1 1 1 15   16  
976         1 1 1 16   16  
977         1 1 1 17   16  
978         1 1 1 18   16  
979         1 1 1 19   16  
980         1 1 1 20   16  
981         1 1 1 21   16  
982         1 1 1 22   16  
983         1 1 1 23   16  
984         1 1 1 24   16  
985         1 1 1 25   16  
986         1 1 1 26   16  
987         1 1 1 27   16  
988         1 1 1 28   16  
989         1 1 1 29   16  
990         1 1 1 30   16  
991         1 1 1 31   16  
992         1 1 1 32   16  
993         1 1 1 33   16  
994         1 1 1 34   16  
995         1 1 1 35   16  
996         1 1 1 36   16  
997         1 1 1 37   16  
998         1 1 1 38   16  
999         1 1 1 39   16  
1000        1 1 1 40   16  
1001        1 1 1 41   16  
1002        1 1 1 42   16  
1003        1 1 1 43   16  
1004        1 1 1 44   16  
1005        1 1 1 45   16  
1006        1 1 1 46   16  
1007        1 1 1 47   16  
1008        1 1 1 48   16  
1009        1 1 1 49   16  
1010        1 1 1 50   16  
1011        1 1 1 51   16  
1012        1 1 1 52   16  
1013        1 1 1 53   16  
1014        1 1 1 54   16  
1015        1 1 1 55   16  
1016        1 1 1 56   16  
1017        1 1 1 57   16  
1018        1 1 1 58   16  
1019        1 1 1 59   16  
1020        1 1 1 60   16  
1021        1 1 1 61   16  
1022        1 1 1 62   16  
1023        1 1 1 63   16  
1024        1 1 1 64   16  
1025        1 1 1 1    17  
1026        1 1 1 2    17  
1027        1 1 1 3    17  
1028        1 1 1 4    17  
1029        1 1 1 5    17  
1030        1 1 1 6    17  
1031        1 1 1 7    17  
1032        1 1 1 8    17  
1033        1 1 1 9    17  
1034        1 1 1 10   17  
1035        1 1 1 11   17  
1036        1 1 1 12   17  
1037        1 1 1 13   17  
1038        1 1 1 14   17  
1039        1 1 1 15   17  
1040        1 1 1 16   17  
1041        1 1 1 17   17  
1042        1 1 1 18   17  
1043        1 1 1 19   17  
1044        1 1 1 20   17  
1045        1 1 1 21   17  
1046        1 1 1 22   17  
1047        1 1 1 23   17  
1048        1 1 1 24   17  
1049        1 1 1 25   17  
1050        1 1 1 26   17  
1051        1 1 1 27   17  
1052        1 1 1 28   17  
1053        1 1 1 29   17  
1054        1 1 1 30   17  
1055        1 1 1 31   17  
1056        1 1 1 32   17  
1057        1 1 1 33   17  
1058        1 1 1 34   17  
1059        1 1 1 35   17  
1060        1 1 1 36   17  
1061        1 1 1 37   17  
1062        1 1 1 38   17  
1063        1 1 1 39   17  
1064        1 1 1 40   17  
1065        1 1 1 41   17  
1066        1 1 1 42   17  
1067        1 1 1 43   17  
1068        1 1 1 44   17  
1069        1 1 1 45   17  
1070        1 1 1 46   17  
1071        1 1 1 47   17  
1072        1 1 1 48   17  
1073        1 1 1 49   17  
1074        1 1 1 50   17  
1075        1 1 1 51   17  
1076        1 1 1 52   17  
1077        1 1 1 53   17  
1078        1 1 1 54   17  
1079        1 1 1 55   17  
1080        1 1 1 56   17  
1081        1 1 1 57   17  
1082        1 1 1 58   17  
1083        1 1 1 59   17  
1084        1 1 1 60   17  
1085        1 1 1 61   17  
1086        1 1 1 62   17  
1087        1 1 1 63   17  
1088        1 1 1 64   17  
1089        1 1 1 1    18  
1090        1 1 1 2    18  
1091        1 1 1 3    18  
1092        1 1 1 4    18  
1093        1 1 1 5    18  
1094        1 1 1 6    18  
1095        1 1 1 7    18  
1096        1 1 1 8    18  
1097        1 1 1 9    18  
1098        1 1 1 10   18  
1099        1 1 1 11   18  
1100        1 1 1 12   18  
1101        1 1 1 13   18  
1102        1 1 1 14   18  
1103        1 1 1 15   18  
1104        1 1 1 16   18  
1105        1 1 1 17   18  
1106        1 1 1 18   18  
1107        1 1 1 19   18  
1108        1 1 1 20   18  
1109        1 1 1 21   18  
1110        1 1 1 22   18  
1111        1 1 1 23   18  
1112        1 1 1 24   18  
1113        1 1 1 25   18  
1114        1 1 1 26   18  
1115        1 1 1 27   18  
1116        1 1 1 28   18  
1117        1 1 1 29   18  
1118        1 1 1 30   18  
1119        1 1 1 31   18  
1120        1 1 1 32   18  
1121        1 1 1 33   18  
1122        1 1 1 34   18  
1123        1 1 1 35   18  
1124        1 1 1 36   18  
1125        1 1 1 37   18  
1126        1 1 1 38   18  
1127        1 1 1 39   18  
1128        1 1 1 40   18  
1129        1 1 1 41   18  
1130        1 1 1 42   18  
1131        1 1 1 43   18  
1132        1 1 1 44   18  
1133        1 1 1 45   18  
1134        1 1 1 46   18  
1135        1 1 1 47   18  
1136        1 1 1 48   18  
1137        1 1 1 49   18  
1138        1 1 1 50   18  
1139        1 1 1 51   18  
1140        1 1 1 52   18  
1141        1 1 1 53   18  
1142        1 1 1 54   18  
1143        1 1 1 55   18  
1144        1 1 1 56   18  
1145        1 1 1 57   18  
1146        1 1 1 58   18  
1147        1 1 1 59   18  
1148        1 1 1 60   18  
1149        1 1 1 61   18  
1150        1 1 1 62   18  
1151        1 1 1 63   18  
1152        1 1 1 64   18  
1153        1 1 1 1    19  
1154        1 1 1 2    19  
1155        1 1 1 3    19  
1156        1 1 1 4    19  
1157        1 1 1 5    19  
1158        1 1 1 6    19  
1159        1 1 1 7    19  
1160        1 1 1 8    19  
1161        1 1 1 9    19  
1162        1 1 1 10   19  
1163        1 1 1 11   19  
1164        1 1 1 12   19  
1165        1 1 1 13   19  
1166        1 1 1 14   19  
1167        1 1 1 15   19  
1168        1 1 1 16   19  
1169        1 1 1 17   19  
1170        1 1 1 18   19  
1171        1 1 1 19   19  
1172        1 1 1 20   19  
1173        1 1 1 21   19  
1174        1 1 1 22   19  
1175        1 1 1 23   19  
1176        1 1 1 24   19  
1177        1 1 1 25   19  
1178        1 1 1 26   19  
1179        1 1 1 27   19  
1180        1 1 1 28   19  
1181        1 1 1 29   19  
1182        1 1 1 30   19  
1183        1 1 1 31   19  
1184        1 1 1 32   19  
1185        1 1 1 33   19  
1186        1 1 1 34   19  
1187        1 1 1 35   19  
1188        1 1 1 36   19  
1189        1 1 1 37   19  
1190        1 1 1 38   19  
1191        1 1 1 39   19  
1192        1 1 1 40   19  
1193        1 1 1 41   19  
1194        1 1 1 42   19  
1195        1 1 1 43   19  
1196        1 1 1 44   19  
1197        1 1 1 45   19  
1198        1 1 1 46   19  
1199        1 1 1 47   19  
1200        1 1 1 48   19  
1201        1 1 1 49   19  
1202        1 1 1 50   19  
1203        1 1 1 51   19  
1204        1 1 1 52   19  
1205        1 1 1 53   19  
1206        1 1 1 54   19  
1207        1 1 1 55   19  
1208        1 1 1 56   19  
1209        1 1 1 57   19  
1210        1 1 1 58   19  
1211        1 1 1 59   19  
1212        1 1 1 60   19  
1213        1 1 1 61   19  
1214        1 1 1 62   19  
1215        1 1 1 63   19  
1216        1 1 1 64   19  
1217        1 1 1 1    20  
1218        1 1 1 2    20  
1219        1 1 1 3    20  
1220        1 1 1 4    20  
1221        1 1 1 5    20  
1222        1 1 1 6    20  
1223        1 1 1 7    20  
1224        1 1 1 8    20  
1225        1 1 1 9    20  
1226        1 1 1 10   20  
1227        1 1 1 11   20  
1228        1 1 1 12   20  
1229        1 1 1 13   20  
1230        1 1 1 14   20  
1231        1 1 1 15   20  
1232        1 1 1 16   20  
1233        1 1 1 17   20  
1234        1 1 1 18   20  
1235        1 1 1 19   20  
1236        1 1 1 20   20  
1237        1 1 1 21   20  
1238        1 1 1 22   20  
1239        1 1 1 23   20  
1240        1 1 1 24   20  
1241        1 1 1 25   20  
1242        1 1 1 26   20  
1243        1 1 1 27   20  
1244        1 1 1 28   20  
1245        1 1 1 29   20  
1246        1 1 1 30   20  
1247        1 1 1 31   20  
1248        1 1 1 32   20  
1249        1 1 1 33   20  
1250        1 1 1 34   20  
1251        1 1 1 35   20  
1252        1 1 1 36   20  
1253        1 1 1 37   20  
1254        1 1 1 38   20  
1255        1 1 1 39   20  
1256        1 1 1 40   20  
1257        1 1 1 41   20  
1258        1 1 1 42   20  
1259        1 1 1 43   20  
1260        1 1 1 44   20  
1261        1 1 1 45   20  
1262        1 1 1 46   20  
1263        1 1 1 47   20  
1264        1 1 1 48   20  
1265        1 1 1 49   20  
1266        1 1 1 50   20  
1267        1 1 1 51   20  
1268        1 1 1 52   20  
1269        1 1 1 53   20  
1270        1 1 1 54   20  
1271        1 1 1 55   20  
1272        1 1 1 56   20  
1273        1 1 1 57   20  
1274        1 1 1 58   20  
1275        1 1 1 59   20  
1276        1 1 1 60   20  
1277        1 1 1 61   20  
1278        1 1 1 62   20  
1279        1 1 1 63   20  
1280        1 1 1 64   20  
1281        1 1 1 1    21  
1282        1 1 1 2    21  
1283        1 1 1 3    21  
1284        1 1 1 4    21  
1285        1 1 1 5    21  
1286        1 1 1 6    21  
1287        1 1 1 7    21  
1288        1 1 1 8    21  
1289        1 1 1 9    21  
1290        1 1 1 10   21  
1291        1 1 1 11   21  
1292        1 1 1 12   21  
1293        1 1 1 13   21  
1294        1 1 1 14   21  
1295        1 1 1 15   21  
1296        1 1 1 16   21  
1297        1 1 1 17   21  
1298        1 1 1 18   21  
1299        1 1 1 19   21  
1300        1 1 1 20   21  
1301        1 1 1 21   21  
1302        1 1 1 22   21  
1303        1 1 1 23   21  
1304        1 1 1 24   21  
1305        1 1 1 25   21  
1306        1 1 1 26   21  
1307        1 1 1 27   21  
1308        1 1 1 28   21  
1309        1 1 1 29   21  
1310        1 1 1 30   21  
1311        1 1 1 31   21  
1312        1 1 1 32   21  
1313        1 1 1 33   21  
1314        1 1 1 34   21  
1315        1 1 1 35   21  
1316        1 1 1 36   21  
1317        1 1 1 37   21  
1318        1 1 1 38   21  
1319        1 1 1 39   21  
1320        1 1 1 40   21  
1321        1 1 1 41   21  
1322        1 1 1 42   21  
1323        1 1 1 43   21  
1324        1 1 1 44   21  
1325        1 1 1 45   21  
1326        1 1 1 46   21  
1327        1 1 1 47   21  
1328        1 1 1 48   21  
1329        1 1 1 49   21  
1330        1 1 1 50   21  
1331        1 1 1 51   21  
1332        1 1 1 52   21  
1333        1 1 1 53   21  
1334        1 1 1 54   21  
1335        1 1 1 55   21  
1336        1 1 1 56   21  
1337        1 1 1 57   21  
1338        1 1 1 58   21  
1339        1 1 1 59   21  
1340        1 1 1 60   21  
1341        1 1 1 61   21  
1342        1 1 1 62   21  
1343        1 1 1 63   21  
1344        1 1 1 64   21  
1345        1 1 1 1    22  
1346        1 1 1 2    22  
1347        1 1 1 3    22  
1348        1 1 1 4    22  
1349        1 1 1 5    22  
1350        1 1 1 6    22  
1351        1 1 1 7    22  
1352        1 1 1 8    22  
1353        1 1 1 9    22  
1354        1 1 1 10   22  
1355        1 1 1 11   22  
1356        1 1 1 12   22  
1357        1 1 1 13   22  
1358        1 1 1 14   22  
1359        1 1 1 15   22  
1360        1 1 1 16   22  
1361        1 1 1 17   22  
1362        1 1 1 18   22  
1363        1 1 1 19   22  
1364        1 1 1 20   22  
1365        1 1 1 21   22  
1366        1 1 1 22   22  
1367        1 1 1 23   22  
1368        1 1 1 24   22  
1369        1 1 1 25   22  
1370        1 1 1 26   22  
1371        1 1 1 27   22  
1372        1 1 1 28   22  
1373        1 1 1 29   22  
1374        1 1 1 30   22  
1375        1 1 1 31   22  
1376        1 1 1 32   22  
1377        1 1 1 33   22  
1378        1 1 1 34   22  
1379        1 1 1 35   22  
1380        1 1 1 36   22  
1381        1 1 1 37   22  
1382        1 1 1 38   22  
1383        1 1 1 39   22  
1384        1 1 1 40   22  
1385        1 1 1 41   22  
1386        1 1 1 42   22  
1387        1 1 1 43   22  
1388        1 1 1 44   22  
1389        1 1 1 45   22  
1390        1 1 1 46   22  
1391        1 1 1 47   22  
1392        1 1 1 48   22  
1393        1 1 1 49   22  
1394        1 1 1 50   22  
1395        1 1 1 51   22  
1396        1 1 1 52   22  
1397        1 1 1 53   22  
1398        1 1 1 54   22  
1399        1 1 1 55   22  
1400        1 1 1 56   22  
1401        1 1 1 57   22  
1402        1 1 1 58   22  
1403        1 1 1 59   22  
1404        1 1 1 60   22  
1405        1 1 1 61   22  
1406        1 1 1 62   22  
1407        1 1 1 63   22  
1408        1 1 1 64   22  
1409        1 1 1 1    23  
1410        1 1 1 2    23  
1411        1 1 1 3    23  
1412        1 1 1 4    23  
1413        1 1 1 5    23  
1414        1 1 1 6    23  
1415        1 1 1 7    23  
1416        1 1 1 8    23  
1417        1 1 1 9    23  
1418        1 1 1 10   23  
1419        1 1 1 11   23  
1420        1 1 1 12   23  
1421        1 1 1 13   23  
1422        1 1 1 14   23  
1423        1 1 1 15   23  
1424        1 1 1 16   23  
1425        1 1 1 17   23  
1426        1 1 1 18   23  
1427        1 1 1 19   23  
1428        1 1 1 20   23  
1429        1 1 1 21   23  
1430        1 1 1 22   23  
1431        1 1 1 23   23  
1432        1 1 1 24   23  
1433        1 1 1 25   23  
1434        1 1 1 26   23  
1435        1 1 1 27   23  
1436        1 1 1 28   23  
1437        1 1 1 29   23  
1438        1 1 1 30   23  
1439        1 1 1 31   23  
1440        1 1 1 32   23  
1441        1 1 1 33   23  
1442        1 1 1 34   23  
1443        1 1 1 35   23  
1444        1 1 1 36   23  
1445        1 1 1 37   23  
1446        1 1 1 38   23  
1447        1 1 1 39   23  
1448        1 1 1 40   23  
1449        1 1 1 41   23  
1450        1 1 1 42   23  
1451        1 1 1 43   23  
1452        1 1 1 44   23  
1453        1 1 1 45   23  
1454        1 1 1 46   23  
1455        1 1 1 47   23  
1456        1 1 1 48   23  
1457        1 1 1 49   23  
1458        1 1 1 50   23  
1459        1 1 1 51   23  
1460        1 1 1 52   23  
1461        1 1 1 53   23  
1462        1 1 1 54   23  
1463        1 1 1 55   23  
1464        1 1 1 56   23  
1465        1 1 1 57   23  
1466        1 1 1 58   23  
1467        1 1 1 59   23  
1468        1 1 1 60   23  
1469        1 1 1 61   23  
1470        1 1 1 62   23  
1471        1 1 1 63   23  
1472        1 1 1 64   23  
1473        1 1 1 1    24  
1474        1 1 1 2    24  
1475        1 1 1 3    24  
1476        1 1 1 4    24  
1477        1 1 1 5    24  
1478        1 1 1 6    24  
1479        1 1 1 7    24  
1480        1 1 1 8    24  
1481        1 1 1 9    24  
1482        1 1 1 10   24  
1483        1 1 1 11   24  
1484        1 1 1 12   24  
1485        1 1 1 13   24  
1486        1 1 1 14   24  
1487        1 1 1 15   24  
1488        1 1 1 16   24  
1489        1 1 1 17   24  
1490        1 1 1 18   24  
1491        1 1 1 19   24  
1492        1 1 1 20   24  
1493        1 1 1 21   24  
1494        1 1 1 22   24  
1495        1 1 1 23   24  
1496        1 1 1 24   24  
1497        1 1 1 25   24  
1498        1 1 1 26   24  
1499        1 1 1 27   24  
1500        1 1 1 28   24  
1501        1 1 1 29   24  
1502        1 1 1 30   24  
1503        1 1 1 31   24  
1504        1 1 1 32   24  
1505        1 1 1 33   24  
1506        1 1 1 34   24  
1507        1 1 1 35   24  
1508        1 1 1 36   24  
1509        1 1 1 37   24  
1510        1 1 1 38   24  
1511        1 1 1 39   24  
1512        1 1 1 40   24  
1513        1 1 1 41   24  
1514        1 1 1 42   24  
1515        1 1 1 43   24  
1516        1 1 1 44   24  
1517        1 1 1 45   24  
1518        1 1 1 46   24  
1519        1 1 1 47   24  
1520        1 1 1 48   24  
1521        1 1 1 49   24  
1522        1 1 1 50   24  
1523        1 1 1 51   24  
1524        1 1 1 52   24  
1525        1 1 1 53   24  
1526        1 1 1 54   24  
1527        1 1 1 55   24  
1528        1 1 1 56   24  
1529        1 1 1 57   24  
1530        1 1 1 58   24  
1531        1 1 1 59   24  
1532        1 1 1 60   24  
1533        1 1 1 61   24  
1534        1 1 1 62   24  
1535        1 1 1 63   24  
1536        1 1 1 64   24  
1537        1 1 1 1    25  
1538        1 1 1 2    25  
1539        1 1 1 3    25  
1540        1 1 1 4    25  
1541        1 1 1 5    25  
1542        1 1 1 6    25  
1543        1 1 1 7    25  
1544        1 1 1 8    25  
1545        1 1 1 9    25  
1546        1 1 1 10   25  
1547        1 1 1 11   25  
1548        1 1 1 12   25  
1549        1 1 1 13   25  
1550        1 1 1 14   25  
1551        1 1 1 15   25  
1552        1 1 1 16   25  
1553        1 1 1 17   25  
1554        1 1 1 18   25  
1555        1 1 1 19   25  
1556        1 1 1 20   25  
1557        1 1 1 21   25  
1558        1 1 1 22   25  
1559        1 1 1 23   25  
1560        1 1 1 24   25  
1561        1 1 1 25   25  
1562        1 1 1 26   25  
1563        1 1 1 27   25  
1564        1 1 1 28   25  
1565        1 1 1 29   25  
1566        1 1 1 30   25  
1567        1 1 1 31   25  
1568        1 1 1 32   25  
1569        1 1 1 33   25  
1570        1 1 1 34   25  
1571        1 1 1 35   25  
1572        1 1 1 36   25  
1573        1 1 1 37   25  
1574        1 1 1 38   25  
1575        1 1 1 39   25  
1576        1 1 1 40   25  
1577        1 1 1 41   25  
1578        1 1 1 42   25  
1579        1 1 1 43   25  
1580        1 1 1 44   25  
1581        1 1 1 45   25  
1582        1 1 1 46   25  
1583        1 1 1 47   25  
1584        1 1 1 48   25  
1585        1 1 1 49   25  
1586        1 1 1 50   25  
1587        1 1 1 51   25  
1588        1 1 1 52   25  
1589        1 1 1 53   25  
1590        1 1 1 54   25  
1591        1 1 1 55   25  
1592        1 1 1 56   25  
1593        1 1 1 57   25  
1594        1 1 1 58   25  
1595        1 1 1 59   25  
1596        1 1 1 60   25  
1597        1 1 1 61   25  
1598        1 1 1 62   25  
1599        1 1 1 63   25  
1600        1 1 1 64   25  
1601        1 1 1 1    26  
1602        1 1 1 2    26  
1603        1 1 1 3    26  
1604        1 1 1 4    26  
1605        1 1 1 5    26  
1606        1 1 1 6    26  
1607        1 1 1 7    26  
1608        1 1 1 8    26  
1609        1 1 1 9    26  
1610        1 1 1 10   26  
1611        1 1 1 11   26  
1612        1 1 1 12   26  
1613        1 1 1 13   26  
1614        1 1 1 14   26  
1615        1 1 1 15   26  
1616        1 1 1 16   26  
1617        1 1 1 17   26  
1618        1 1 1 18   26  
1619        1 1 1 19   26  
1620        1 1 1 20   26  
1621        1 1 1 21   26  
1622        1 1 1 22   26  
1623        1 1 1 23   26  
1624        1 1 1 24   26  
1625        1 1 1 25   26  
1626        1 1 1 26   26  
1627        1 1 1 27   26  
1628        1 1 1 28   26  
1629        1 1 1 29   26  
1630        1 1 1 30   26  
1631        1 1 1 31   26  
1632        1 1 1 32   26  
1633        1 1 1 33   26  
1634        1 1 1 34   26  
1635        1 1 1 35   26  
1636        1 1 1 36   26  
1637        1 1 1 37   26  
1638        1 1 1 38   26  
1639        1 1 1 39   26  
1640        1 1 1 40   26  
1641        1 1 1 41   26  
1642        1 1 1 42   26  
1643        1 1 1 43   26  
1644        1 1 1 44   26  
1645        1 1 1 45   26  
1646        1 1 1 46   26  
1647        1 1 1 47   26  
1648        1 1 1 48   26  
1649        1 1 1 49   26  
1650        1 1 1 50   26  
1651        1 1 1 51   26  
1652        1 1 1 52   26  
1653        1 1 1 53   26  
1654        1 1 1 54   26  
1655        1 1 1 55   26  
1656        1 1 1 56   26  
1657        1 1 1 57   26  
1658        1 1 1 58   26  
1659        1 1 1 59   26  
1660        1 1 1 60   26  
1661        1 1 1 61   26  
1662        1 1 1 62   26  
1663        1 1 1 63   26  
1664        1 1 1 64   26  
1665        1 1 1 1    27  
1666        1 1 1 2    27  
1667        1 1 1 3    27  
1668        1 1 1 4    27  
1669        1 1 1 5    27  
1670        1 1 1 6    27  
1671        1 1 1 7    27  
1672        1 1 1 8    27  
1673        1 1 1 9    27  
1674        1 1 1 10   27  
1675        1 1 1 11   27  
1676        1 1 1 12   27  
1677        1 1 1 13   27  
1678        1 1 1 14   27  
1679        1 1 1 15   27  
1680        1 1 1 16   27  
1681        1 1 1 17   27  
1682        1 1 1 18   27  
1683        1 1 1 19   27  
1684        1 1 1 20   27  
1685        1 1 1 21   27  
1686        1 1 1 22   27  
1687        1 1 1 23   27  
1688        1 1 1 24   27  
1689        1 1 1 25   27  
1690        1 1 1 26   27  
1691        1 1 1 27   27  
1692        1 1 1 28   27  
1693        1 1 1 29   27  
1694        1 1 1 30   27  
1695        1 1 1 31   27  
1696        1 1 1 32   27  
1697        1 1 1 33   27  
1698        1 1 1 34   27  
1699        1 1 1 35   27  
1700        1 1 1 36   27  
1701        1 1 1 37   27  
1702        1 1 1 38   27  
1703        1 1 1 39   27  
1704        1 1 1 40   27  
1705        1 1 1 41   27  
1706        1 1 1 42   27  
1707        1 1 1 43   27  
1708        1 1 1 44   27  
1709        1 1 1 45   27  
1710        1 1 1 46   27  
1711        1 1 1 47   27  
1712        1 1 1 48   27  
1713        1 1 1 49   27  
1714        1 1 1 50   27  
1715        1 1 1 51   27  
1716        1 1 1 52   27  
1717        1 1 1 53   27  
1718        1 1 1 54   27  
1719        1 1 1 55   27  
1720        1 1 1 56   27  
1721        1 1 1 57   27  
1722        1 1 1 58   27  
1723        1 1 1 59   27  
1724        1 1 1 60   27  
1725        1 1 1 61   27  
1726        1 1 1 62   27  
1727        1 1 1 63   27  
1728        1 1 1 64   27  
1729        1 1 1 1    28  
1730        1 1 1 2    28  
1731        1 1 1 3    28  
1732        1 1 1 4    28  
1733        1 1 1 5    28  
1734        1 1 1 6    28  
1735        1 1 1 7    28  
1736        1 1 1 8    28  
1737        1 1 1 9    28  
1738        1 1 1 10   28  
1739        1 1 1 11   28  
1740        1 1 1 12   28  
1741        1 1 1 13   28  
1742        1 1 1 14   28  
1743        1 1 1 15   28  
1744        1 1 1 16   28  
1745        1 1 1 17   28  
1746        1 1 1 18   28  
1747        1 1 1 19   28  
1748        1 1 1 20   28  
1749        1 1 1 21   28  
1750        1 1 1 22   28  
1751        1 1 1 23   28  
1752        1 1 1 24   28  
1753        1 1 1 25   28  
1754        1 1 1 26   28  
1755        1 1 1 27   28  
1756        1 1 1 28   28  
1757        1 1 1 29   28  
1758        1 1 1 30   28  
1759        1 1 1 31   28  
1760        1 1 1 32   28  
1761        1 1 1 33   28  
1762        1 1 1 34   28  
1763        1 1 1 35   28  
1764        1 1 1 36   28  
1765        1 1 1 37   28  
1766        1 1 1 38   28  
1767        1 1 1 39   28  
1768        1 1 1 40   28  
1769        1 1 1 41   28  
1770        1 1 1 42   28  
1771        1 1 1 43   28  
1772        1 1 1 44   28  
1773        1 1 1 45   28  
1774        1 1 1 46   28  
1775        1 1 1 47   28  
1776        1 1 1 48   28  
1777        1 1 1 49   28  
1778        1 1 1 50   28  
1779        1 1 1 51   28  
1780        1 1 1 52   28  
1781        1 1 1 53   28  
1782        1 1 1 54   28  
1783        1 1 1 55   28  
1784        1 1 1 56   28  
1785        1 1 1 57   28  
1786        1 1 1 58   28  
1787        1 1 1 59   28  
1788        1 1 1 60   28  
1789        1 1 1 61   28  
1790        1 1 1 62   28  
1791        1 1 1 63   28  
1792        1 1 1 64   28  
1793        1 1 1 1    29  
1794        1 1 1 2    29  
1795        1 1 1 3    29  
1796        1 1 1 4    29  
1797        1 1 1 5    29  
1798        1 1 1 6    29  
1799        1 1 1 7    29  
1800        1 1 1 8    29  
1801        1 1 1 9    29  
1802        1 1 1 10   29  
1803        1 1 1 11   29  
1804        1 1 1 12   29  
1805        1 1 1 13   29  
1806        1 1 1 14   29  
1807        1 1 1 15   29  
1808        1 1 1 16   29  
1809        1 1 1 17   29  
1810        1 1 1 18   29  
1811        1 1 1 19   29  
1812        1 1 1 20   29  
1813        1 1 1 21   29  
1814        1 1 1 22   29  
1815        1 1 1 23   29  
1816        1 1 1 24   29  
1817        1 1 1 25   29  
1818        1 1 1 26   29  
1819        1 1 1 27   29  
1820        1 1 1 28   29  
1821        1 1 1 29   29  
1822        1 1 1 30   29  
1823        1 1 1 31   29  
1824        1 1 1 32   29  
1825        1 1 1 33   29  
1826        1 1 1 34   29  
1827        1 1 1 35   29  
1828        1 1 1 36   29  
1829        1 1 1 37   29  
1830        1 1 1 38   29  
1831        1 1 1 39   29  
1832        1 1 1 40   29  
1833        1 1 1 41   29  
1834        1 1 1 42   29  
1835        1 1 1 43   29  
1836        1 1 1 44   29  
1837        1 1 1 45   29  
1838        1 1 1 46   29  
1839        1 1 1 47   29  
1840        1 1 1 48   29  
1841        1 1 1 49   29  
1842        1 1 1 50   29  
1843        1 1 1 51   29  
1844        1 1 1 52   29  
1845        1 1 1 53   29  
1846        1 1 1 54   29  
1847        1 1 1 55   29  
1848        1 1 1 56   29  
1849        1 1 1 57   29  
1850        1 1 1 58   29  
1851        1 1 1 59   29  
1852        1 1 1 60   29  
1853        1 1 1 61   29  
1854        1 1 1 62   29  
1855        1 1 1 63   29  
1856        1 1 1 64   29  
1857        1 1 1 1    30  
1858        1 1 1 2    30  
1859        1 1 1 3    30  
1860        1 1 1 4    30  
1861        1 1 1 5    30  
1862        1 1 1 6    30  
1863        1 1 1 7    30  
1864        1 1 1 8    30  
1865        1 1 1 9    30  
1866        1 1 1 10   30  
1867        1 1 1 11   30  
1868        1 1 1 12   30  
1869        1 1 1 13   30  
1870        1 1 1 14   30  
1871        1 1 1 15   30  
1872        1 1 1 16   30  
1873        1 1 1 17   30  
1874        1 1 1 18   30  
1875        1 1 1 19   30  
1876        1 1 1 20   30  
1877        1 1 1 21   30  
1878        1 1 1 22   30  
1879        1 1 1 23   30  
1880        1 1 1 24   30  
1881        1 1 1 25   30  
1882        1 1 1 26   30  
1883        1 1 1 27   30  
1884        1 1 1 28   30  
1885        1 1 1 29   30  
1886        1 1 1 30   30  
1887        1 1 1 31   30  
1888        1 1 1 32   30  
1889        1 1 1 33   30  
1890        1 1 1 34   30  
1891        1 1 1 35   30  
1892        1 1 1 36   30  
1893        1 1 1 37   30  
1894        1 1 1 38   30  
1895        1 1 1 39   30  
1896        1 1 1 40   30  
1897        1 1 1 41   30  
1898        1 1 1 42   30  
1899        1 1 1 43   30  
1900        1 1 1 44   30  
1901        1 1 1 45   30  
1902        1 1 1 46   30  
1903        1 1 1 47   30  
1904        1 1 1 48   30  
1905        1 1 1 49   30  
1906        1 1 1 50   30  
1907        1 1 1 51   30  
1908        1 1 1 52   30  
1909        1 1 1 53   30  
1910        1 1 1 54   30  
1911        1 1 1 55   30  
1912        1 1 1 56   30  
1913        1 1 1 57   30  
1914        1 1 1 58   30  
1915        1 1 1 59   30  
1916        1 1 1 60   30  
1917        1 1 1 61   30  
1918        1 1 1 62   30  
1919        1 1 1 63   30  
1920        1 1 1 64   30  
1921        1 1 1 1    31  
1922        1 1 1 2    31  
1923        1 1 1 3    31  
1924        1 1 1 4    31  
1925        1 1 1 5    31  
1926        1 1 1 6    31  
1927        1 1 1 7    31  
1928        1 1 1 8    31  
1929        1 1 1 9    31  
1930        1 1 1 10   31  
1931        1 1 1 11   31  
1932        1 1 1 12   31  
1933        1 1 1 13   31  
1934        1 1 1 14   31  
1935        1 1 1 15   31  
1936        1 1 1 16   31  
1937        1 1 1 17   31  
1938        1 1 1 18   31  
1939        1 1 1 19   31  
1940        1 1 1 20   31  
1941        1 1 1 21   31  
1942        1 1 1 22   31  
1943        1 1 1 23   31  
1944        1 1 1 24   31  
1945        1 1 1 25   31  
1946        1 1 1 26   31  
1947        1 1 1 27   31  
1948        1 1 1 28   31  
1949        1 1 1 29   31  
1950        1 1 1 30   31  
1951        1 1 1 31   31  
1952        1 1 1 32   31  
1953        1 1 1 33   31  
1954        1 1 1 34   31  
1955        1 1 1 35   31  
1956        1 1 1 36   31  
1957        1 1 1 37   31  
1958        1 1 1 38   31  
1959        1 1 1 39   31  
1960        1 1 1 40   31  
1961        1 1 1 41   31  
1962        1 1 1 42   31  
1963        1 1 1 43   31  
1964        1 1 1 44   31  
1965        1 1 1 45   31  
1966        1 1 1 46   31  
1967        1 1 1 47   31  
1968        1 1 1 48   31  
1969        1 1 1 49   31  
1970        1 1 1 50   31  
1971        1 1 1 51   31  
1972        1 1 1 52   31  
1973        1 1 1 53   31  
1974        1 1 1 54   31  
1975        1 1 1 55   31  
1976        1 1 1 56   31  
1977        1 1 1 57   31  
1978        1 1 1 58   31  
1979        1 1 1 59   31  
1980        1 1 1 60   31  
1981        1 1 1 61   31  
1982        1 1 1 62   31  
1983        1 1 1 63   31  
1984        1 1 1 64   31  
1985        1 1 1 1    32  
1986        1 1 1 2    32  
1987        1 1 1 3    32  
1988        1 1 1 4    32  
1989        1 1 1 5    32  
1990        1 1 1 6    32  
1991        1 1 1 7    32  
1992        1 1 1 8    32  
1993        1 1 1 9    32  
1994        1 1 1 10   32  
1995        1 1 1 11   32  
1996        1 1 1 12   32  
1997        1 1 1 13   32  
1998        1 1 1 14   32  
1999        1 1 1 15   32  
2000        1 1 1 16   32  
2001        1 1 1 17   32  
2002        1 1 1 18   32  
2003        1 1 1 19   32  
2004        1 1 1 20   32  
2005        1 1 1 21   32  
2006        1 1 1 22   32  
2007        1 1 1 23   32  
2008        1 1 1 24   32  
2009        1 1 1 25   32  
2010        1 1 1 26   32  
2011        1 1 1 27   32  
2012        1 1 1 28   32  
2013        1 1 1 29   32  
2014        1 1 1 30   32  
2015        1 1 1 31   32  
2016        1 1 1 32   32  
2017        1 1 1 33   32  
2018        1 1 1 34   32  
2019        1 1 1 35   32  
2020        1 1 1 36   32  
2021        1 1 1 37   32  
2022        1 1 1 38   32  
2023        1 1 1 39   32  
2024        1 1 1 40   32  
2025        1 1 1 41   32  
2026        1 1 1 42   32  
2027        1 1 1 43   32  
2028        1 1 1 44   32  
2029        1 1 1 45   32  
2030        1 1 1 46   32  
2031        1 1 1 47   32  
2032        1 1 1 48   32  
2033        1 1 1 49   32  
2034        1 1 1 50   32  
2035        1 1 1 51   32  
2036        1 1 1 52   32  
2037        1 1 1 53   32  
2038        1 1 1 54   32  
2039        1 1 1 55   32  
2040        1 1 1 56   32  
2041        1 1 1 57   32  
2042        1 1 1 58   32  
2043        1 1 1 59   32  
2044        1 1 1 60   32  
2045        1 1 1 61   32  
2046        1 1 1 62   32  
2047        1 1 1 63   32  
2048        1 1 1 64   32  
2049        1 1 1 1    33  
2050        1 1 1 2    33  
2051        1 1 1 3    33  
2052        1 1 1 4    33  
2053        1 1 1 5    33  
2054        1 1 1 6    33  
2055        1 1 1 7    33  
2056        1 1 1 8    33  
2057        1 1 1 9    33  
2058        1 1 1 10   33  
2059        1 1 1 11   33  
2060        1 1 1 12   33  
2061        1 1 1 13   33  
2062        1 1 1 14   33  
2063        1 1 1 15   33  
2064        1 1 1 16   33  
2065        1 1 1 17   33  
2066        1 1 1 18   33  
2067        1 1 1 19   33  
2068        1 1 1 20   33  
2069        1 1 1 21   33  
2070        1 1 1 22   33  
2071        1 1 1 23   33  
2072        1 1 1 24   33  
2073        1 1 1 25   33  
2074        1 1 1 26   33  
2075        1 1 1 27   33  
2076        1 1 1 28   33  
2077        1 1 1 29   33  
2078        1 1 1 30   33  
2079        1 1 1 31   33  
2080        1 1 1 32   33  
2081        1 1 1 33   33  
2082        1 1 1 34   33  
2083        1 1 1 35   33  
2084        1 1 1 36   33  
2085        1 1 1 37   33  
2086        1 1 1 38   33  
2087        1 1 1 39   33  
2088        1 1 1 40   33  
2089        1 1 1 41   33  
2090        1 1 1 42   33  
2091        1 1 1 43   33  
2092        1 1 1 44   33  
2093        1 1 1 45   33  
2094        1 1 1 46   33  
2095        1 1 1 47   33  
2096        1 1 1 48   33  
2097        1 1 1 49   33  
2098        1 1 1 50   33  
2099        1 1 1 51   33  
2100        1 1 1 52   33  
2101        1 1 1 53   33  
2102        1 1 1 54   33  
2103        1 1 1 55   33  
2104        1 1 1 56   33  
2105        1 1 1 57   33  
2106        1 1 1 58   33  
2107        1 1 1 59   33  
2108        1 1 1 60   33  
2109        1 1 1 61   33  
2110        1 1 1 62   33  
2111        1 1 1 63   33  
2112        1 1 1 64   33  
2113        1 1 1 1    34  
2114        1 1 1 2    34  
2115        1 1 1 3    34  
2116        1 1 1 4    34  
2117        1 1 1 5    34  
2118        1 1 1 6    34  
2119        1 1 1 7    34  
2120        1 1 1 8    34  
2121        1 1 1 9    34  
2122        1 1 1 10   34  
2123        1 1 1 11   34  
2124        1 1 1 12   34  
2125        1 1 1 13   34  
2126        1 1 1 14   34  
2127        1 1 1 15   34  
2128        1 1 1 16   34  
2129        1 1 1 17   34  
2130        1 1 1 18   34  
2131        1 1 1 19   34  
2132        1 1 1 20   34  
2133        1 1 1 21   34  
2134        1 1 1 22   34  
2135        1 1 1 23   34  
2136        1 1 1 24   34  
2137        1 1 1 25   34  
2138        1 1 1 26   34  
2139        1 1 1 27   34  
2140        1 1 1 28   34  
2141        1 1 1 29   34  
2142        1 1 1 30   34  
2143        1 1 1 31   34  
2144        1 1 1 32   34  
2145        1 1 1 33   34  
2146        1 1 1 34   34  
2147        1 1 1 35   34  
2148        1 1 1 36   34  
2149        1 1 1 37   34  
2150        1 1 1 38   34  
2151        1 1 1 39   34  
2152        1 1 1 40   34  
2153        1 1 1 41   34  
2154        1 1 1 42   34  
2155        1 1 1 43   34  
2156        1 1 1 44   34  
2157        1 1 1 45   34  
2158        1 1 1 46   34  
2159        1 1 1 47   34  
2160        1 1 1 48   34  
2161        1 1 1 49   34  
2162        1 1 1 50   34  
2163        1 1 1 51   34  
2164        1 1 1 52   34  
2165        1 1 1 53   34  
2166        1 1 1 54   34  
2167        1 1 1 55   34  
2168        1 1 1 56   34  
2169        1 1 1 57   34  
2170        1 1 1 58   34  
2171        1 1 1 59   34  
2172        1 1 1 60   34  
2173        1 1 1 61   34  
2174        1 1 1 62   34  
2175        1 1 1 63   34  
2176        1 1 1 64   34  
2177        1 1 1 1    35  
2178        1 1 1 2    35  
2179        1 1 1 3    35  
2180        1 1 1 4    35  
2181        1 1 1 5    35  
2182        1 1 1 6    35  
2183        1 1 1 7    35  
2184        1 1 1 8    35  
2185        1 1 1 9    35  
2186        1 1 1 10   35  
2187        1 1 1 11   35  
2188        1 1 1 12   35  
2189        1 1 1 13   35  
2190        1 1 1 14   35  
2191        1 1 1 15   35  
2192        1 1 1 16   35  
2193        1 1 1 17   35  
2194        1 1 1 18   35  
2195        1 1 1 19   35  
2196        1 1 1 20   35  
2197        1 1 1 21   35  
2198        1 1 1 22   35  
2199        1 1 1 23   35  
2200        1 1 1 24   35  
2201        1 1 1 25   35  
2202        1 1 1 26   35  
2203        1 1 1 27   35  
2204        1 1 1 28   35  
2205        1 1 1 29   35  
2206        1 1 1 30   35  
2207        1 1 1 31   35  
2208        1 1 1 32   35  
2209        1 1 1 33   35  
2210        1 1 1 34   35  
2211        1 1 1 35   35  
2212        1 1 1 36   35  
2213        1 1 1 37   35  
2214        1 1 1 38   35  
2215        1 1 1 39   35  
2216        1 1 1 40   35  
2217        1 1 1 41   35  
2218        1 1 1 42   35  
2219        1 1 1 43   35  
2220        1 1 1 44   35  
2221        1 1 1 45   35  
2222        1 1 1 46   35  
2223        1 1 1 47   35  
2224        1 1 1 48   35  
2225        1 1 1 49   35  
2226        1 1 1 50   35  
2227        1 1 1 51   35  
2228        1 1 1 52   35  
2229        1 1 1 53   35  
2230        1 1 1 54   35  
2231        1 1 1 55   35  
2232        1 1 1 56   35  
2233        1 1 1 57   35  
2234        1 1 1 58   35  
2235        1 1 1 59   35  
2236        1 1 1 60   35  
2237        1 1 1 61   35  
2238        1 1 1 62   35  
2239        1 1 1 63   35  
2240        1 1 1 64   35  
2241        1 1 1 1    36  
2242        1 1 1 2    36  
2243        1 1 1 3    36  
2244        1 1 1 4    36  
2245        1 1 1 5    36  
2246        1 1 1 6    36  
2247        1 1 1 7    36  
2248        1 1 1 8    36  
2249        1 1 1 9    36  
2250        1 1 1 10   36  
2251        1 1 1 11   36  
2252        1 1 1 12   36  
2253        1 1 1 13   36  
2254        1 1 1 14   36  
2255        1 1 1 15   36  
2256        1 1 1 16   36  
2257        1 1 1 17   36  
2258        1 1 1 18   36  
2259        1 1 1 19   36  
2260        1 1 1 20   36  
2261        1 1 1 21   36  
2262        1 1 1 22   36  
2263        1 1 1 23   36  
2264        1 1 1 24   36  
2265        1 1 1 25   36  
2266        1 1 1 26   36  
2267        1 1 1 27   36  
2268        1 1 1 28   36  
2269        1 1 1 29   36  
2270        1 1 1 30   36  
2271        1 1 1 31   36  
2272        1 1 1 32   36  
2273        1 1 1 33   36  
2274        1 1 1 34   36  
2275        1 1 1 35   36  
2276        1 1 1 36   36  
2277        1 1 1 37   36  
2278        1 1 1 38   36  
2279        1 1 1 39   36  
2280        1 1 1 40   36  
2281        1 1 1 41   36  
2282        1 1 1 42   36  
2283        1 1 1 43   36  
2284        1 1 1 44   36  
2285        1 1 1 45   36  
2286        1 1 1 46   36  
2287        1 1 1 47   36  
2288        1 1 1 48   36  
2289        1 1 1 49   36  
2290        1 1 1 50   36  
2291        1 1 1 51   36  
2292        1 1 1 52   36  
2293        1 1 1 53   36  
2294        1 1 1 54   36  
2295        1 1 1 55   36  
2296        1 1 1 56   36  
2297        1 1 1 57   36  
2298        1 1 1 58   36  
2299        1 1 1 59   36  
2300        1 1 1 60   36  
2301        1 1 1 61   36  
2302        1 1 1 62   36  
2303        1 1 1 63   36  
2304        1 1 1 64   36  
2305        1 1 1 1    37  
2306        1 1 1 2    37  
2307        1 1 1 3    37  
2308        1 1 1 4    37  
2309        1 1 1 5    37  
2310        1 1 1 6    37  
2311        1 1 1 7    37  
2312        1 1 1 8    37  
2313        1 1 1 9    37  
2314        1 1 1 10   37  
2315        1 1 1 11   37  
2316        1 1 1 12   37  
2317        1 1 1 13   37  
2318        1 1 1 14   37  
2319        1 1 1 15   37  
2320        1 1 1 16   37  
2321        1 1 1 17   37  
2322        1 1 1 18   37  
2323        1 1 1 19   37  
2324        1 1 1 20   37  
2325        1 1 1 21   37  
2326        1 1 1 22   37  
2327        1 1 1 23   37  
2328        1 1 1 24   37  
2329        1 1 1 25   37  
2330        1 1 1 26   37  
2331        1 1 1 27   37  
2332        1 1 1 28   37  
2333        1 1 1 29   37  
2334        1 1 1 30   37  
2335        1 1 1 31   37  
2336        1 1 1 32   37  
2337        1 1 1 33   37  
2338        1 1 1 34   37  
2339        1 1 1 35   37  
2340        1 1 1 36   37  
2341        1 1 1 37   37  
2342        1 1 1 38   37  
2343        1 1 1 39   37  
2344        1 1 1 40   37  
2345        1 1 1 41   37  
2346        1 1 1 42   37  
2347        1 1 1 43   37  
2348        1 1 1 44   37  
2349        1 1 1 45   37  
2350        1 1 1 46   37  
2351        1 1 1 47   37  
2352        1 1 1 48   37  
2353        1 1 1 49   37  
2354        1 1 1 50   37  
2355        1 1 1 51   37  
2356        1 1 1 52   37  
2357        1 1 1 53   37  
2358        1 1 1 54   37  
2359        1 1 1 55   37  
2360        1 1 1 56   37  
2361        1 1 1 57   37  
2362        1 1 1 58   37  
2363        1 1 1 59   37  
2364        1 1 1 60   37  
2365        1 1 1 61   37  
2366        1 1 1 62   37  
2367        1 1 1 63   37  
2368        1 1 1 64   37  
2369        1 1 1 1    38  
2370        1 1 1 2    38  
2371        1 1 1 3    38  
2372        1 1 1 4    38  
2373        1 1 1 5    38  
2374        1 1 1 6    38  
2375        1 1 1 7    38  
2376        1 1 1 8    38  
2377        1 1 1 9    38  
2378        1 1 1 10   38  
2379        1 1 1 11   38  
2380        1 1 1 12   38  
2381        1 1 1 13   38  
2382        1 1 1 14   38  
2383        1 1 1 15   38  
2384        1 1 1 16   38  
2385        1 1 1 17   38  
2386        1 1 1 18   38  
2387        1 1 1 19   38  
2388        1 1 1 20   38  
2389        1 1 1 21   38  
2390        1 1 1 22   38  
2391        1 1 1 23   38  
2392        1 1 1 24   38  
2393        1 1 1 25   38  
2394        1 1 1 26   38  
2395        1 1 1 27   38  
2396        1 1 1 28   38  
2397        1 1 1 29   38  
2398        1 1 1 30   38  
2399        1 1 1 31   38  
2400        1 1 1 32   38  
2401        1 1 1 33   38  
2402        1 1 1 34   38  
2403        1 1 1 35   38  
2404        1 1 1 36   38  
2405        1 1 1 37   38  
2406        1 1 1 38   38  
2407        1 1 1 39   38  
2408        1 1 1 40   38  
2409        1 1 1 41   38  
2410        1 1 1 42   38  
2411        1 1 1 43   38  
2412        1 1 1 44   38  
2413        1 1 1 45   38  
2414        1 1 1 46   38  
2415        1 1 1 47   38  
2416        1 1 1 48   38  
2417        1 1 1 49   38  
2418        1 1 1 50   38  
2419        1 1 1 51   38  
2420        1 1 1 52   38  
2421        1 1 1 53   38  
2422        1 1 1 54   38  
2423        1 1 1 55   38  
2424        1 1 1 56   38  
2425        1 1 1 57   38  
2426        1 1 1 58   38  
2427        1 1 1 59   38  
2428        1 1 1 60   38  
2429        1 1 1 61   38  
2430        1 1 1 62   38  
2431        1 1 1 63   38  
2432        1 1 1 64   38  
2433        1 1 1 1    39  
2434        1 1 1 2    39  
2435        1 1 1 3    39  
2436        1 1 1 4    39  
2437        1 1 1 5    39  
2438        1 1 1 6    39  
2439        1 1 1 7    39  
2440        1 1 1 8    39  
2441        1 1 1 9    39  
2442        1 1 1 10   39  
2443        1 1 1 11   39  
2444        1 1 1 12   39  
2445        1 1 1 13   39  
2446        1 1 1 14   39  
2447        1 1 1 15   39  
2448        1 1 1 16   39  
2449        1 1 1 17   39  
2450        1 1 1 18   39  
2451        1 1 1 19   39  
2452        1 1 1 20   39  
2453        1 1 1 21   39  
2454        1 1 1 22   39  
2455        1 1 1 23   39  
2456        1 1 1 24   39  
2457        1 1 1 25   39  
2458        1 1 1 26   39  
2459        1 1 1 27   39  
2460        1 1 1 28   39  
2461        1 1 1 29   39  
2462        1 1 1 30   39  
2463        1 1 1 31   39  
2464        1 1 1 32   39  
2465        1 1 1 33   39  
2466        1 1 1 34   39  
2467        1 1 1 35   39  
2468        1 1 1 36   39  
2469        1 1 1 37   39  
2470        1 1 1 38   39  
2471        1 1 1 39   39  
2472        1 1 1 40   39  
2473        1 1 1 41   39  
2474        1 1 1 42   39  
2475        1 1 1 43   39  
2476        1 1 1 44   39  
2477        1 1 1 45   39  
2478        1 1 1 46   39  
2479        1 1 1 47   39  
2480        1 1 1 48   39  
2481        1 1 1 49   39  
2482        1 1 1 50   39  
2483        1 1 1 51   39  
2484        1 1 1 52   39  
2485        1 1 1 53   39  
2486        1 1 1 54   39  
2487        1 1 1 55   39  
2488        1 1 1 56   39  
2489        1 1 1 57   39  
2490        1 1 1 58   39  
2491        1 1 1 59   39  
2492        1 1 1 60   39  
2493        1 1 1 61   39  
2494        1 1 1 62   39  
2495        1 1 1 63   39  
2496        1 1 1 64   39  
2497        1 1 1 1    40  
2498        1 1 1 2    40  
2499        1 1 1 3    40  
2500        1 1 1 4    40  
2501        1 1 1 5    40  
2502        1 1 1 6    40  
2503        1 1 1 7    40  
2504        1 1 1 8    40  
2505        1 1 1 9    40  
2506        1 1 1 10   40  
2507        1 1 1 11   40  
2508        1 1 1 12   40  
2509        1 1 1 13   40  
2510        1 1 1 14   40  
2511        1 1 1 15   40  
2512        1 1 1 16   40  
2513        1 1 1 17   40  
2514        1 1 1 18   40  
2515        1 1 1 19   40  
2516        1 1 1 20   40  
2517        1 1 1 21   40  
2518        1 1 1 22   40  
2519        1 1 1 23   40  
2520        1 1 1 24   40  
2521        1 1 1 25   40  
2522        1 1 1 26   40  
2523        1 1 1 27   40  
2524        1 1 1 28   40  
2525        1 1 1 29   40  
2526        1 1 1 30   40  
2527        1 1 1 31   40  
2528        1 1 1 32   40  
2529        1 1 1 33   40  
2530        1 1 1 34   40  
2531        1 1 1 35   40  
2532        1 1 1 36   40  
2533        1 1 1 37   40  
2534        1 1 1 38   40  
2535        1 1 1 39   40  
2536        1 1 1 40   40  
2537        1 1 1 41   40  
2538        1 1 1 42   40  
2539        1 1 1 43   40  
2540        1 1 1 44   40  
2541        1 1 1 45   40  
2542        1 1 1 46   40  
2543        1 1 1 47   40  
2544        1 1 1 48   40  
2545        1 1 1 49   40  
2546        1 1 1 50   40  
2547        1 1 1 51   40  
2548        1 1 1 52   40  
2549        1 1 1 53   40  
2550        1 1 1 54   40  
2551        1 1 1 55   40  
2552        1 1 1 56   40  
2553        1 1 1 57   40  
2554        1 1 1 58   40  
2555        1 1 1 59   40  
2556        1 1 1 60   40  
2557        1 1 1 61   40  
2558        1 1 1 62   40  
2559        1 1 1 63   40  
2560        1 1 1 64   40  
2561        1 1 1 1    41  
2562        1 1 1 2    41  
2563        1 1 1 3    41  
2564        1 1 1 4    41  
2565        1 1 1 5    41  
2566        1 1 1 6    41  
2567        1 1 1 7    41  
2568        1 1 1 8    41  
2569        1 1 1 9    41  
2570        1 1 1 10   41  
2571        1 1 1 11   41  
2572        1 1 1 12   41  
2573        1 1 1 13   41  
2574        1 1 1 14   41  
2575        1 1 1 15   41  
2576        1 1 1 16   41  
2577        1 1 1 17   41  
2578        1 1 1 18   41  
2579        1 1 1 19   41  
2580        1 1 1 20   41  
2581        1 1 1 21   41  
2582        1 1 1 22   41  
2583        1 1 1 23   41  
2584        1 1 1 24   41  
2585        1 1 1 25   41  
2586        1 1 1 26   41  
2587        1 1 1 27   41  
2588        1 1 1 28   41  
2589        1 1 1 29   41  
2590        1 1 1 30   41  
2591        1 1 1 31   41  
2592        1 1 1 32   41  
2593        1 1 1 33   41  
2594        1 1 1 34   41  
2595        1 1 1 35   41  
2596        1 1 1 36   41  
2597        1 1 1 37   41  
2598        1 1 1 38   41  
2599        1 1 1 39   41  
2600        1 1 1 40   41  
2601        1 1 1 41   41  
2602        1 1 1 42   41  
2603        1 1 1 43   41  
2604        1 1 1 44   41  
2605        1 1 1 45   41  
2606        1 1 1 46   41  
2607        1 1 1 47   41  
2608        1 1 1 48   41  
2609        1 1 1 49   41  
2610        1 1 1 50   41  
2611        1 1 1 51   41  
2612        1 1 1 52   41  
2613        1 1 1 53   41  
2614        1 1 1 54   41  
2615        1 1 1 55   41  
2616        1 1 1 56   41  
2617        1 1 1 57   41  
2618        1 1 1 58   41  
2619        1 1 1 59   41  
2620        1 1 1 60   41  
2621        1 1 1 61   41  
2622        1 1 1 62   41  
2623        1 1 1 63   41  
2624        1 1 1 64   41  
2625        1 1 1 1    42  
2626        1 1 1 2    42  
2627        1 1 1 3    42  
2628        1 1 1 4    42  
2629        1 1 1 5    42  
2630        1 1 1 6    42  
2631        1 1 1 7    42  
2632        1 1 1 8    42  
2633        1 1 1 9    42  
2634        1 1 1 10   42  
2635        1 1 1 11   42  
2636        1 1 1 12   42  
2637        1 1 1 13   42  
2638        1 1 1 14   42  
2639        1 1 1 15   42  
2640        1 1 1 16   42  
2641        1 1 1 17   42  
2642        1 1 1 18   42  
2643        1 1 1 19   42  
2644        1 1 1 20   42  
2645        1 1 1 21   42  
2646        1 1 1 22   42  
2647        1 1 1 23   42  
2648        1 1 1 24   42  
2649        1 1 1 25   42  
2650        1 1 1 26   42  
2651        1 1 1 27   42  
2652        1 1 1 28   42  
2653        1 1 1 29   42  
2654        1 1 1 30   42  
2655        1 1 1 31   42  
2656        1 1 1 32   42  
2657        1 1 1 33   42  
2658        1 1 1 34   42  
2659        1 1 1 35   42  
2660        1 1 1 36   42  
2661        1 1 1 37   42  
2662        1 1 1 38   42  
2663        1 1 1 39   42  
2664        1 1 1 40   42  
2665        1 1 1 41   42  
2666        1 1 1 42   42  
2667        1 1 1 43   42  
2668        1 1 1 44   42  
2669        1 1 1 45   42  
2670        1 1 1 46   42  
2671        1 1 1 47   42  
2672        1 1 1 48   42  
2673        1 1 1 49   42  
2674        1 1 1 50   42  
2675        1 1 1 51   42  
2676        1 1 1 52   42  
2677        1 1 1 53   42  
2678        1 1 1 54   42  
2679        1 1 1 55   42  
2680        1 1 1 56   42  
2681        1 1 1 57   42  
2682        1 1 1 58   42  
2683        1 1 1 59   42  
2684        1 1 1 60   42  
2685        1 1 1 61   42  
2686        1 1 1 62   42  
2687        1 1 1 63   42  
2688        1 1 1 64   42  
2689        1 1 1 1    43  
2690        1 1 1 2    43  
2691        1 1 1 3    43  
2692        1 1 1 4    43  
2693        1 1 1 5    43  
2694        1 1 1 6    43  
2695        1 1 1 7    43  
2696        1 1 1 8    43  
2697        1 1 1 9    43  
2698        1 1 1 10   43  
2699        1 1 1 11   43  
2700        1 1 1 12   43  
2701        1 1 1 13   43  
2702        1 1 1 14   43  
2703        1 1 1 15   43  
2704        1 1 1 16   43  
2705        1 1 1 17   43  
2706        1 1 1 18   43  
2707        1 1 1 19   43  
2708        1 1 1 20   43  
2709        1 1 1 21   43  
2710        1 1 1 22   43  
2711        1 1 1 23   43  
2712        1 1 1 24   43  
2713        1 1 1 25   43  
2714        1 1 1 26   43  
2715        1 1 1 27   43  
2716        1 1 1 28   43  
2717        1 1 1 29   43  
2718        1 1 1 30   43  
2719        1 1 1 31   43  
2720        1 1 1 32   43  
2721        1 1 1 33   43  
2722        1 1 1 34   43  
2723        1 1 1 35   43  
2724        1 1 1 36   43  
2725        1 1 1 37   43  
2726        1 1 1 38   43  
2727        1 1 1 39   43  
2728        1 1 1 40   43  
2729        1 1 1 41   43  
2730        1 1 1 42   43  
2731        1 1 1 43   43  
2732        1 1 1 44   43  
2733        1 1 1 45   43  
2734        1 1 1 46   43  
2735        1 1 1 47   43  
2736        1 1 1 48   43  
2737        1 1 1 49   43  
2738        1 1 1 50   43  
2739        1 1 1 51   43  
2740        1 1 1 52   43  
2741        1 1 1 53   43  
2742        1 1 1 54   43  
2743        1 1 1 55   43  
2744        1 1 1 56   43  
2745        1 1 1 57   43  
2746        1 1 1 58   43  
2747        1 1 1 59   43  
2748        1 1 1 60   43  
2749        1 1 1 61   43  
2750        1 1 1 62   43  
2751        1 1 1 63   43  
2752        1 1 1 64   43  
2753        1 1 1 1    44  
2754        1 1 1 2    44  
2755        1 1 1 3    44  
2756        1 1 1 4    44  
2757        1 1 1 5    44  
2758        1 1 1 6    44  
2759        1 1 1 7    44  
2760        1 1 1 8    44  
2761        1 1 1 9    44  
2762        1 1 1 10   44  
2763        1 1 1 11   44  
2764        1 1 1 12   44  
2765        1 1 1 13   44  
2766        1 1 1 14   44  
2767        1 1 1 15   44  
2768        1 1 1 16   44  
2769        1 1 1 17   44  
2770        1 1 1 18   44  
2771        1 1 1 19   44  
2772        1 1 1 20   44  
2773        1 1 1 21   44  
2774        1 1 1 22   44  
2775        1 1 1 23   44  
2776        1 1 1 24   44  
2777        1 1 1 25   44  
2778        1 1 1 26   44  
2779        1 1 1 27   44  
2780        1 1 1 28   44  
2781        1 1 1 29   44  
2782        1 1 1 30   44  
2783        1 1 1 31   44  
2784        1 1 1 32   44  
2785        1 1 1 33   44  
2786        1 1 1 34   44  
2787        1 1 1 35   44  
2788        1 1 1 36   44  
2789        1 1 1 37   44  
2790        1 1 1 38   44  
2791        1 1 1 39   44  
2792        1 1 1 40   44  
2793        1 1 1 41   44  
2794        1 1 1 42   44  
2795        1 1 1 43   44  
2796        1 1 1 44   44  
2797        1 1 1 45   44  
2798        1 1 1 46   44  
2799        1 1 1 47   44  
2800        1 1 1 48   44  
2801        1 1 1 49   44  
2802        1 1 1 50   44  
2803        1 1 1 51   44  
2804        1 1 1 52   44  
2805        1 1 1 53   44  
2806        1 1 1 54   44  
2807        1 1 1 55   44  
2808        1 1 1 56   44  
2809        1 1 1 57   44  
2810        1 1 1 58   44  
2811        1 1 1 59   44  
2812        1 1 1 60   44  
2813        1 1 1 61   44  
2814        1 1 1 62   44  
2815        1 1 1 63   44  
2816        1 1 1 64   44  
2817        1 1 1 1    45  
2818        1 1 1 2    45  
2819        1 1 1 3    45  
2820        1 1 1 4    45  
2821        1 1 1 5    45  
2822        1 1 1 6    45  
2823        1 1 1 7    45  
2824        1 1 1 8    45  
2825        1 1 1 9    45  
2826        1 1 1 10   45  
2827        1 1 1 11   45  
2828        1 1 1 12   45  
2829        1 1 1 13   45  
2830        1 1 1 14   45  
2831        1 1 1 15   45  
2832        1 1 1 16   45  
2833        1 1 1 17   45  
2834        1 1 1 18   45  
2835        1 1 1 19   45  
2836        1 1 1 20   45  
2837        1 1 1 21   45  
2838        1 1 1 22   45  
2839        1 1 1 23   45  
2840        1 1 1 24   45  
2841        1 1 1 25   45  
2842        1 1 1 26   45  
2843        1 1 1 27   45  
2844        1 1 1 28   45  
2845        1 1 1 29   45  
2846        1 1 1 30   45  
2847        1 1 1 31   45  
2848        1 1 1 32   45  
2849        1 1 1 33   45  
2850        1 1 1 34   45  
2851        1 1 1 35   45  
2852        1 1 1 36   45  
2853        1 1 1 37   45  
2854        1 1 1 38   45  
2855        1 1 1 39   45  
2856        1 1 1 40   45  
2857        1 1 1 41   45  
2858        1 1 1 42   45  
2859        1 1 1 43   45  
2860        1 1 1 44   45  
2861        1 1 1 45   45  
2862        1 1 1 46   45  
2863        1 1 1 47   45  
2864        1 1 1 48   45  
2865        1 1 1 49   45  
2866        1 1 1 50   45  
2867        1 1 1 51   45  
2868        1 1 1 52   45  
2869        1 1 1 53   45  
2870        1 1 1 54   45  
2871        1 1 1 55   45  
2872        1 1 1 56   45  
2873        1 1 1 57   45  
2874        1 1 1 58   45  
2875        1 1 1 59   45  
2876        1 1 1 60   45  
2877        1 1 1 61   45  
2878        1 1 1 62   45  
2879        1 1 1 63   45  
2880        1 1 1 64   45  
2881        1 1 1 1    46  
2882        1 1 1 2    46  
2883        1 1 1 3    46  
2884        1 1 1 4    46  
2885        1 1 1 5    46  
2886        1 1 1 6    46  
2887        1 1 1 7    46  
2888        1 1 1 8    46  
2889        1 1 1 9    46  
2890        1 1 1 10   46  
2891        1 1 1 11   46  
2892        1 1 1 12   46  
2893        1 1 1 13   46  
2894        1 1 1 14   46  
2895        1 1 1 15   46  
2896        1 1 1 16   46  
2897        1 1 1 17   46  
2898        1 1 1 18   46  
2899        1 1 1 19   46  
2900        1 1 1 20   46  
2901        1 1 1 21   46  
2902        1 1 1 22   46  
2903        1 1 1 23   46  
2904        1 1 1 24   46  
2905        1 1 1 25   46  
2906        1 1 1 26   46  
2907        1 1 1 27   46  
2908        1 1 1 28   46  
2909        1 1 1 29   46  
2910        1 1 1 30   46  
2911        1 1 1 31   46  
2912        1 1 1 32   46  
2913        1 1 1 33   46  
2914        1 1 1 34   46  
2915        1 1 1 35   46  
2916        1 1 1 36   46  
2917        1 1 1 37   46  
2918        1 1 1 38   46  
2919        1 1 1 39   46  
2920        1 1 1 40   46  
2921        1 1 1 41   46  
2922        1 1 1 42   46  
2923        1 1 1 43   46  
2924        1 1 1 44   46  
2925        1 1 1 45   46  
2926        1 1 1 46   46  
2927        1 1 1 47   46  
2928        1 1 1 48   46  
2929        1 1 1 49   46  
2930        1 1 1 50   46  
2931        1 1 1 51   46  
2932        1 1 1 52   46  
2933        1 1 1 53   46  
2934        1 1 1 54   46  
2935        1 1 1 55   46  
2936        1 1 1 56   46  
2937        1 1 1 57   46  
2938        1 1 1 58   46  
2939        1 1 1 59   46  
2940        1 1 1 60   46  
2941        1 1 1 61   46  
2942        1 1 1 62   46  
2943        1 1 1 63   46  
2944        1 1 1 64   46  
2945        1 1 1 1    47  
2946        1 1 1 2    47  
2947        1 1 1 3    47  
2948        1 1 1 4    47  
2949        1 1 1 5    47  
2950        1 1 1 6    47  
2951        1 1 1 7    47  
2952        1 1 1 8    47  
2953        1 1 1 9    47  
2954        1 1 1 10   47  
2955        1 1 1 11   47  
2956        1 1 1 12   47  
2957        1 1 1 13   47  
2958        1 1 1 14   47  
2959        1 1 1 15   47  
2960        1 1 1 16   47  
2961        1 1 1 17   47  
2962        1 1 1 18   47  
2963        1 1 1 19   47  
2964        1 1 1 20   47  
2965        1 1 1 21   47  
2966        1 1 1 22   47  
2967        1 1 1 23   47  
2968        1 1 1 24   47  
2969        1 1 1 25   47  
2970        1 1 1 26   47  
2971        1 1 1 27   47  
2972        1 1 1 28   47  
2973        1 1 1 29   47  
2974        1 1 1 30   47  
2975        1 1 1 31   47  
2976        1 1 1 32   47  
2977        1 1 1 33   47  
2978        1 1 1 34   47  
2979        1 1 1 35   47  
2980        1 1 1 36   47  
2981        1 1 1 37   47  
2982        1 1 1 38   47  
2983        1 1 1 39   47  
2984        1 1 1 40   47  
2985        1 1 1 41   47  
2986        1 1 1 42   47  
2987        1 1 1 43   47  
2988        1 1 1 44   47  
2989        1 1 1 45   47  
2990        1 1 1 46   47  
2991        1 1 1 47   47  
2992        1 1 1 48   47  
2993        1 1 1 49   47  
2994        1 1 1 50   47  
2995        1 1 1 51   47  
2996        1 1 1 52   47  
2997        1 1 1 53   47  
2998        1 1 1 54   47  
2999        1 1 1 55   47  
3000        1 1 1 56   47  
3001        1 1 1 57   47  
3002        1 1 1 58   47  
3003        1 1 1 59   47  
3004        1 1 1 60   47  
3005        1 1 1 61   47  
3006        1 1 1 62   47  
3007        1 1 1 63   47  
3008        1 1 1 64   47  
3009        1 1 1 1    48  
3010        1 1 1 2    48  
3011        1 1 1 3    48  
3012        1 1 1 4    48  
3013        1 1 1 5    48  
3014        1 1 1 6    48  
3015        1 1 1 7    48  
3016        1 1 1 8    48  
3017        1 1 1 9    48  
3018        1 1 1 10   48  
3019        1 1 1 11   48  
3020        1 1 1 12   48  
3021        1 1 1 13   48  
3022        1 1 1 14   48  
3023        1 1 1 15   48  
3024        1 1 1 16   48  
3025        1 1 1 17   48  
3026        1 1 1 18   48  
3027        1 1 1 19   48  
3028        1 1 1 20   48  
3029        1 1 1 21   48  
3030        1 1 1 22   48  
3031        1 1 1 23   48  
3032        1 1 1 24   48  
3033        1 1 1 25   48  
3034        1 1 1 26   48  
3035        1 1 1 27   48  
3036        1 1 1 28   48  
3037        1 1 1 29   48  
3038        1 1 1 30   48  
3039        1 1 1 31   48  
3040        1 1 1 32   48  
3041        1 1 1 33   48  
3042        1 1 1 34   48  
3043        1 1 1 35   48  
3044        1 1 1 36   48  
3045        1 1 1 37   48  
3046        1 1 1 38   48  
3047        1 1 1 39   48  
3048        1 1 1 40   48  
3049        1 1 1 41   48  
3050        1 1 1 42   48  
3051        1 1 1 43   48  
3052        1 1 1 44   48  
3053        1 1 1 45   48  
3054        1 1 1 46   48  
3055        1 1 1 47   48  
3056        1 1 1 48   48  
3057        1 1 1 49   48  
3058        1 1 1 50   48  
3059        1 1 1 51   48  
3060        1 1 1 52   48  
3061        1 1 1 53   48  
3062        1 1 1 54   48  
3063        1 1 1 55   48  
3064        1 1 1 56   48  
3065        1 1 1 57   48  
3066        1 1 1 58   48  
3067        1 1 1 59   48  
3068        1 1 1 60   48  
3069        1 1 1 61   48  
3070        1 1 1 62   48  
3071        1 1 1 63   48  
3072        1 1 1 64   48  
3073        1 1 1 1    49  
3074        1 1 1 2    49  
3075        1 1 1 3    49  
3076        1 1 1 4    49  
3077        1 1 1 5    49  
3078        1 1 1 6    49  
3079        1 1 1 7    49  
3080        1 1 1 8    49  
3081        1 1 1 9    49  
3082        1 1 1 10   49  
3083        1 1 1 11   49  
3084        1 1 1 12   49  
3085        1 1 1 13   49  
3086        1 1 1 14   49  
3087        1 1 1 15   49  
3088        1 1 1 16   49  
3089        1 1 1 17   49  
3090        1 1 1 18   49  
3091        1 1 1 19   49  
3092        1 1 1 20   49  
3093        1 1 1 21   49  
3094        1 1 1 22   49  
3095        1 1 1 23   49  
3096        1 1 1 24   49  
3097        1 1 1 25   49  
3098        1 1 1 26   49  
3099        1 1 1 27   49  
3100        1 1 1 28   49  
3101        1 1 1 29   49  
3102        1 1 1 30   49  
3103        1 1 1 31   49  
3104        1 1 1 32   49  
3105        1 1 1 33   49  
3106        1 1 1 34   49  
3107        1 1 1 35   49  
3108        1 1 1 36   49  
3109        1 1 1 37   49  
3110        1 1 1 38   49  
3111        1 1 1 39   49  
3112        1 1 1 40   49  
3113        1 1 1 41   49  
3114        1 1 1 42   49  
3115        1 1 1 43   49  
3116        1 1 1 44   49  
3117        1 1 1 45   49  
3118        1 1 1 46   49  
3119        1 1 1 47   49  
3120        1 1 1 48   49  
3121        1 1 1 49   49  
3122        1 1 1 50   49  
3123        1 1 1 51   49  
3124        1 1 1 52   49  
3125        1 1 1 53   49  
3126        1 1 1 54   49  
3127        1 1 1 55   49  
3128        1 1 1 56   49  
3129        1 1 1 57   49  
3130        1 1 1 58   49  
3131        1 1 1 59   49  
3132        1 1 1 60   49  
3133        1 1 1 61   49  
3134        1 1 1 62   49  
3135        1 1 1 63   49  
3136        1 1 1 64   49  
3137        1 1 1 1    50  
3138        1 1 1 2    50  
3139        1 1 1 3    50  
3140        1 1 1 4    50  
3141        1 1 1 5    50  
3142        1 1 1 6    50  
3143        1 1 1 7    50  
3144        1 1 1 8    50  
3145        1 1 1 9    50  
3146        1 1 1 10   50  
3147        1 1 1 11   50  
3148        1 1 1 12   50  
3149        1 1 1 13   50  
3150        1 1 1 14   50  
3151        1 1 1 15   50  
3152        1 1 1 16   50  
3153        1 1 1 17   50  
3154        1 1 1 18   50  
3155        1 1 1 19   50  
3156        1 1 1 20   50  
3157        1 1 1 21   50  
3158        1 1 1 22   50  
3159        1 1 1 23   50  
3160        1 1 1 24   50  
3161        1 1 1 25   50  
3162        1 1 1 26   50  
3163        1 1 1 27   50  
3164        1 1 1 28   50  
3165        1 1 1 29   50  
3166        1 1 1 30   50  
3167        1 1 1 31   50  
3168        1 1 1 32   50  
3169        1 1 1 33   50  
3170        1 1 1 34   50  
3171        1 1 1 35   50  
3172        1 1 1 36   50  
3173        1 1 1 37   50  
3174        1 1 1 38   50  
3175        1 1 1 39   50  
3176        1 1 1 40   50  
3177        1 1 1 41   50  
3178        1 1 1 42   50  
3179        1 1 1 43   50  
3180        1 1 1 44   50  
3181        1 1 1 45   50  
3182        1 1 1 46   50  
3183        1 1 1 47   50  
3184        1 1 1 48   50  
3185        1 1 1 49   50  
3186        1 1 1 50   50  
3187        1 1 1 51   50  
3188        1 1 1 52   50  
3189        1 1 1 53   50  
3190        1 1 1 54   50  
3191        1 1 1 55   50  
3192        1 1 1 56   50  
3193        1 1 1 57   50  
3194        1 1 1 58   50  
3195        1 1 1 59   50  
3196        1 1 1 60   50  
3197        1 1 1 61   50  
3198        1 1 1 62   50  
3199        1 1 1 63   50  
3200        1 1 1 64   50  
3201        1 1 1 1    51  
3202        1 1 1 2    51  
3203        1 1 1 3    51  
3204        1 1 1 4    51  
3205        1 1 1 5    51  
3206        1 1 1 6    51  
3207        1 1 1 7    51  
3208        1 1 1 8    51  
3209        1 1 1 9    51  
3210        1 1 1 10   51  
3211        1 1 1 11   51  
3212        1 1 1 12   51  
3213        1 1 1 13   51  
3214        1 1 1 14   51  
3215        1 1 1 15   51  
3216        1 1 1 16   51  
3217        1 1 1 17   51  
3218        1 1 1 18   51  
3219        1 1 1 19   51  
3220        1 1 1 20   51  
3221        1 1 1 21   51  
3222        1 1 1 22   51  
3223        1 1 1 23   51  
3224        1 1 1 24   51  
3225        1 1 1 25   51  
3226        1 1 1 26   51  
3227        1 1 1 27   51  
3228        1 1 1 28   51  
3229        1 1 1 29   51  
3230        1 1 1 30   51  
3231        1 1 1 31   51  
3232        1 1 1 32   51  
3233        1 1 1 33   51  
3234        1 1 1 34   51  
3235        1 1 1 35   51  
3236        1 1 1 36   51  
3237        1 1 1 37   51  
3238        1 1 1 38   51  
3239        1 1 1 39   51  
3240        1 1 1 40   51  
3241        1 1 1 41   51  
3242        1 1 1 42   51  
3243        1 1 1 43   51  
3244        1 1 1 44   51  
3245        1 1 1 45   51  
3246        1 1 1 46   51  
3247        1 1 1 47   51  
3248        1 1 1 48   51  
3249        1 1 1 49   51  
3250        1 1 1 50   51  
3251        1 1 1 51   51  
3252        1 1 1 52   51  
3253        1 1 1 53   51  
3254        1 1 1 54   51  
3255        1 1 1 55   51  
3256        1 1 1 56   51  
3257        1 1 1 57   51  
3258        1 1 1 58   51  
3259        1 1 1 59   51  
3260        1 1 1 60   51  
3261        1 1 1 61   51  
3262        1 1 1 62   51  
3263        1 1 1 63   51  
3264        1 1 1 64   51  
3265        1 1 1 1    52  
3266        1 1 1 2    52  
3267        1 1 1 3    52  
3268        1 1 1 4    52  
3269        1 1 1 5    52  
3270        1 1 1 6    52  
3271        1 1 1 7    52  
3272        1 1 1 8    52  
3273        1 1 1 9    52  
3274        1 1 1 10   52  
3275        1 1 1 11   52  
3276        1 1 1 12   52  
3277        1 1 1 13   52  
3278        1 1 1 14   52  
3279        1 1 1 15   52  
3280        1 1 1 16   52  
3281        1 1 1 17   52  
3282        1 1 1 18   52  
3283        1 1 1 19   52  
3284        1 1 1 20   52  
3285        1 1 1 21   52  
3286        1 1 1 22   52  
3287        1 1 1 23   52  
3288        1 1 1 24   52  
3289        1 1 1 25   52  
3290        1 1 1 26   52  
3291        1 1 1 27   52  
3292        1 1 1 28   52  
3293        1 1 1 29   52  
3294        1 1 1 30   52  
3295        1 1 1 31   52  
3296        1 1 1 32   52  
3297        1 1 1 33   52  
3298        1 1 1 34   52  
3299        1 1 1 35   52  
3300        1 1 1 36   52  
3301        1 1 1 37   52  
3302        1 1 1 38   52  
3303        1 1 1 39   52  
3304        1 1 1 40   52  
3305        1 1 1 41   52  
3306        1 1 1 42   52  
3307        1 1 1 43   52  
3308        1 1 1 44   52  
3309        1 1 1 45   52  
3310        1 1 1 46   52  
3311        1 1 1 47   52  
3312        1 1 1 48   52  
3313        1 1 1 49   52  
3314        1 1 1 50   52  
3315        1 1 1 51   52  
3316        1 1 1 52   52  
3317        1 1 1 53   52  
3318        1 1 1 54   52  
3319        1 1 1 55   52  
3320        1 1 1 56   52  
3321        1 1 1 57   52  
3322        1 1 1 58   52  
3323        1 1 1 59   52  
3324        1 1 1 60   52  
3325        1 1 1 61   52  
3326        1 1 1 62   52  
3327        1 1 1 63   52  
3328        1 1 1 64   52  
3329        1 1 1 1    53  
3330        1 1 1 2    53  
3331        1 1 1 3    53  
3332        1 1 1 4    53  
3333        1 1 1 5    53  
3334        1 1 1 6    53  
3335        1 1 1 7    53  
3336        1 1 1 8    53  
3337        1 1 1 9    53  
3338        1 1 1 10   53  
3339        1 1 1 11   53  
3340        1 1 1 12   53  
3341        1 1 1 13   53  
3342        1 1 1 14   53  
3343        1 1 1 15   53  
3344        1 1 1 16   53  
3345        1 1 1 17   53  
3346        1 1 1 18   53  
3347        1 1 1 19   53  
3348        1 1 1 20   53  
3349        1 1 1 21   53  
3350        1 1 1 22   53  
3351        1 1 1 23   53  
3352        1 1 1 24   53  
3353        1 1 1 25   53  
3354        1 1 1 26   53  
3355        1 1 1 27   53  
3356        1 1 1 28   53  
3357        1 1 1 29   53  
3358        1 1 1 30   53  
3359        1 1 1 31   53  
3360        1 1 1 32   53  
3361        1 1 1 33   53  
3362        1 1 1 34   53  
3363        1 1 1 35   53  
3364        1 1 1 36   53  
3365        1 1 1 37   53  
3366        1 1 1 38   53  
3367        1 1 1 39   53  
3368        1 1 1 40   53  
3369        1 1 1 41   53  
3370        1 1 1 42   53  
3371        1 1 1 43   53  
3372        1 1 1 44   53  
3373        1 1 1 45   53  
3374        1 1 1 46   53  
3375        1 1 1 47   53  
3376        1 1 1 48   53  
3377        1 1 1 49   53  
3378        1 1 1 50   53  
3379        1 1 1 51   53  
3380        1 1 1 52   53  
3381        1 1 1 53   53  
3382        1 1 1 54   53  
3383        1 1 1 55   53  
3384        1 1 1 56   53  
3385        1 1 1 57   53  
3386        1 1 1 58   53  
3387        1 1 1 59   53  
3388        1 1 1 60   53  
3389        1 1 1 61   53  
3390        1 1 1 62   53  
3391        1 1 1 63   53  
3392        1 1 1 64   53  
3393        1 1 1 1    54  
3394        1 1 1 2    54  
3395        1 1 1 3    54  
3396        1 1 1 4    54  
3397        1 1 1 5    54  
3398        1 1 1 6    54  
3399        1 1 1 7    54  
3400        1 1 1 8    54  
3401        1 1 1 9    54  
3402        1 1 1 10   54  
3403        1 1 1 11   54  
3404        1 1 1 12   54  
3405        1 1 1 13   54  
3406        1 1 1 14   54  
3407        1 1 1 15   54  
3408        1 1 1 16   54  
3409        1 1 1 17   54  
3410        1 1 1 18   54  
3411        1 1 1 19   54  
3412        1 1 1 20   54  
3413        1 1 1 21   54  
3414        1 1 1 22   54  
3415        1 1 1 23   54  
3416        1 1 1 24   54  
3417        1 1 1 25   54  
3418        1 1 1 26   54  
3419        1 1 1 27   54  
3420        1 1 1 28   54  
3421        1 1 1 29   54  
3422        1 1 1 30   54  
3423        1 1 1 31   54  
3424        1 1 1 32   54  
3425        1 1 1 33   54  
3426        1 1 1 34   54  
3427        1 1 1 35   54  
3428        1 1 1 36   54  
3429        1 1 1 37   54  
3430        1 1 1 38   54  
3431        1 1 1 39   54  
3432        1 1 1 40   54  
3433        1 1 1 41   54  
3434        1 1 1 42   54  
3435        1 1 1 43   54  
3436        1 1 1 44   54  
3437        1 1 1 45   54  
3438        1 1 1 46   54  
3439        1 1 1 47   54  
3440        1 1 1 48   54  
3441        1 1 1 49   54  
3442        1 1 1 50   54  
3443        1 1 1 51   54  
3444        1 1 1 52   54  
3445        1 1 1 53   54  
3446        1 1 1 54   54  
3447        1 1 1 55   54  
3448        1 1 1 56   54  
3449        1 1 1 57   54  
3450        1 1 1 58   54  
3451        1 1 1 59   54  
3452        1 1 1 60   54  
3453        1 1 1 61   54  
3454        1 1 1 62   54  
3455        1 1 1 63   54  
3456        1 1 1 64   54  
3457        1 1 1 1    55  
3458        1 1 1 2    55  
3459        1 1 1 3    55  
3460        1 1 1 4    55  
3461        1 1 1 5    55  
3462        1 1 1 6    55  
3463        1 1 1 7    55  
3464        1 1 1 8    55  
3465        1 1 1 9    55  
3466        1 1 1 10   55  
3467        1 1 1 11   55  
3468        1 1 1 12   55  
3469        1 1 1 13   55  
3470        1 1 1 14   55  
3471        1 1 1 15   55  
3472        1 1 1 16   55  
3473        1 1 1 17   55  
3474        1 1 1 18   55  
3475        1 1 1 19   55  
3476        1 1 1 20   55  
3477        1 1 1 21   55  
3478        1 1 1 22   55  
3479        1 1 1 23   55  
3480        1 1 1 24   55  
3481        1 1 1 25   55  
3482        1 1 1 26   55  
3483        1 1 1 27   55  
3484        1 1 1 28   55  
3485        1 1 1 29   55  
3486        1 1 1 30   55  
3487        1 1 1 31   55  
3488        1 1 1 32   55  
3489        1 1 1 33   55  
3490        1 1 1 34   55  
3491        1 1 1 35   55  
3492        1 1 1 36   55  
3493        1 1 1 37   55  
3494        1 1 1 38   55  
3495        1 1 1 39   55  
3496        1 1 1 40   55  
3497        1 1 1 41   55  
3498        1 1 1 42   55  
3499        1 1 1 43   55  
3500        1 1 1 44   55  
3501        1 1 1 45   55  
3502        1 1 1 46   55  
3503        1 1 1 47   55  
3504        1 1 1 48   55  
3505        1 1 1 49   55  
3506        1 1 1 50   55  
3507        1 1 1 51   55  
3508        1 1 1 52   55  
3509        1 1 1 53   55  
3510        1 1 1 54   55  
3511        1 1 1 55   55  
3512        1 1 1 56   55  
3513        1 1 1 57   55  
3514        1 1 1 58   55  
3515        1 1 1 59   55  
3516        1 1 1 60   55  
3517        1 1 1 61   55  
3518        1 1 1 62   55  
3519        1 1 1 63   55  
3520        1 1 1 64   55  
3521        1 1 1 1    56  
3522        1 1 1 2    56  
3523        1 1 1 3    56  
3524        1 1 1 4    56  
3525        1 1 1 5    56  
3526        1 1 1 6    56  
3527        1 1 1 7    56  
3528        1 1 1 8    56  
3529        1 1 1 9    56  
3530        1 1 1 10   56  
3531        1 1 1 11   56  
3532        1 1 1 12   56  
3533        1 1 1 13   56  
3534        1 1 1 14   56  
3535        1 1 1 15   56  
3536        1 1 1 16   56  
3537        1 1 1 17   56  
3538        1 1 1 18   56  
3539        1 1 1 19   56  
3540        1 1 1 20   56  
3541        1 1 1 21   56  
3542        1 1 1 22   56  
3543        1 1 1 23   56  
3544        1 1 1 24   56  
3545        1 1 1 25   56  
3546        1 1 1 26   56  
3547        1 1 1 27   56  
3548        1 1 1 28   56  
3549        1 1 1 29   56  
3550        1 1 1 30   56  
3551        1 1 1 31   56  
3552        1 1 1 32   56  
3553        1 1 1 33   56  
3554        1 1 1 34   56  
3555        1 1 1 35   56  
3556        1 1 1 36   56  
3557        1 1 1 37   56  
3558        1 1 1 38   56  
3559        1 1 1 39   56  
3560        1 1 1 40   56  
3561        1 1 1 41   56  
3562        1 1 1 42   56  
3563        1 1 1 43   56  
3564        1 1 1 44   56  
3565        1 1 1 45   56  
3566        1 1 1 46   56  
3567        1 1 1 47   56  
3568        1 1 1 48   56  
3569        1 1 1 49   56  
3570        1 1 1 50   56  
3571        1 1 1 51   56  
3572        1 1 1 52   56  
3573        1 1 1 53   56  
3574        1 1 1 54   56  
3575        1 1 1 55   56  
3576        1 1 1 56   56  
3577        1 1 1 57   56  
3578        1 1 1 58   56  
3579        1 1 1 59   56  
3580        1 1 1 60   56  
3581        1 1 1 61   56  
3582        1 1 1 62   56  
3583        1 1 1 63   56  
3584        1 1 1 64   56  
3585        1 1 1 1    57  
3586        1 1 1 2    57  
3587        1 1 1 3    57  
3588        1 1 1 4    57  
3589        1 1 1 5    57  
3590        1 1 1 6    57  
3591        1 1 1 7    57  
3592        1 1 1 8    57  
3593        1 1 1 9    57  
3594        1 1 1 10   57  
3595        1 1 1 11   57  
3596        1 1 1 12   57  
3597        1 1 1 13   57  
3598        1 1 1 14   57  
3599        1 1 1 15   57  
3600        1 1 1 16   57  
3601        1 1 1 17   57  
3602        1 1 1 18   57  
3603        1 1 1 19   57  
3604        1 1 1 20   57  
3605        1 1 1 21   57  
3606        1 1 1 22   57  
3607        1 1 1 23   57  
3608        1 1 1 24   57  
3609        1 1 1 25   57  
3610        1 1 1 26   57  
3611        1 1 1 27   57  
3612        1 1 1 28   57  
3613        1 1 1 29   57  
3614        1 1 1 30   57  
3615        1 1 1 31   57  
3616        1 1 1 32   57  
3617        1 1 1 33   57  
3618        1 1 1 34   57  
3619        1 1 1 35   57  
3620        1 1 1 36   57  
3621        1 1 1 37   57  
3622        1 1 1 38   57  
3623        1 1 1 39   57  
3624        1 1 1 40   57  
3625        1 1 1 41   57  
3626        1 1 1 42   57  
3627        1 1 1 43   57  
3628        1 1 1 44   57  
3629        1 1 1 45   57  
3630        1 1 1 46   57  
3631        1 1 1 47   57  
3632        1 1 1 48   57  
3633        1 1 1 49   57  
3634        1 1 1 50   57  
3635        1 1 1 51   57  
3636        1 1 1 52   57  
3637        1 1 1 53   57  
3638        1 1 1 54   57  
3639        1 1 1 55   57  
3640        1 1 1 56   57  
3641        1 1 1 57   57  
3642        1 1 1 58   57  
3643        1 1 1 59   57  
3644        1 1 1 60   57  
3645        1 1 1 61   57  
3646        1 1 1 62   57  
3647        1 1 1 63   57  
3648        1 1 1 64   57  
3649        1 1 1 1    58  
3650        1 1 1 2    58  
3651        1 1 1 3    58  
3652        1 1 1 4    58  
3653        1 1 1 5    58  
3654        1 1 1 6    58  
3655        1 1 1 7    58  
3656        1 1 1 8    58  
3657        1 1 1 9    58  
3658        1 1 1 10   58  
3659        1 1 1 11   58  
3660        1 1 1 12   58  
3661        1 1 1 13   58  
3662        1 1 1 14   58  
3663        1 1 1 15   58  
3664        1 1 1 16   58  
3665        1 1 1 17   58  
3666        1 1 1 18   58  
3667        1 1 1 19   58  
3668        1 1 1 20   58  
3669        1 1 1 21   58  
3670        1 1 1 22   58  
3671        1 1 1 23   58  
3672        1 1 1 24   58  
3673        1 1 1 25   58  
3674        1 1 1 26   58  
3675        1 1 1 27   58  
3676        1 1 1 28   58  
3677        1 1 1 29   58  
3678        1 1 1 30   58  
3679        1 1 1 31   58  
3680        1 1 1 32   58  
3681        1 1 1 33   58  
3682        1 1 1 34   58  
3683        1 1 1 35   58  
3684        1 1 1 36   58  
3685        1 1 1 37   58  
3686        1 1 1 38   58  
3687        1 1 1 39   58  
3688        1 1 1 40   58  
3689        1 1 1 41   58  
3690        1 1 1 42   58  
3691        1 1 1 43   58  
3692        1 1 1 44   58  
3693        1 1 1 45   58  
3694        1 1 1 46   58  
3695        1 1 1 47   58  
3696        1 1 1 48   58  
3697        1 1 1 49   58  
3698        1 1 1 50   58  
3699        1 1 1 51   58  
3700        1 1 1 52   58  
3701        1 1 1 53   58  
3702        1 1 1 54   58  
3703        1 1 1 55   58  
3704        1 1 1 56   58  
3705        1 1 1 57   58  
3706        1 1 1 58   58  
3707        1 1 1 59   58  
3708        1 1 1 60   58  
3709        1 1 1 61   58  
3710        1 1 1 62   58  
3711        1 1 1 63   58  
3712        1 1 1 64   58  
3713        1 1 1 1    59  
3714        1 1 1 2    59  
3715        1 1 1 3    59  
3716        1 1 1 4    59  
3717        1 1 1 5    59  
3718        1 1 1 6    59  
3719        1 1 1 7    59  
3720        1 1 1 8    59  
3721        1 1 1 9    59  
3722        1 1 1 10   59  
3723        1 1 1 11   59  
3724        1 1 1 12   59  
3725        1 1 1 13   59  
3726        1 1 1 14   59  
3727        1 1 1 15   59  
3728        1 1 1 16   59  
3729        1 1 1 17   59  
3730        1 1 1 18   59  
3731        1 1 1 19   59  
3732        1 1 1 20   59  
3733        1 1 1 21   59  
3734        1 1 1 22   59  
3735        1 1 1 23   59  
3736        1 1 1 24   59  
3737        1 1 1 25   59  
3738        1 1 1 26   59  
3739        1 1 1 27   59  
3740        1 1 1 28   59  
3741        1 1 1 29   59  
3742        1 1 1 30   59  
3743        1 1 1 31   59  
3744        1 1 1 32   59  
3745        1 1 1 33   59  
3746        1 1 1 34   59  
3747        1 1 1 35   59  
3748        1 1 1 36   59  
3749        1 1 1 37   59  
3750        1 1 1 38   59  
3751        1 1 1 39   59  
3752        1 1 1 40   59  
3753        1 1 1 41   59  
3754        1 1 1 42   59  
3755        1 1 1 43   59  
3756        1 1 1 44   59  
3757        1 1 1 45   59  
3758        1 1 1 46   59  
3759        1 1 1 47   59  
3760        1 1 1 48   59  
3761        1 1 1 49   59  
3762        1 1 1 50   59  
3763        1 1 1 51   59  
3764        1 1 1 52   59  
3765        1 1 1 53   59  
3766        1 1 1 54   59  
3767        1 1 1 55   59  
3768        1 1 1 56   59  
3769        1 1 1 57   59  
3770        1 1 1 58   59  
3771        1 1 1 59   59  
3772        1 1 1 60   59  
3773        1 1 1 61   59  
3774        1 1 1 62   59  
3775        1 1 1 63   59  
3776        1 1 1 64   59  
3777        1 1 1 1    60  
3778        1 1 1 2    60  
3779        1 1 1 3    60  
3780        1 1 1 4    60  
3781        1 1 1 5    60  
3782        1 1 1 6    60  
3783        1 1 1 7    60  
3784        1 1 1 8    60  
3785        1 1 1 9    60  
3786        1 1 1 10   60  
3787        1 1 1 11   60  
3788        1 1 1 12   60  
3789        1 1 1 13   60  
3790        1 1 1 14   60  
3791        1 1 1 15   60  
3792        1 1 1 16   60  
3793        1 1 1 17   60  
3794        1 1 1 18   60  
3795        1 1 1 19   60  
3796        1 1 1 20   60  
3797        1 1 1 21   60  
3798        1 1 1 22   60  
3799        1 1 1 23   60  
3800        1 1 1 24   60  
3801        1 1 1 25   60  
3802        1 1 1 26   60  
3803        1 1 1 27   60  
3804        1 1 1 28   60  
3805        1 1 1 29   60  
3806        1 1 1 30   60  
3807        1 1 1 31   60  
3808        1 1 1 32   60  
3809        1 1 1 33   60  
3810        1 1 1 34   60  
3811        1 1 1 35   60  
3812        1 1 1 36   60  
3813        1 1 1 37   60  
3814        1 1 1 38   60  
3815        1 1 1 39   60  
3816        1 1 1 40   60  
3817        1 1 1 41   60  
3818        1 1 1 42   60  
3819        1 1 1 43   60  
3820        1 1 1 44   60  
3821        1 1 1 45   60  
3822        1 1 1 46   60  
3823        1 1 1 47   60  
3824        1 1 1 48   60  
3825        1 1 1 49   60  
3826        1 1 1 50   60  
3827        1 1 1 51   60  
3828        1 1 1 52   60  
3829        1 1 1 53   60  
3830        1 1 1 54   60  
3831        1 1 1 55   60  
3832        1 1 1 56   60  
3833        1 1 1 57   60  
3834        1 1 1 58   60  
3835        1 1 1 59   60  
3836        1 1 1 60   60  
3837        1 1 1 61   60  
3838        1 1 1 62   60  
3839        1 1 1 63   60  
3840        1 1 1 64   60  
3841        1 1 1 1    61  
3842        1 1 1 2    61  
3843        1 1 1 3    61  
3844        1 1 1 4    61  
3845        1 1 1 5    61  
3846        1 1 1 6    61  
3847        1 1 1 7    61  
3848        1 1 1 8    61  
3849        1 1 1 9    61  
3850        1 1 1 10   61  
3851        1 1 1 11   61  
3852        1 1 1 12   61  
3853        1 1 1 13   61  
3854        1 1 1 14   61  
3855        1 1 1 15   61  
3856        1 1 1 16   61  
3857        1 1 1 17   61  
3858        1 1 1 18   61  
3859        1 1 1 19   61  
3860        1 1 1 20   61  
3861        1 1 1 21   61  
3862        1 1 1 22   61  
3863        1 1 1 23   61  
3864        1 1 1 24   61  
3865        1 1 1 25   61  
3866        1 1 1 26   61  
3867        1 1 1 27   61  
3868        1 1 1 28   61  
3869        1 1 1 29   61  
3870        1 1 1 30   61  
3871        1 1 1 31   61  
3872        1 1 1 32   61  
3873        1 1 1 33   61  
3874        1 1 1 34   61  
3875        1 1 1 35   61  
3876        1 1 1 36   61  
3877        1 1 1 37   61  
3878        1 1 1 38   61  
3879        1 1 1 39   61  
3880        1 1 1 40   61  
3881        1 1 1 41   61  
3882        1 1 1 42   61  
3883        1 1 1 43   61  
3884        1 1 1 44   61  
3885        1 1 1 45   61  
3886        1 1 1 46   61  
3887        1 1 1 47   61  
3888        1 1 1 48   61  
3889        1 1 1 49   61  
3890        1 1 1 50   61  
3891        1 1 1 51   61  
3892        1 1 1 52   61  
3893        1 1 1 53   61  
3894        1 1 1 54   61  
3895        1 1 1 55   61  
3896        1 1 1 56   61  
3897        1 1 1 57   61  
3898        1 1 1 58   61  
3899        1 1 1 59   61  
3900        1 1 1 60   61  
3901        1 1 1 61   61  
3902        1 1 1 62   61  
3903        1 1 1 63   61  
3904        1 1 1 64   61  
3905        1 1 1 1    62  
3906        1 1 1 2    62  
3907        1 1 1 3    62  
3908        1 1 1 4    62  
3909        1 1 1 5    62  
3910        1 1 1 6    62  
3911        1 1 1 7    62  
3912        1 1 1 8    62  
3913        1 1 1 9    62  
3914        1 1 1 10   62  
3915        1 1 1 11   62  
3916        1 1 1 12   62  
3917        1 1 1 13   62  
3918        1 1 1 14   62  
3919        1 1 1 15   62  
3920        1 1 1 16   62  
3921        1 1 1 17   62  
3922        1 1 1 18   62  
3923        1 1 1 19   62  
3924        1 1 1 20   62  
3925        1 1 1 21   62  
3926        1 1 1 22   62  
3927        1 1 1 23   62  
3928        1 1 1 24   62  
3929        1 1 1 25   62  
3930        1 1 1 26   62  
3931        1 1 1 27   62  
3932        1 1 1 28   62  
3933        1 1 1 29   62  
3934        1 1 1 30   62  
3935        1 1 1 31   62  
3936        1 1 1 32   62  
3937        1 1 1 33   62  
3938        1 1 1 34   62  
3939        1 1 1 35   62  
3940        1 1 1 36   62  
3941        1 1 1 37   62  
3942        1 1 1 38   62  
3943        1 1 1 39   62  
3944        1 1 1 40   62  
3945        1 1 1 41   62  
3946        1 1 1 42   62  
3947        1 1 1 43   62  
3948        1 1 1 44   62  
3949        1 1 1 45   62  
3950        1 1 1 46   62  
3951        1 1 1 47   62  
3952        1 1 1 48   62  
3953        1 1 1 49   62  
3954        1 1 1 50   62  
3955        1 1 1 51   62  
3956        1 1 1 52   62  
3957        1 1 1 53   62  
3958        1 1 1 54   62  
3959        1 1 1 55   62  
3960        1 1 1 56   62  
3961        1 1 1 57   62  
3962        1 1 1 58   62  
3963        1 1 1 59   62  
3964        1 1 1 60   62  
3965        1 1 1 61   62  
3966        1 1 1 62   62  
3967        1 1 1 63   62  
3968        1 1 1 64   62  
3969        1 1 1 1    63  
3970        1 1 1 2    63  
3971        1 1 1 3    63  
3972        1 1 1 4    63  
3973        1 1 1 5    63  
3974        1 1 1 6    63  
3975        1 1 1 7    63  
3976        1 1 1 8    63  
3977        1 1 1 9    63  
3978        1 1 1 10   63  
3979        1 1 1 11   63  
3980        1 1 1 12   63  
3981        1 1 1 13   63  
3982        1 1 1 14   63  
3983        1 1 1 15   63  
3984        1 1 1 16   63  
3985        1 1 1 17   63  
3986        1 1 1 18   63  
3987        1 1 1 19   63  
3988        1 1 1 20   63  
3989        1 1 1 21   63  
3990        1 1 1 22   63  
3991        1 1 1 23   63  
3992        1 1 1 24   63  
3993        1 1 1 25   63  
3994        1 1 1 26   63  
3995        1 1 1 27   63  
3996        1 1 1 28   63  
3997        1 1 1 29   63  
3998        1 1 1 30   63  
3999        1 1 1 31   63  
4000        1 1 1 32   63  
4001        1 1 1 33   63  
4002        1 1 1 34   63  
4003        1 1 1 35   63  
4004        1 1 1 36   63  
4005        1 1 1 37   63  
4006        1 1 1 38   63  
4007        1 1 1 39   63  
4008        1 1 1 40   63  
4009        1 1 1 41   63  
4010        1 1 1 42   63  
4011        1 1 1 43   63  
4012        1 1 1 44   63  
4013        1 1 1 45   63  
4014        1 1 1 46   63  
4015        1 1 1 47   63  
4016        1 1 1 48   63  
4017        1 1 1 49   63  
4018        1 1 1 50   63  
4019        1 1 1 51   63  
4020        1 1 1 52   63  
4021        1 1 1 53   63  
4022        1 1 1 54   63  
4023        1 1 1 55   63  
4024        1 1 1 56   63  
4025        1 1 1 57   63  
4026        1 1 1 58   63  
4027        1 1 1 59   63  
4028        1 1 1 60   63  
4029        1 1 1 61   63  
4030        1 1 1 62   63  
4031        1 1 1 63   63  
4032        1 1 1 64   63  
4033        1 1 1 1    64  
4034        1 1 1 2    64  
4035        1 1 1 3    64  
4036        1 1 1 4    64  
4037        1 1 1 5    64  
4038        1 1 1 6    64  
4039        1 1 1 7    64  
4040        1 1 1 8    64  
4041        1 1 1 9    64  
4042        1 1 1 10   64  
4043        1 1 1 11   64  
4044        1 1 1 12   64  
4045        1 1 1 13   64  
4046        1 1 1 14   64  
4047        1 1 1 15   64  
4048        1 1 1 16   64  
4049        1 1 1 17   64  
4050        1 1 1 18   64  
4051        1 1 1 19   64  
4052        1 1 1 20   64  
4053        1 1 1 21   64  
4054        1 1 1 22   64  
4055        1 1 1 23   64  
4056        1 1 1 24   64  
4057        1 1 1 25   64  
4058        1 1 1 26   64  
4059        1 1 1 27   64  
4060        1 1 1 28   64  
4061        1 1 1 29   64  
4062        1 1 1 30   64  
4063        1 1 1 31   64  
4064        1 1 1 32   64  
4065        1 1 1 33   64  
4066        1 1 1 34   64  
4067        1 1 1 35   64  
4068        1 1 1 36   64  
4069        1 1 1 37   64  
4070        1 1 1 38   64  
4071        1 1 1 39   64  
4072        1 1 1 40   64  
4073        1 1 1 41   64  
4074        1 1 1 42   64  
4075        1 1 1 43   64  
4076        1 1 1 44   64  
4077        1 1 1 45   64  
4078        1 1 1 46   64  
4079        1 1 1 47   64  
4080        1 1 1 48   64  
4081        1 1 1 49   64  
4082        1 1 1 50   64  
4083        1 1 1 51   64  
4084        1 1 1 52   64  
4085        1 1 1 53   64  
4086        1 1 1 54   64  
4087        1 1 1 55   64  
4088        1 1 1 56   64  
4089        1 1 1 57   64  
4090        1 1 1 58   64  
4091        1 1 1 59   64  
4092        1 1 1 60   64  
4093        1 1 1 61   64  
4094        1 1 1 62   64  
4095        1 1 1 63   64  
4096        1 1 1 64   64 

%END

