%HEADER.ANALYSIS.ALGORITHM
'LinearStability' 
'ModalAnalysis'

%HEADER.ANALYSIS.TOLERANCE
0.0001

%HEADER.ANALYSIS.MAXIMUM.ITERATIONS
1000

%NODE
2736

%NODE.COORD
2736
1	0.00000000000000E+00	-4.00000000000000E+00	0
2	-5.57694289884720E-02	-4.00008472008924E+00	0
3	-1.68393355227129E-01	-3.99543561605078E+00	0
4	-3.39102218810192E-01	-3.97361326087644E+00	0
5	-5.10086695500310E-01	-3.93655110337433E+00	0
6	-6.79831090225401E-01	-3.88385127083494E+00	0
7	-8.46799841173134E-01	-3.81512194207390E+00	0
8	-1.00949238300110E+00	-3.73009624027536E+00	0
9	-1.16639249051191E+00	-3.62851252580608E+00	0
10	-1.31598656051745E+00	-3.51015954591674E+00	0
11	-1.45675553447571E+00	-3.37484035192909E+00	0
12	-1.58657278026300E+00	-3.22288365086966E+00	0
13	-1.70320428711213E+00	-3.05474756349835E+00	0
14	-1.80432591872666E+00	-2.87105752362973E+00	0
15	-1.88750620582421E+00	-2.67262403380637E+00	0
16	-1.95031784472595E+00	-2.46056820685252E+00	0
17	-1.99024309962339E+00	-2.23626611491704E+00	0
18	-1.99987250136915E+00	-2.07969850045738E+00	0
19	-2.00000000000000E+00	-2.00000000000000E+00	0
20	0.00000000000000E+00	-4.01780558771891E+00	0
21	-5.65508683961429E-02	-4.01807860285831E+00	0
22	-1.70721360939602E-01	-4.01389701251950E+00	0
23	-3.43739407194652E-01	-3.99304948864229E+00	0
24	-5.17060460836007E-01	-3.95723642631929E+00	0
25	-6.89206647853884E-01	-3.90606072440322E+00	0
26	-8.58679942812756E-01	-3.83913115712230E+00	0
27	-1.02401555022102E+00	-3.75617998328738E+00	0
28	-1.18373279043524E+00	-3.65694455266045E+00	0
29	-1.33635272075485E+00	-3.54121183145278E+00	0
30	-1.48039064907993E+00	-3.40878283211150E+00	0
31	-1.61372628112285E+00	-3.25989257249510E+00	0
32	-1.73412895570871E+00	-3.09490292381581E+00	0
33	-1.83927424049903E+00	-2.91434024158265E+00	0
34	-1.92672627389331E+00	-2.71891280577202E+00	0
35	-1.99404712133131E+00	-2.50963665667137E+00	0
36	-2.03870294769871E+00	-2.28777925157209E+00	0
37	-2.05161832252026E+00	-2.13254327931115E+00	0
38	-2.05341676315675E+00	-2.05341676315676E+00	0
39	0.00000000000000E+00	-4.05373730477069E+00	0
40	-5.81282525796470E-02	-4.05437176167279E+00	0
41	-1.75414461943671E-01	-4.05109314409085E+00	0
42	-3.53068637324002E-01	-4.03214441802662E+00	0
43	-5.31067661274497E-01	-3.99877839387746E+00	0
44	-7.08012456005369E-01	-3.95060201355521E+00	0
45	-8.82483223156171E-01	-3.88722774763546E+00	0
46	-1.05308977700594E+00	-3.80838851123630E+00	0
47	-1.21842559961777E+00	-3.71382202234060E+00	0
48	-1.37708411662675E+00	-3.60331403757612E+00	0
49	-1.52765241264340E+00	-3.47666383798467E+00	0
50	-1.66803312753507E+00	-3.33392595239829E+00	0
51	-1.79601254510802E+00	-3.17527662099976E+00	0
52	-1.90927582099868E+00	-3.00105083425298E+00	0
53	-2.00538841604400E+00	-2.81175913685345E+00	0
54	-2.08190085834390E+00	-2.60821376679234E+00	0
55	-2.13625665211688E+00	-2.39147110732135E+00	0
56	-2.15595309218206E+00	-2.23908853177035E+00	0
57	-2.16121191431208E+00	-2.16121191431208E+00	0
58	0.00000000000000E+00	-4.10862789447909E+00	0
59	-6.05379786081189E-02	-4.10975445831390E+00	0
60	-1.82566032373278E-01	-4.10772647763103E+00	0
61	-3.67228898399705E-01	-4.09146572587212E+00	0
62	-5.52260646464283E-01	-4.06161220463921E+00	0
63	-7.36389538090078E-01	-4.01778559355725E+00	0
64	-9.18322261078903E-01	-3.95961059797633E+00	0
65	-1.09678942918332E+00	-3.88682743417118E+00	0
66	-1.27050465330677E+00	-3.79918070243066E+00	0
67	-1.43817872919771E+00	-3.69646056519021E+00	0
68	-1.59851521408683E+00	-3.57846990870586E+00	0
69	-1.74948407764175E+00	-3.44501532023496E+00	0
70	-1.88892991443666E+00	-3.29601732389312E+00	0
71	-2.01458495534309E+00	-3.13154636043449E+00	0
72	-2.12404911546567E+00	-2.95183862037297E+00	0
73	-2.21488689229729E+00	-2.75742173957901E+00	0
74	-2.28453849629682E+00	-2.54905601180256E+00	0
75	-2.31506216112085E+00	-2.40155144012811E+00	0
76	-2.32588368343729E+00	-2.32588368343729E+00	0
77	0.00000000000000E+00	-4.16454290142266E+00	0
78	-6.29914886448330E-02	-4.16610690587788E+00	0
79	-1.89830173704366E-01	-4.16521808180794E+00	0
80	-3.81557434681820E-01	-4.15147745445497E+00	0
81	-5.73638996663042E-01	-4.12497378479066E+00	0
82	-7.64939288198343E-01	-4.08534533660254E+00	0
83	-9.54300311421366E-01	-4.03223491396195E+00	0
84	-1.14058203901945E+00	-3.96539551253503E+00	0
85	-1.32262677153474E+00	-3.88458410657765E+00	0
86	-1.49927116799927E+00	-3.78960064721785E+00	0
87	-1.66934374192641E+00	-3.68025699154090E+00	0
88	-1.83091687450197E+00	-3.55613670118069E+00	0
89	-1.98192852029954E+00	-3.41692944089007E+00	0
90	-2.12019283182003E+00	-3.26246572267602E+00	0
91	-2.24337879846033E+00	-3.09273175074003E+00	0
92	-2.34909826466026E+00	-2.90799373308697E+00	0
93	-2.43482092778058E+00	-2.70873844999167E+00	0
94	-2.47685571680047E+00	-2.56673736433021E+00	0
95	-2.49362870426796E+00	-2.49362870426797E+00	0
96	0.00000000000000E+00	-4.22151372367058E+00	0
97	-6.54889167205710E-02	-4.22345589174423E+00	0
98	-1.97207537240779E-01	-4.22358708574799E+00	0
99	-3.96056104132681E-01	-4.21219110503620E+00	0
100	-5.95205890274456E-01	-4.18887003813343E+00	0
101	-7.93666001680479E-01	-4.15328575276515E+00	0
102	-9.90422265596777E-01	-4.10510418936356E+00	0
103	-1.18447224774174E+00	-4.04409576276037E+00	0
104	-1.37479517360405E+00	-3.97003447452687E+00	0
105	-1.56036173422123E+00	-3.88273461007060E+00	0
106	-1.74013355915219E+00	-3.78202152621499E+00	0
107	-1.91232267598460E+00	-3.66728279895087E+00	0
108	-2.07499760447519E+00	-3.53800421664367E+00	0
109	-2.22609141828815E+00	-3.39380310666545E+00	0
110	-2.36337895056930E+00	-3.23444217394878E+00	0
111	-2.48455487243108E+00	-3.05995144586554E+00	0
112	-2.58715323223990E+00	-2.87056881975744E+00	0
113	-2.64141131674247E+00	-2.73472427545553E+00	0
114	-2.66454117101174E+00	-2.66454117101173E+00	0
115	0.00000000000000E+00	-4.27957176236469E+00	0
116	-6.80303970019640E-02	-4.28182820642725E+00	0
117	-2.04698774698546E-01	-4.28285262185537E+00	0
118	-4.10726765559189E-01	-4.27361818242151E+00	0
119	-6.16964507000913E-01	-4.25330787233175E+00	0
120	-8.22573975665296E-01	-4.22161135634828E+00	0
121	-1.02669301730600E+00	-4.17822192259496E+00	0
122	-1.22846469940746E+00	-4.12293120638038E+00	0
123	-1.42701308222548E+00	-4.05553405162449E+00	0
124	-1.62145073308057E+00	-3.97586278630148E+00	0
125	-1.81088023344306E+00	-3.88375995917303E+00	0
126	-1.99369264533786E+00	-3.77844632456660E+00	0
127	-2.16812641482562E+00	-3.65923290367622E+00	0
128	-2.33227268939159E+00	-3.52555270646981E+00	0
129	-2.48405106480291E+00	-3.37697354479750E+00	0
130	-2.62127662072489E+00	-3.21331658557689E+00	0
131	-2.74158470405778E+00	-3.03459752824193E+00	0
132	-2.80880652752763E+00	-2.90559015384282E+00	0
133	-2.83871528709406E+00	-2.83871528709406E+00	0
134	0.00000000000000E+00	-4.33874840869802E+00	0
135	-7.06160633178739E-02	-4.34125063085962E+00	0
136	-2.12304536792139E-01	-4.34303381353760E+00	0
137	-4.25571275805564E-01	-4.33577018290614E+00	0
138	-6.38918023655014E-01	-4.31829418668984E+00	0
139	-8.51667503498289E-01	-4.29032665316564E+00	0
140	-1.06311745560643E+00	-4.25159160322667E+00	0
141	-1.27256403260484E+00	-4.20190485556434E+00	0
142	-1.47928371385127E+00	-4.14108507322329E+00	0
143	-1.68253846278369E+00	-4.06898549778927E+00	0
144	-1.88157932475504E+00	-3.98546872551190E+00	0
145	-2.07501793719716E+00	-3.88961997686768E+00	0
146	-2.26130418931666E+00	-3.78060674117019E+00	0
147	-2.43872860798700E+00	-3.65770870116844E+00	0
148	-2.60539661967255E+00	-3.52032950079734E+00	0
149	-2.75928339642144E+00	-3.36811083948853E+00	0
150	-2.89816461441962E+00	-3.20087495812439E+00	0
151	-2.97911888828486E+00	-3.07941295191768E+00	0
152	-3.01624522609409E+00	-3.01624522609408E+00	0
153	0.00000000000000E+00	-4.39907506373355E+00	0
154	-7.32460499252600E-02	-4.40174995583851E+00	0
155	-2.20025475485724E-01	-4.40414979409928E+00	0
156	-4.40591494124379E-01	-4.39865861286765E+00	0
157	-6.61069620572513E-01	-4.38383589092291E+00	0
158	-8.80950883148812E-01	-4.35943615992064E+00	0
159	-1.09970047529548E+00	-4.32521673235418E+00	0
160	-1.31677489282210E+00	-4.28101973480409E+00	0
161	-1.53161029306577E+00	-4.22668978796362E+00	0
162	-1.74362523100121E+00	-4.16210308083787E+00	0
163	-1.95222640396772E+00	-4.08714427606802E+00	0
164	-2.15628971876888E+00	-4.00079647192397E+00	0
165	-2.35452018037925E+00	-3.90211698720206E+00	0
166	-2.54545115359419E+00	-3.79026529056813E+00	0
167	-2.72741711290936E+00	-3.66451370218381E+00	0
168	-2.89859510858528E+00	-3.52435591974373E+00	0
169	-3.05694226011567E+00	-3.36945151925389E+00	0
170	-3.15242596635867E+00	-3.25627065088994E+00	0
171	-3.19722519120068E+00	-3.19722519120067E+00	0
172	0.00000000000000E+00	-4.46058312203383E+00	0
173	-7.59204907932029E-02	-4.46335296560862E+00	0
174	-2.27862241894356E-01	-4.46621969016184E+00	0
175	-4.55789278102913E-01	-4.46229497172018E+00	0
176	-6.83422475615592E-01	-4.44993988741321E+00	0
177	-9.10428409294562E-01	-4.42894438552010E+00	0
178	-1.13644696703344E+00	-4.39910080271399E+00	0
179	-1.36110192052064E+00	-4.36027885956691E+00	0
180	-1.58399603847567E+00	-4.31235043468853E+00	0
181	-1.80471133839764E+00	-4.25521586106996E+00	0
182	-2.02281703383231E+00	-4.18878304999817E+00	0
183	-2.23749914790245E+00	-4.11196851303871E+00	0
184	-2.44776362974130E+00	-4.02375488593412E+00	0
185	-2.65243229355644E+00	-3.92321665938152E+00	0
186	-2.85011402845852E+00	-3.80952979291558E+00	0
187	-3.03923165074384E+00	-3.68207352105462E+00	0
188	-3.21796692050219E+00	-3.54037760295500E+00	0
189	-3.32880531029754E+00	-3.43624121277937E+00	0
190	-3.38174936610149E+00	-3.38174936610151E+00	0
191	0.00000000000000E+00	-4.52330398200960E+00	0
192	-7.86395200634179E-02	-4.52608644833016E+00	0
193	-2.35815487650102E-01	-4.52926263241396E+00	0
194	-4.71166486367478E-01	-4.52669076322546E+00	0
195	-7.05979768220941E-01	-4.51661308322491E+00	0
196	-9.40104378744682E-01	-4.49885584394260E+00	0
197	-1.17336182419834E+00	-4.47324731256099E+00	0
198	-1.40554975950287E+00	-4.43968525134310E+00	0
199	-1.63644417269646E+00	-4.39806925882767E+00	0
200	-1.86579709036584E+00	-4.34832417131860E+00	0
201	-2.09334678260711E+00	-4.29038149435394E+00	0
202	-2.31863738878071E+00	-4.22312881212292E+00	0
203	-2.54102378632611E+00	-4.14551169084432E+00	0
204	-2.75966400329711E+00	-4.05655700230613E+00	0
205	-2.97348885923896E+00	-3.95538142753247E+00	0
206	-3.18121292628603E+00	-3.84128534920283E+00	0
207	-3.38128788566291E+00	-3.71370361196683E+00	0
208	-3.50833447992858E+00	-3.61940261113076E+00	0
209	-3.56991194602880E+00	-3.56991194602879E+00	0
210	0.00000000000000E+00	-4.58727853034346E+00	0
211	-8.14031469150360E-02	-4.58998482307514E+00	0
212	-2.43885684456030E-01	-4.59330239672994E+00	0
213	-4.86725116057851E-01	-4.59185943547177E+00	0
214	-7.28745351676906E-01	-4.58386299764728E+00	0
215	-9.69984330400549E-01	-4.56917529010558E+00	0
216	-1.21045159935695E+00	-4.54766018276075E+00	0
217	-1.45012479230732E+00	-4.51924267727746E+00	0
218	-1.68895921260999E+00	-4.48384930429878E+00	0
219	-1.92688293240997E+00	-4.44142851493306E+00	0
220	-2.16380930945003E+00	-4.39193450768576E+00	0
221	-2.39969157353381E+00	-4.33426657726675E+00	0
222	-2.63428449308050E+00	-4.26737381602147E+00	0
223	-2.86713304982876E+00	-4.19027581458441E+00	0
224	-3.09754048067105E+00	-4.10207003169488E+00	0
225	-3.32456201144318E+00	-4.00201652198505E+00	0
226	-3.54696740863791E+00	-3.88949300633380E+00	0
227	-3.69111371556059E+00	-3.80585552337836E+00	0
228	-3.76183559103039E+00	-3.76183559103038E+00	0
229	0.00000000000000E+00	-4.65254766821426E+00	0
230	-8.42113811451589E-02	-4.65508252332386E+00	0
231	-2.52073305809714E-01	-4.65836277328708E+00	0
232	-5.02467167740008E-01	-4.65781445091077E+00	0
233	-7.51723084241402E-01	-4.65169716461789E+00	0
234	-1.00007380963278E+00	-4.63990749409127E+00	0
235	-1.24772285304557E+00	-4.62234335009815E+00	0
236	-1.49483341098573E+00	-4.59895492143127E+00	0
237	-1.74154568624028E+00	-4.56969363318007E+00	0
238	-1.98796932293226E+00	-4.53452941491814E+00	0
239	-2.23419828834156E+00	-4.49343700994856E+00	0
240	-2.48064885133447E+00	-4.44537104000344E+00	0
241	-2.72752961263473E+00	-4.38932770135915E+00	0
242	-2.97482622303175E+00	-4.32436261997936E+00	0
243	-3.22226779488955E+00	-4.24959706268241E+00	0
244	-3.46930201378126E+00	-4.16429219232083E+00	0
245	-3.71506777930148E+00	-4.06780928515077E+00	0
246	-3.87724329865445E+00	-3.99570066891630E+00	0
247	-3.95764300464279E+00	-3.95764300464278E+00	0
248	0.00000000000000E+00	-4.71915228114248E+00	0
249	-8.70642318720750E-02	-4.72141396692479E+00	0
250	-2.60378823232124E-01	-4.72446753661736E+00	0
251	-5.18394638186580E-01	-4.72456925611652E+00	0
252	-7.74916818642957E-01	-4.72012310174035E+00	0
253	-1.03037835457823E+00	-4.71105720895492E+00	0
254	-1.28518213684528E+00	-4.69730073338913E+00	0
255	-1.53968199684886E+00	-4.67882574869593E+00	0
256	-1.79420810897423E+00	-4.65560528690982E+00	0
257	-2.04905670564530E+00	-4.62762737189000E+00	0
258	-2.30450737631774E+00	-4.59488389667254E+00	0
259	-2.56149635184873E+00	-4.55643140511137E+00	0
260	-2.82074298513962E+00	-4.51135975736752E+00	0
261	-3.08273028682341E+00	-4.45880690994156E+00	0
262	-3.34766967397569E+00	-4.39796394223380E+00	0
263	-3.61545600602664E+00	-4.32813747406783E+00	0
264	-3.88565124712379E+00	-4.24871590464744E+00	0
265	-4.06682346598844E+00	-4.18903872156077E+00	0
266	-4.15745684342742E+00	-4.15745684342742E+00	0
267	0.00000000000000E+00	-4.78713326640666E+00	0
268	-8.99617087260039E-02	-4.78901358350417E+00	0
269	-2.68802709743845E-01	-4.79164047312192E+00	0
270	-5.34509527077075E-01	-4.79213730983260E+00	0
271	-7.98330411884046E-01	-4.78914833925877E+00	0
272	-1.06090350900847E+00	-4.78262920104115E+00	0
273	-1.32283600936002E+00	-4.77253626557334E+00	0
274	-1.58467693967855E+00	-4.75885893911174E+00	0
275	-1.84695100620982E+00	-4.74158732329745E+00	0
276	-2.11014553593622E+00	-4.72072290426022E+00	0
277	-2.37473024390779E+00	-4.69627008281487E+00	0
278	-2.64222122026819E+00	-4.66743689862115E+00	0
279	-2.91390846857445E+00	-4.63345641781265E+00	0
280	-3.19083202557802E+00	-4.59359820134320E+00	0
281	-3.47374501347325E+00	-4.54717211981765E+00	0
282	-3.76304708779746E+00	-4.49357751124180E+00	0
283	-4.05878009236217E+00	-4.43227635373430E+00	0
284	-4.25995448806011E+00	-4.38597038953412E+00	0
285	-4.36139979922000E+00	-4.36139979922000E+00	0
286	0.00000000000000E+00	-4.85653151264081E+00	0
287	-9.29038211416299E-02	-4.85791579465765E+00	0
288	-2.77345437734852E-01	-4.85990536213846E+00	0
289	-5.50813832718884E-01	-4.86053206453669E+00	0
290	-8.21967718807786E-01	-4.85878040142405E+00	0
291	-1.09165481374600E+00	-4.85462823057793E+00	0
292	-1.36069102549587E+00	-4.84805387308202E+00	0
293	-1.62982462489555E+00	-4.83905826568147E+00	0
294	-1.89977889845145E+00	-4.82764279257821E+00	0
295	-2.17123626394166E+00	-4.81381652245269E+00	0
296	-2.44486055625390E+00	-4.79759047518451E+00	0
297	-2.72281059617654E+00	-4.77837673822692E+00	0
298	-3.00700991470118E+00	-4.75560410762791E+00	0
299	-3.29911821615083E+00	-4.72872600113918E+00	0
300	-3.60049269911162E+00	-4.69722303303448E+00	0
301	-3.91209834531465E+00	-4.66063743290169E+00	0
302	-4.23451657671626E+00	-4.61855410187047E+00	0
303	-4.45673661212899E+00	-4.58659635749915E+00	0
304	-4.56959453792242E+00	-4.56959453792242E+00	0
305	0.00000000000000E+00	-4.92738791406643E+00	0
306	-9.58905787927530E-02	-4.92815502754235E+00	0
307	-2.86007480290606E-01	-4.92928598854081E+00	0
308	-5.67309554750961E-01	-4.92976697828722E+00	0
309	-8.45832596193571E-01	-4.92902681819825E+00	0
310	-1.12263781213994E+00	-4.92705906372295E+00	0
311	-1.39875374327851E+00	-4.92385748858601E+00	0
312	-1.67513144165191E+00	-4.91942750805020E+00	0
313	-1.95269631058129E+00	-4.91377475212734E+00	0
314	-2.23232934487332E+00	-4.90690874462552E+00	0
315	-2.51489198433717E+00	-4.89883998901714E+00	0
316	-2.80325162587197E+00	-4.88924015085011E+00	0
317	-3.10003118302789E+00	-4.87778926189168E+00	0
318	-3.40757564437463E+00	-4.86417982747319E+00	0
319	-3.72791162707074E+00	-4.84811813185036E+00	0
320	-4.06263287700330E+00	-4.82934238178725E+00	0
321	-4.41292297616137E+00	-4.80761263365310E+00	0
322	-4.65727010134574E+00	-4.79101732632398E+00	0
323	-4.78216374219933E+00	-4.78216374219933E+00	0
324	0.00000000000000E+00	-4.97562487404093E+00	0
325	-9.79115201913350E-02	-4.97589547486311E+00	0
326	-2.91862032868587E-01	-4.97629941386609E+00	0
327	-5.78435645096649E-01	-4.97649265841810E+00	0
328	-8.61896796831277E-01	-4.97627234522038E+00	0
329	-1.14345129923462E+00	-4.97563732490462E+00	0
330	-1.42427172435656E+00	-4.97458651826983E+00	0
331	-1.70544632865361E+00	-4.97312279170273E+00	0
332	-1.98803727644004E+00	-4.97124908144832E+00	0
333	-2.27305993133879E+00	-4.96896963131307E+00	0
334	-2.56150945370122E+00	-4.96628901234239E+00	0
335	-2.85677150414618E+00	-4.96309094786697E+00	0
336	-3.16198114017314E+00	-4.95926195188943E+00	0
337	-3.47998593437969E+00	-4.95469272758525E+00	0
338	-3.81330432496555E+00	-4.94927860595270E+00	0
339	-4.16399346441830E+00	-4.94292577704839E+00	0
340	-4.53368201821950E+00	-4.93554781429380E+00	0
341	-4.79352682582393E+00	-4.92989508576093E+00	0
342	-4.92687462212280E+00	-4.92687462212280E+00	0
343	0.00000000000000E+00	-5.00000000000000E+00	0
344	-9.89294345112829E-02	-4.99999999999999E+00	0
345	-2.94809351233094E-01	-5.00000000000000E+00	0
346	-5.84031256923678E-01	-5.00000000000000E+00	0
347	-8.69968107363873E-01	-5.00000000000000E+00	0
348	-1.15389850126161E+00	-5.00000000000000E+00	0
349	-1.43706751181766E+00	-5.00000000000000E+00	0
350	-1.72063241662786E+00	-5.00000000000000E+00	0
351	-2.00572417928052E+00	-5.00000000000000E+00	0
352	-2.29342575881171E+00	-5.00000000000000E+00	0
353	-2.58479958693919E+00	-5.00000000000000E+00	0
354	-2.88350242163983E+00	-5.00000000000000E+00	0
355	-3.19293736090943E+00	-5.00000000000000E+00	0
356	-3.51621519710091E+00	-5.00000000000000E+00	0
357	-3.85611215949134E+00	-5.00000000000000E+00	0
358	-4.21492864605149E+00	-5.00000000000000E+00	0
359	-4.59452725536097E+00	-5.00000000000000E+00	0
360	-4.86231380467741E+00	-5.00000000000000E+00	0
361	-5.00000000000000E+00	-5.00000000000000E+00	0
362	2.00000000000000E+00	-2.00000000000000E+00	0
363	1.99987250239344E+00	-2.07969850054544E+00	0
364	1.99024309885164E+00	-2.23626611483868E+00	0
365	1.95031784444073E+00	-2.46056820670920E+00	0
366	1.88750620669390E+00	-2.67262403387533E+00	0
367	1.80432591838759E+00	-2.87105752326132E+00	0
368	1.70320428700444E+00	-3.05474756316073E+00	0
369	1.58657278108109E+00	-3.22288365191421E+00	0
370	1.45675553539024E+00	-3.37484035272790E+00	0
371	1.31598656041852E+00	-3.51015954591612E+00	0
372	1.16639249007368E+00	-3.62851252498288E+00	0
373	1.00949238238555E+00	-3.73009623946985E+00	0
374	8.46799840824246E-01	-3.81512194227279E+00	0
375	6.79831090178250E-01	-3.88385127226824E+00	0
376	5.10086695609330E-01	-3.93655110500457E+00	0
377	3.39102218752888E-01	-3.97361326177104E+00	0
378	1.68393355365337E-01	-3.99543561536083E+00	0
379	5.57694290451600E-02	-4.00008471941626E+00	0
380	2.05341676316005E+00	-2.05341676316005E+00	0
381	2.05161832354953E+00	-2.13254327941980E+00	0
382	2.03870294693584E+00	-2.28777925147656E+00	0
383	1.99404712105231E+00	-2.50963665652917E+00	0
384	1.92672627476152E+00	-2.71891280586554E+00	0
385	1.83927424016213E+00	-2.91434024121894E+00	0
386	1.73412895560369E+00	-3.09490292347815E+00	0
387	1.61372628192028E+00	-3.25989257353331E+00	0
388	1.48039064998076E+00	-3.40878283290803E+00	0
389	1.33635272065539E+00	-3.54121183145212E+00	0
390	1.18373279001209E+00	-3.65694455184975E+00	0
391	1.02401554962321E+00	-3.75617998249552E+00	0
392	8.58679942475118E-01	-3.83913115731808E+00	0
393	6.89206647806563E-01	-3.90606072581176E+00	0
394	5.17060460941337E-01	-3.95723642792106E+00	0
395	3.43739407132226E-01	-3.99304948952045E+00	0
396	1.70721361077891E-01	-4.01389701184208E+00	0
397	5.65508684532149E-02	-4.01807860219803E+00	0
398	2.16121191432063E+00	-2.16121191432064E+00	0
399	2.15595309321800E+00	-2.23908853191727E+00	0
400	2.13625665137326E+00	-2.39147110719220E+00	0
401	2.08190085807685E+00	-2.60821376665178E+00	0
402	2.00538841690549E+00	-2.81175913699298E+00	0
403	1.90927582066544E+00	-3.00105083389799E+00	0
404	1.79601254500825E+00	-3.17527662066151E+00	0
405	1.66803312828889E+00	-3.33392595342097E+00	0
406	1.52765241351482E+00	-3.47666383877400E+00	0
407	1.37708411652596E+00	-3.60331403757450E+00	0
408	1.21842559922503E+00	-3.71382202155498E+00	0
409	1.05308977644398E+00	-3.80838851047195E+00	0
410	8.82483222841736E-01	-3.88722774782500E+00	0
411	7.08012455958712E-01	-3.95060201491383E+00	0
412	5.31067661373409E-01	-3.99877839542176E+00	0
413	3.53068637251723E-01	-4.03214441887153E+00	0
414	1.75414462081334E-01	-4.05109314343808E+00	0
415	5.81282526368279E-02	-4.05437176103743E+00	0
416	2.32588368345769E+00	-2.32588368345770E+00	0
417	2.31506216216402E+00	-2.40155144033089E+00	0
418	2.28453849559411E+00	-2.54905601163310E+00	0
419	2.21488689205301E+00	-2.75742173944606E+00	0
420	2.12404911631085E+00	-2.95183862057810E+00	0
421	2.01458495501848E+00	-3.13154636009683E+00	0
422	1.88892991434918E+00	-3.29601732355857E+00	0
423	1.74948407832714E+00	-3.44501532123119E+00	0
424	1.59851521491164E+00	-3.57846990948153E+00	0
425	1.43817872909712E+00	-3.69646056518922E+00	0
426	1.27050465296303E+00	-3.79918070168686E+00	0
427	1.09678942867827E+00	-3.88682743345246E+00	0
428	9.18322260802966E-01	-3.95961059815962E+00	0
429	7.36389538048697E-01	-4.01778559484259E+00	0
430	5.52260646557366E-01	-4.06161220609852E+00	0
431	3.67228898314413E-01	-4.09146572666868E+00	0
432	1.82566032507931E-01	-4.10772647701682E+00	0
433	6.05379786635980E-02	-4.10975445771741E+00	0
434	2.49362870429734E+00	-2.49362870429733E+00	0
435	2.47685571784113E+00	-2.56673736458022E+00	0
436	2.43482092712500E+00	-2.70873844978591E+00	0
437	2.34909826443810E+00	-2.90799373296068E+00	0
438	2.24337879927758E+00	-3.09273175100110E+00	0
439	2.12019283150298E+00	-3.26246572235478E+00	0
440	1.98192852022523E+00	-3.41692944055917E+00	0
441	1.83091687511270E+00	-3.55613670214289E+00	0
442	1.66934374269930E+00	-3.68025699229592E+00	0
443	1.49927116789873E+00	-3.78960064721585E+00	0
444	1.32262677124134E+00	-3.88458410587638E+00	0
445	1.14058203857254E+00	-3.96539551186283E+00	0
446	9.54300311186032E-01	-4.03223491413883E+00	0
447	7.64939288165240E-01	-4.08534533781314E+00	0
448	5.73638996753131E-01	-4.12497378616323E+00	0
449	3.81557434584607E-01	-4.15147745520217E+00	0
450	1.89830173833604E-01	-4.16521808123165E+00	0
451	6.29914886966320E-02	-4.16610690531962E+00	0
452	2.66454117105331E+00	-2.66454117105331E+00	0
453	2.64141131777638E+00	-2.73472427574978E+00	0
454	2.58715323164366E+00	-2.87056881952559E+00	0
455	2.48455487223528E+00	-3.05995144575044E+00	0
456	2.36337895135085E+00	-3.23444217426077E+00	0
457	2.22609141798153E+00	-3.39380310636464E+00	0
458	2.07499760441870E+00	-3.53800421632113E+00	0
459	1.91232267651750E+00	-3.66728279987565E+00	0
460	1.74013355987053E+00	-3.78202152694618E+00	0
461	1.56036173412310E+00	-3.88273461006950E+00	0
462	1.37479517336425E+00	-3.97003447387196E+00	0
463	1.18447224735575E+00	-4.04409576213828E+00	0
464	9.90422265405348E-01	-4.10510418953622E+00	0
465	7.93666001659617E-01	-4.15328575390161E+00	0
466	5.95205890365071E-01	-4.18887003941955E+00	0
467	3.96056104025078E-01	-4.21219110573503E+00	0
468	1.97207537362419E-01	-4.22358708521132E+00	0
469	6.54889167667949E-02	-4.22345589122573E+00	0
470	2.83871528714364E+00	-2.83871528714364E+00	0
471	2.80880652854300E+00	-2.90559015417060E+00	0
472	2.74158470352685E+00	-3.03459752798756E+00	0
473	2.62127662055388E+00	-3.21331658547091E+00	0
474	2.48405106553529E+00	-3.37697354514886E+00	0
475	2.33227268909379E+00	-3.52555270618787E+00	0
476	2.16812641478784E+00	-3.65923290336189E+00	0
477	1.99369264578632E+00	-3.77844632544587E+00	0
478	1.81088023410129E+00	-3.88375995987290E+00	0
479	1.62145073298470E+00	-3.97586278629932E+00	0
480	1.42701308204042E+00	-4.05553405101608E+00	0
481	1.22846469908319E+00	-4.12293120580843E+00	0
482	1.02669301716011E+00	-4.17822192276215E+00	0
483	8.22573975659288E-01	-4.22161135740800E+00	0
484	6.16964507094554E-01	-4.25330787352868E+00	0
485	4.10726765442017E-01	-4.27361818307023E+00	0
486	2.04698774810050E-01	-4.28285262135765E+00	0
487	6.80303970405970E-02	-4.28182820594775E+00	0
488	3.01624522615537E+00	-3.01624522615538E+00	0
489	2.97911888927706E+00	-3.07941295227561E+00	0
490	2.89816461396742E+00	-3.20087495785887E+00	0
491	2.75928339627978E+00	-3.36811083939656E+00	0
492	2.60539662034718E+00	-3.52032950118243E+00	0
493	2.43872860770129E+00	-3.65770870090991E+00	0
494	2.26130418930297E+00	-3.78060674086971E+00	0
495	2.07501793755833E+00	-3.88961997769849E+00	0
496	1.88157932535083E+00	-3.98546872617767E+00	0
497	1.68253846269293E+00	-4.06898549778845E+00	0
498	1.47928371372449E+00	-4.14108507266537E+00	0
499	1.27256403234498E+00	-4.20190485504589E+00	0
500	1.06311745550921E+00	-4.25159160339009E+00	0
501	8.51667503510968E-01	-4.29032665414873E+00	0
502	6.38918023755066E-01	-4.31829418779743E+00	0
503	4.25571275680219E-01	-4.33577018350568E+00	0
504	2.12304536891264E-01	-4.34303381308104E+00	0
505	7.06160633470079E-02	-4.34125063042116E+00	0
506	3.19722519126808E+00	-3.19722519126808E+00	0
507	3.15242596731382E+00	-3.25627065126516E+00	0
508	3.05694225974776E+00	-3.36945151898034E+00	0
509	2.89859510847040E+00	-3.52435591966260E+00	0
510	2.72741711351087E+00	-3.66451370258903E+00	0
511	2.54545115331844E+00	-3.79026529033083E+00	0
512	2.35452018039051E+00	-3.90211698691513E+00	0
513	2.15628971903579E+00	-4.00079647269770E+00	0
514	1.95222640449526E+00	-4.08714427669174E+00	0
515	1.74362523091541E+00	-4.16210308083607E+00	0
516	1.53161029299821E+00	-4.22668978745577E+00	0
517	1.31677489262699E+00	-4.28101973433823E+00	0
518	1.09970047524807E+00	-4.32521673251148E+00	0
519	8.80950883182403E-01	-4.35943616082330E+00	0
520	6.61069620681131E-01	-4.38383589193735E+00	0
521	4.40591493991397E-01	-4.39865861341557E+00	0
522	2.20025475569793E-01	-4.40414979368312E+00	0
523	7.32460499428430E-02	-4.40174995544018E+00	0
524	3.38174936617825E+00	-3.38174936617826E+00	0
525	3.32880531120976E+00	-3.43624121316723E+00	0
526	3.21796692023242E+00	-3.54037760268514E+00	0
527	3.03923165065998E+00	-3.68207352098885E+00	0
528	2.85011402897701E+00	-3.80952979333403E+00	0
529	2.65243229329386E+00	-3.92321665916998E+00	0
530	2.44776362978333E+00	-4.02375488566679E+00	0
531	2.23749914807227E+00	-4.11196851375247E+00	0
532	2.02281703428934E+00	-4.18878305057701E+00	0
533	1.80471133831990E+00	-4.25521586106965E+00	0
534	1.58399603847092E+00	-4.31235043423452E+00	0
535	1.36110192039271E+00	-4.36027885915650E+00	0
536	1.13644696703867E+00	-4.39910080286613E+00	0
537	9.10428409352635E-01	-4.42894438634163E+00	0
538	6.83422475735925E-01	-4.44993988833359E+00	0
539	4.55789277963486E-01	-4.46229497221700E+00	0
540	2.27862241961028E-01	-4.46621968978849E+00	0
541	7.59204907972999E-02	-4.46335296525261E+00	0
542	3.56991194610756E+00	-3.56991194610755E+00	0
543	3.50833448078150E+00	-3.61940261151597E+00	0
544	3.38128788549632E+00	-3.71370361170302E+00	0
545	3.18121292622946E+00	-3.84128534914793E+00	0
546	2.97348885965709E+00	-3.95538142794846E+00	0
547	2.75966400304498E+00	-4.05655700211748E+00	0
548	2.54102378639974E+00	-4.14551169059611E+00	0
549	2.31863738884606E+00	-4.22312881276754E+00	0
550	2.09334678298748E+00	-4.29038149487943E+00	0
551	1.86579709029598E+00	-4.34832417131708E+00	0
552	1.63644417275520E+00	-4.39806925842649E+00	0
553	1.40554975944198E+00	-4.43968525098627E+00	0
554	1.17336182425684E+00	-4.47324731270448E+00	0
555	9.40104378829036E-01	-4.49885584467797E+00	0
556	7.05979768354780E-01	-4.51661308404630E+00	0
557	4.71166486221843E-01	-4.52669076366793E+00	0
558	2.35815487696552E-01	-4.52926263208251E+00	0
559	7.86395200519340E-02	-4.52608644801533E+00	0
560	3.76183559111487E+00	-3.76183559111487E+00	0
561	3.69111371634785E+00	-3.80585552375578E+00	0
562	3.54696740858969E+00	-3.88949300608909E+00	0
563	3.32456201141850E+00	-4.00201652194590E+00	0
564	3.09754048097796E+00	-4.10207003210067E+00	0
565	2.86713304959077E+00	-4.19027581442380E+00	0
566	2.63428449319243E+00	-4.26737381579954E+00	0
567	2.39969157349224E+00	-4.33426657783982E+00	0
568	2.16380930975194E+00	-4.39193450815554E+00	0
569	1.92688293235173E+00	-4.44142851493340E+00	0
570	1.68895921273615E+00	-4.48384930395437E+00	0
571	1.45012479231587E+00	-4.51924267697680E+00	0
572	1.21045159947133E+00	-4.54766018289600E+00	0
573	9.69984330514589E-01	-4.56917529075344E+00	0
574	7.28745351827216E-01	-4.58386299836822E+00	0
575	4.86725115907022E-01	-4.59185943586031E+00	0
576	2.43885684479845E-01	-4.59330239644345E+00	0
577	8.14031468860299E-02	-4.58998482280425E+00	0
578	3.95764300472297E+00	-3.95764300472296E+00	0
579	3.87724329935609E+00	-3.99570066926693E+00	0
580	3.71506777937558E+00	-4.06780928492625E+00	0
581	3.46930201378292E+00	-4.16429219229093E+00	0
582	3.22226779506496E+00	-4.24959706305923E+00	0
583	2.97482622280419E+00	-4.32436261984273E+00	0
584	2.72752961278560E+00	-4.38932770116262E+00	0
585	2.48064885117804E+00	-4.44537104049500E+00	0
586	2.23419828855843E+00	-4.49343701035336E+00	0
587	1.98796932288539E+00	-4.53452941491704E+00	0
588	1.74154568643420E+00	-4.56969363289046E+00	0
589	1.49483341106279E+00	-4.59895492118349E+00	0
590	1.24772285321571E+00	-4.62234335021995E+00	0
591	1.00007380977766E+00	-4.63990749464487E+00	0
592	7.51723084409403E-01	-4.65169716523185E+00	0
593	5.02467167583769E-01	-4.65781445124101E+00	0
594	2.52073305807870E-01	-4.65836277304434E+00	0
595	8.42113810964870E-02	-4.65508252309536E+00	0
596	4.15745684350653E+00	-4.15745684350651E+00	0
597	4.06682346659652E+00	-4.18903872187789E+00	0
598	3.88565124733613E+00	-4.24871590445682E+00	0
599	3.61545600605897E+00	-4.32813747405176E+00	0
600	3.34766967400712E+00	-4.39796394257230E+00	0
601	3.08273028661011E+00	-4.45880690983428E+00	0
602	2.82074298533690E+00	-4.51135975720439E+00	0
603	2.56149635157524E+00	-4.55643140551935E+00	0
604	2.30450737644803E+00	-4.59488389701026E+00	0
605	2.04905670561401E+00	-4.62762737189081E+00	0
606	1.79420810924000E+00	-4.65560528667892E+00	0
607	1.53968199699653E+00	-4.67882574850295E+00	0
608	1.28518213707337E+00	-4.69730073349701E+00	0
609	1.03037835475701E+00	-4.71105720941185E+00	0
610	7.74916818831294E-01	-4.72012310224500E+00	0
611	5.18394638025660E-01	-4.72456925638840E+00	0
612	2.60378823202096E-01	-4.72446753642188E+00	0
613	8.70642318017779E-02	-4.72141396674178E+00	0
614	4.36139979928580E+00	-4.36139979928580E+00	0
615	4.25995448855154E+00	-4.38597038979558E+00	0
616	4.05878009271615E+00	-4.43227635357798E+00	0
617	3.76304708785361E+00	-4.49357751123157E+00	0
618	3.47374501333796E+00	-4.54717212009656E+00	0
619	3.19083202537476E+00	-4.59359820126061E+00	0
620	2.91390846881906E+00	-4.63345641768217E+00	0
621	2.64222121986944E+00	-4.66743689893515E+00	0
622	2.37473024394481E+00	-4.69627008307586E+00	0
623	2.11014553592048E+00	-4.72072290425948E+00	0
624	1.84695100654765E+00	-4.74158732312265E+00	0
625	1.58467693989539E+00	-4.75885893896921E+00	0
626	1.32283600964529E+00	-4.77253626566063E+00	0
627	1.06090350922175E+00	-4.78262920139320E+00	0
628	7.98330412093452E-01	-4.78914833964616E+00	0
629	5.34509526910861E-01	-4.79213731004085E+00	0
630	2.68802709682429E-01	-4.79164047297236E+00	0
631	8.99617086319000E-02	-4.78901358336489E+00	0
632	4.56959453797670E+00	-4.56959453797670E+00	0
633	4.45673661249338E+00	-4.58659635769579E+00	0
634	4.23451657722779E+00	-4.61855410176199E+00	0
635	3.91209834539803E+00	-4.66063743290082E+00	0
636	3.60049269879500E+00	-4.69722303324220E+00	0
637	3.29911821596110E+00	-4.72872600108626E+00	0
638	3.00700991500093E+00	-4.75560410753834E+00	0
639	2.72281059565023E+00	-4.77837673844466E+00	0
640	2.44486055619608E+00	-4.79759047536644E+00	0
641	2.17123626394596E+00	-4.81381652245366E+00	0
642	1.89977889886534E+00	-4.82764279246289E+00	0
643	1.62982462518320E+00	-4.83905826559036E+00	0
644	1.36069102584000E+00	-4.84805387314700E+00	0
645	1.09165481399637E+00	-4.85462823082137E+00	0
646	8.21967719040475E-01	-4.85878040169065E+00	0
647	5.50813832547750E-01	-4.86053206468051E+00	0
648	2.77345437639381E-01	-4.85990536203849E+00	0
649	9.29038210217310E-02	-4.85791579456519E+00	0
650	4.78216374222764E+00	-4.78216374222764E+00	0
651	4.65727010155691E+00	-4.79101732643041E+00	0
652	4.41292297683329E+00	-4.80761263359216E+00	0
653	4.06263287710581E+00	-4.82934238178636E+00	0
654	3.72791162654768E+00	-4.84811813196316E+00	0
655	3.40757564419376E+00	-4.86417982744476E+00	0
656	3.10003118338399E+00	-4.87778926184251E+00	0
657	2.80325162520975E+00	-4.88924015096104E+00	0
658	2.51489198417780E+00	-4.89883998911013E+00	0
659	2.23232934489782E+00	-4.90690874462463E+00	0
660	1.95269631107137E+00	-4.91377475206845E+00	0
661	1.67513144200837E+00	-4.91942750800512E+00	0
662	1.39875374368008E+00	-4.92385748862071E+00	0
663	1.12263781242750E+00	-4.92705906384806E+00	0
664	8.45832596449801E-01	-4.92902681833477E+00	0
665	5.67309554573892E-01	-4.92976697836045E+00	0
666	2.86007480157699E-01	-4.92928598848903E+00	0
667	9.58905786448390E-02	-4.92815502749474E+00	0
668	4.92687462213092E+00	-4.92687462213091E+00	0
669	4.79352682592146E+00	-4.92989508579653E+00	0
670	4.53368201900639E+00	-4.93554781427079E+00	0
671	4.16399346453315E+00	-4.94292577704680E+00	0
672	3.81330432429192E+00	-4.94927860599099E+00	0
673	3.47998593420541E+00	-4.95469272757441E+00	0
674	3.16198114057104E+00	-4.95926195187128E+00	0
675	2.85677150339070E+00	-4.96309094790353E+00	0
676	2.56150945347215E+00	-4.96628901237304E+00	0
677	2.27305993137913E+00	-4.96896963131182E+00	0
678	1.98803727698285E+00	-4.97124908142783E+00	0
679	1.70544632905610E+00	-4.97312279168725E+00	0
680	1.42427172479667E+00	-4.97458651828131E+00	0
681	1.14345129954795E+00	-4.97563732494649E+00	0
682	8.61896797104060E-01	-4.97627234526602E+00	0
683	5.78435644915409E-01	-4.97649265844227E+00	0
684	2.91862032708720E-01	-4.97629941384796E+00	0
685	9.79115200233569E-02	-4.97589547484643E+00	0
686	5.00000000000000E+00	-5.00000000000000E+00	0
687	4.86231380471772E+00	-5.00000000000000E+00	0
688	4.59452725620973E+00	-5.00000000000000E+00	0
689	4.21492864617427E+00	-5.00000000000000E+00	0
690	3.85611215874070E+00	-5.00000000000000E+00	0
691	3.51621519693147E+00	-5.00000000000000E+00	0
692	3.19293736133051E+00	-5.00000000000000E+00	0
693	2.88350242083805E+00	-5.00000000000000E+00	0
694	2.58479958667567E+00	-5.00000000000000E+00	0
695	2.29342575886136E+00	-5.00000000000000E+00	0
696	2.00572417985085E+00	-5.00000000000000E+00	0
697	1.72063241705395E+00	-5.00000000000000E+00	0
698	1.43706751227752E+00	-5.00000000000000E+00	0
699	1.15389850158844E+00	-5.00000000000000E+00	0
700	8.69968107645426E-01	-5.00000000000000E+00	0
701	5.84031256740483E-01	-5.00000000000000E+00	0
702	2.94809351059349E-01	-5.00000000000000E+00	0
703	9.89294343329640E-02	-5.00000000000000E+00	0
704	4.00000000000000E+00	1.83799642172744E-11	0
705	4.00008472008975E+00	-5.57694289703501E-02	0
706	3.99543561605229E+00	-1.68393355209630E-01	0
707	3.97361326087929E+00	-3.39102218793790E-01	0
708	3.93655110337835E+00	-5.10086695485140E-01	0
709	3.88385127083996E+00	-6.79831090211560E-01	0
710	3.81512194207973E+00	-8.46799841160720E-01	0
711	3.73009624028179E+00	-1.00949238299017E+00	0
712	3.62851252581286E+00	-1.16639249050250E+00	0
713	3.51015954592365E+00	-1.31598656050957E+00	0
714	3.37484035193589E+00	-1.45675553446932E+00	0
715	3.22288365087610E+00	-1.58657278025805E+00	0
716	3.05474756350418E+00	-1.70320428710852E+00	0
717	2.87105752363473E+00	-1.80432591872426E+00	0
718	2.67262403381035E+00	-1.88750620582283E+00	0
719	2.46056820685527E+00	-1.95031784472536E+00	0
720	2.23626611491846E+00	-1.99024309962329E+00	0
721	2.07969850045786E+00	-1.99987250136915E+00	0
722	4.01780558771887E+00	1.80599979415774E-11	0
723	4.01807860285878E+00	-5.65508683783600E-02	0
724	4.01389701252093E+00	-1.70721360922430E-01	0
725	3.99304948864506E+00	-3.43739407178560E-01	0
726	3.95723642632321E+00	-5.17060460821130E-01	0
727	3.90606072440813E+00	-6.89206647840320E-01	0
728	3.83913115712800E+00	-8.58679942800590E-01	0
729	3.75617998329369E+00	-1.02401555021031E+00	0
730	3.65694455266709E+00	-1.18373279042603E+00	0
731	3.54121183145957E+00	-1.33635272074711E+00	0
732	3.40878283211816E+00	-1.48039064907366E+00	0
733	3.25989257250139E+00	-1.61372628111799E+00	0
734	3.09490292382152E+00	-1.73412895570516E+00	0
735	2.91434024158753E+00	-1.83927424049664E+00	0
736	2.71891280577587E+00	-1.92672627389192E+00	0
737	2.50963665667404E+00	-1.99404712133065E+00	0
738	2.28777925157343E+00	-2.03870294769853E+00	0
739	2.13254327931153E+00	-2.05161832252017E+00	0
740	4.05373730477059E+00	1.74100733829619E-11	0
741	4.05437176167318E+00	-5.81282525625202E-02	0
742	4.05109314409217E+00	-1.75414461927140E-01	0
743	4.03214441802922E+00	-3.53068637308520E-01	0
744	3.99877839388119E+00	-5.31067661260200E-01	0
745	3.95060201355989E+00	-7.08012455992350E-01	0
746	3.88722774764090E+00	-8.82483223144490E-01	0
747	3.80838851124231E+00	-1.05308977699567E+00	0
748	3.71382202234695E+00	-1.21842559960892E+00	0
749	3.60331403758261E+00	-1.37708411661932E+00	0
750	3.47666383799104E+00	-1.52765241263738E+00	0
751	3.33392595240434E+00	-1.66803312753039E+00	0
752	3.17527662100521E+00	-1.79601254510457E+00	0
753	3.00105083425766E+00	-1.90927582099635E+00	0
754	2.81175913685712E+00	-2.00538841604260E+00	0
755	2.60821376679482E+00	-2.08190085834317E+00	0
756	2.39147110732251E+00	-2.13625665211656E+00	0
757	2.23908853177056E+00	-2.15595309218181E+00	0
758	4.10862789447891E+00	1.63900004679363E-11	0
759	4.10975445831418E+00	-6.05379785919902E-02	0
760	4.10772647763220E+00	-1.82566032357740E-01	0
761	4.09146572587450E+00	-3.67228898385170E-01	0
762	4.06161220464267E+00	-5.52260646450870E-01	0
763	4.01778559356159E+00	-7.36389538077880E-01	0
764	3.95961059798138E+00	-9.18322261067970E-01	0
765	3.88682743417680E+00	-1.09678942917369E+00	0
766	3.79918070243659E+00	-1.27050465329846E+00	0
767	3.69646056519626E+00	-1.43817872919075E+00	0
768	3.57846990871180E+00	-1.59851521408117E+00	0
769	3.44501532024059E+00	-1.74948407763733E+00	0
770	3.29601732389822E+00	-1.88892991443338E+00	0
771	3.13154636043881E+00	-2.01458495534081E+00	0
772	2.95183862037634E+00	-2.12404911546424E+00	0
773	2.75742173958122E+00	-2.21488689229645E+00	0
774	2.54905601180346E+00	-2.28453849629634E+00	0
775	2.40155144012805E+00	-2.31506216112035E+00	0
776	4.16454290142239E+00	1.53599355456890E-11	0
777	4.16610690587808E+00	-6.29914886297400E-02	0
778	4.16521808180895E+00	-1.89830173689840E-01	0
779	4.15147745445715E+00	-3.81557434668250E-01	0
780	4.12497378479384E+00	-5.73638996650540E-01	0
781	4.08534533660658E+00	-7.64939288186960E-01	0
782	4.03223491396664E+00	-9.54300311411170E-01	0
783	3.96539551254022E+00	-1.14058203901047E+00	0
784	3.88458410658317E+00	-1.32262677152700E+00	0
785	3.78960064722347E+00	-1.49927116799275E+00	0
786	3.68025699154644E+00	-1.66934374192110E+00	0
787	3.55613670118593E+00	-1.83091687449780E+00	0
788	3.41692944089481E+00	-1.98192852029642E+00	0
789	3.26246572268003E+00	-2.12019283181783E+00	0
790	3.09273175074311E+00	-2.24337879845888E+00	0
791	2.90799373308892E+00	-2.34909826465935E+00	0
792	2.70873844999232E+00	-2.43482092777991E+00	0
793	2.56673736432991E+00	-2.47685571679977E+00	0
794	4.22151372367025E+00	1.43201006608251E-11	0
795	4.22345589174433E+00	-6.54889167065100E-02	0
796	4.22358708574888E+00	-1.97207537227260E-01	0
797	4.21219110503817E+00	-3.96056104120070E-01	0
798	4.18887003813633E+00	-5.95205890262850E-01	0
799	4.15328575276885E+00	-7.93666001669940E-01	0
800	4.10510418936788E+00	-9.90422265587330E-01	0
801	4.04409576276516E+00	-1.18447224773342E+00	0
802	3.97003447453194E+00	-1.37479517359687E+00	0
803	3.88273461007579E+00	-1.56036173421518E+00	0
804	3.78202152622011E+00	-1.74013355914723E+00	0
805	3.66728279895570E+00	-1.91232267598069E+00	0
806	3.53800421664803E+00	-2.07499760447223E+00	0
807	3.39380310666915E+00	-2.22609141828603E+00	0
808	3.23444217395157E+00	-2.36337895056785E+00	0
809	3.05995144586725E+00	-2.48455487243008E+00	0
810	2.87056881975789E+00	-2.58715323223909E+00	0
811	2.73472427545504E+00	-2.64141131674159E+00	0
812	4.27957176236431E+00	1.32500677096914E-11	0
813	4.28182820642726E+00	-6.80303969889700E-02	0
814	4.28285262185613E+00	-2.04698774686070E-01	0
815	4.27361818242328E+00	-4.10726765547570E-01	0
816	4.25330787233439E+00	-6.16964506990230E-01	0
817	4.22161135635164E+00	-8.22573975655580E-01	0
818	4.17822192259893E+00	-1.02669301729731E+00	0
819	4.12293120638477E+00	-1.22846469939980E+00	0
820	4.05553405162914E+00	-1.42701308221885E+00	0
821	3.97586278630623E+00	-1.62145073307496E+00	0
822	3.88375995917771E+00	-1.81088023343846E+00	0
823	3.77844632457104E+00	-1.99369264533420E+00	0
824	3.65923290368023E+00	-2.16812641482284E+00	0
825	3.52555270647318E+00	-2.33227268938956E+00	0
826	3.37697354480004E+00	-2.48405106480147E+00	0
827	3.21331658557839E+00	-2.62127662072384E+00	0
828	3.03459752824219E+00	-2.74158470405684E+00	0
829	2.90559015384216E+00	-2.80880652752660E+00	0
830	4.33874840869760E+00	1.21700427513360E-11	0
831	4.34125063085955E+00	-7.06160633059500E-02	0
832	4.34303381353826E+00	-2.12304536780710E-01	0
833	4.33577018290771E+00	-4.25571275794950E-01	0
834	4.31829418669221E+00	-6.38918023645250E-01	0
835	4.29032665316870E+00	-8.51667503489430E-01	0
836	4.25159160323025E+00	-1.06311745559849E+00	0
837	4.20190485556832E+00	-1.27256403259784E+00	0
838	4.14108507322752E+00	-1.47928371384520E+00	0
839	4.06898549779361E+00	-1.68253846277856E+00	0
840	3.98546872551616E+00	-1.88157932475079E+00	0
841	3.88961997687174E+00	-2.07501793719375E+00	0
842	3.78060674117384E+00	-2.26130418931404E+00	0
843	3.65770870117149E+00	-2.43872860798505E+00	0
844	3.52032950079959E+00	-2.60539661967110E+00	0
845	3.36811083948980E+00	-2.75928339642033E+00	0
846	3.20087495812448E+00	-2.89816461441860E+00	0
847	3.07941295191688E+00	-2.97911888828371E+00	0
848	4.39907506373311E+00	1.10500497640942E-11	0
849	4.40174995583840E+00	-7.32460499144301E-02	0
850	4.40414979409981E+00	-2.20025475475360E-01	0
851	4.39865861286903E+00	-4.40591494114760E-01	0
852	4.38383589092503E+00	-6.61069620563690E-01	0
853	4.35943615992338E+00	-8.80950883140790E-01	0
854	4.32521673235739E+00	-1.09970047528830E+00	0
855	4.28101973480767E+00	-1.31677489281576E+00	0
856	4.22668978796744E+00	-1.53161029306027E+00	0
857	4.16210308084176E+00	-1.74362523099653E+00	0
858	4.08714427607186E+00	-1.95222640396383E+00	0
859	4.00079647192761E+00	-2.15628971876574E+00	0
860	3.90211698720534E+00	-2.35452018037679E+00	0
861	3.79026529057086E+00	-2.54545115359232E+00	0
862	3.66451370218582E+00	-2.72741711290793E+00	0
863	3.52435591974479E+00	-2.89859510858414E+00	0
864	3.36945151925384E+00	-3.05694226011457E+00	0
865	3.25627065088906E+00	-3.15242596635744E+00	0
866	4.46058312203336E+00	9.93005677685233E-12	0
867	4.46335296560846E+00	-7.59204907835000E-02	0
868	4.46621969016226E+00	-2.27862241885090E-01	0
869	4.46229497172137E+00	-4.55789278094330E-01	0
870	4.44993988741507E+00	-6.83422475607720E-01	0
871	4.42894438552252E+00	-9.10428409287420E-01	0
872	4.39910080271684E+00	-1.13644696702702E+00	0
873	4.36027885957008E+00	-1.36110192051497E+00	0
874	4.31235043469191E+00	-1.58399603847073E+00	0
875	4.25521586107342E+00	-1.80471133839340E+00	0
876	4.18878305000160E+00	-2.02281703382879E+00	0
877	4.11196851304196E+00	-2.23749914789955E+00	0
878	4.02375488593705E+00	-2.44776362973899E+00	0
879	3.92321665938393E+00	-2.65243229355465E+00	0
880	3.80952979291733E+00	-2.85011402845711E+00	0
881	3.68207352105550E+00	-3.03923165074268E+00	0
882	3.54037760295484E+00	-3.21796692050104E+00	0
883	3.43624121277838E+00	-3.32880531029626E+00	0
884	4.52330398200913E+00	8.77009576072396E-12	0
885	4.52608644832997E+00	-7.86395200548502E-02	0
886	4.52926263241428E+00	-2.35815487641930E-01	0
887	4.52669076322647E+00	-4.71166486359940E-01	0
888	4.51661308322653E+00	-7.05979768214020E-01	0
889	4.49885584394471E+00	-9.40104378738400E-01	0
890	4.47324731256347E+00	-1.17336182419271E+00	0
891	4.43968525134587E+00	-1.40554975949785E+00	0
892	4.39806925883064E+00	-1.63644417269208E+00	0
893	4.34832417132162E+00	-1.86579709036207E+00	0
894	4.29038149435695E+00	-2.09334678260392E+00	0
895	4.22312881212577E+00	-2.31863738877807E+00	0
896	4.14551169084687E+00	-2.54102378632399E+00	0
897	4.05655700230823E+00	-2.75966400329541E+00	0
898	3.95538142753397E+00	-2.97348885923759E+00	0
899	3.84128534920353E+00	-3.18121292628485E+00	0
900	3.71370361196657E+00	-3.38128788566173E+00	0
901	3.61940261112976E+00	-3.50833447992729E+00	0
902	4.58727853034300E+00	7.58992868554742E-12	0
903	4.58998482307493E+00	-8.14031469076300E-02	0
904	4.59330239673017E+00	-2.43885684448990E-01	0
905	4.59185943547262E+00	-4.86725116051350E-01	0
906	4.58386299764863E+00	-7.28745351670950E-01	0
907	4.56917529010736E+00	-9.69984330395150E-01	0
908	4.54766018276287E+00	-1.21045159935207E+00	0
909	4.51924267727984E+00	-1.45012479230299E+00	0
910	4.48384930430129E+00	-1.68895921260617E+00	0
911	4.44142851493565E+00	-1.92688293240665E+00	0
912	4.39193450768834E+00	-2.16380930944720E+00	0
913	4.33426657726919E+00	-2.39969157353143E+00	0
914	4.26737381602364E+00	-2.63428449307853E+00	0
915	4.19027581458620E+00	-2.86713304982715E+00	0
916	4.10207003169615E+00	-3.09754048066970E+00	0
917	4.00201652198559E+00	-3.32456201144201E+00	0
918	3.88949300633349E+00	-3.54696740863676E+00	0
919	3.80585552337735E+00	-3.69111371555931E+00	0
920	4.65254766821383E+00	6.38999964053255E-12	0
921	4.65508252332365E+00	-8.42113811389300E-02	0
922	4.65836277328724E+00	-2.52073305803810E-01	0
923	4.65781445091146E+00	-5.02467167734590E-01	0
924	4.65169716461901E+00	-7.51723084236440E-01	0
925	4.63990749409275E+00	-1.00007380962827E+00	0
926	4.62234335009990E+00	-1.24772285304150E+00	0
927	4.59895492143326E+00	-1.49483341098207E+00	0
928	4.56969363318216E+00	-1.74154568623702E+00	0
929	4.53452941492030E+00	-1.98796932292941E+00	0
930	4.49343700995069E+00	-2.23419828833907E+00	0
931	4.44537104000547E+00	-2.48064885133234E+00	0
932	4.38932770136097E+00	-2.72752961263292E+00	0
933	4.32436261998084E+00	-2.97482622303022E+00	0
934	4.24959706268344E+00	-3.22226779488825E+00	0
935	4.16429219232124E+00	-3.46930201378012E+00	0
936	4.06780928515042E+00	-3.71506777930035E+00	0
937	3.99570066891535E+00	-3.87724329865324E+00	0
938	4.71915228114210E+00	5.17008658107443E-12	0
939	4.72141396692459E+00	-8.70642318670600E-02	0
940	4.72446753661748E+00	-2.60378823227390E-01	0
941	4.72456925611705E+00	-5.18394638182240E-01	0
942	4.72012310174124E+00	-7.74916818638990E-01	0
943	4.71105720895609E+00	-1.03037835457460E+00	0
944	4.69730073339055E+00	-1.28518213684199E+00	0
945	4.67882574869751E+00	-1.53968199684587E+00	0
946	4.65560528691151E+00	-1.79420810897154E+00	0
947	4.62762737189171E+00	-2.04905670564289E+00	0
948	4.59488389667425E+00	-2.30450737631560E+00	0
949	4.55643140511303E+00	-2.56149635184685E+00	0
950	4.51135975736899E+00	-2.82074298513795E+00	0
951	4.45880690994276E+00	-3.08273028682199E+00	0
952	4.39796394223461E+00	-3.34766967397445E+00	0
953	4.32813747406813E+00	-3.61545600602554E+00	0
954	4.24871590464707E+00	-3.88565124712274E+00	0
955	4.18903872155990E+00	-4.06682346598735E+00	0
956	4.78713326640635E+00	3.90998344812488E-12	0
957	4.78901358350400E+00	-8.99617087222202E-02	0
958	4.79164047312198E+00	-2.68802709740290E-01	0
959	4.79213730983299E+00	-5.34509527073820E-01	0
960	4.78914833925941E+00	-7.98330411881070E-01	0
961	4.78262920104203E+00	-1.06090350900575E+00	0
962	4.77253626557438E+00	-1.32283600935752E+00	0
963	4.75885893911291E+00	-1.58467693967625E+00	0
964	4.74158732329872E+00	-1.84695100620771E+00	0
965	4.72072290426153E+00	-2.11014553593426E+00	0
966	4.69627008281617E+00	-2.37473024390599E+00	0
967	4.66743689862238E+00	-2.64222122026654E+00	0
968	4.63345641781376E+00	-2.91390846857296E+00	0
969	4.59359820134409E+00	-3.19083202557669E+00	0
970	4.54717211981826E+00	-3.47374501347206E+00	0
971	4.49357751124200E+00	-3.76304708779642E+00	0
972	4.43227635373397E+00	-4.05878009236121E+00	0
973	4.38597038953338E+00	-4.25995448805918E+00	0
974	4.85653151264057E+00	2.65010235978025E-12	0
975	4.85791579465750E+00	-9.29038211391000E-02	0
976	4.85990536213849E+00	-2.77345437732500E-01	0
977	4.86053206453695E+00	-5.50813832716750E-01	0
978	4.85878040142449E+00	-8.21967718805840E-01	0
979	4.85462823057851E+00	-1.09165481374418E+00	0
980	4.84805387308272E+00	-1.36069102549418E+00	0
981	4.83905826568225E+00	-1.62982462489395E+00	0
982	4.82764279257903E+00	-1.89977889844990E+00	0
983	4.81381652245355E+00	-2.17123626394015E+00	0
984	4.79759047518538E+00	-2.44486055625244E+00	0
985	4.77837673822774E+00	-2.72281059617512E+00	0
986	4.75560410762865E+00	-3.00700991469984E+00	0
987	4.72872600113977E+00	-3.29911821614958E+00	0
988	4.69722303303487E+00	-3.60049269911051E+00	0
989	4.66063743290180E+00	-3.91209834531369E+00	0
990	4.61855410187022E+00	-4.23451657671547E+00	0
991	4.58659635749861E+00	-4.45673661212824E+00	0
992	4.92738791406631E+00	1.33004718350094E-12	0
993	4.92815502754228E+00	-9.58905787914901E-02	0
994	4.92928598854082E+00	-2.86007480289470E-01	0
995	4.92976697828734E+00	-5.67309554749960E-01	0
996	4.92902681819848E+00	-8.45832596192650E-01	0
997	4.92705906372323E+00	-1.12263781213904E+00	0
998	4.92385748858637E+00	-1.39875374327762E+00	0
999	4.91942750805059E+00	-1.67513144165098E+00	0
1000	4.91377475212776E+00	-1.95269631058032E+00	0
1001	4.90690874462595E+00	-2.23232934487228E+00	0
1002	4.89883998901759E+00	-2.51489198433606E+00	0
1003	4.88924015085053E+00	-2.80325162587079E+00	0
1004	4.87778926189206E+00	-3.10003118302670E+00	0
1005	4.86417982747348E+00	-3.40757564437348E+00	0
1006	4.84811813185055E+00	-3.72791162706969E+00	0
1007	4.82934238178729E+00	-4.06263287700244E+00	0
1008	4.80761263365296E+00	-4.41292297616073E+00	0
1009	4.79101732632367E+00	-4.65727010134528E+00	0
1010	4.97562487404089E+00	4.60076421404665E-13	0
1011	4.97589547486307E+00	-9.79115201909400E-02	0
1012	4.97629941386608E+00	-2.91862032868280E-01	0
1013	4.97649265841814E+00	-5.78435645096400E-01	0
1014	4.97627234522046E+00	-8.61896796831040E-01	0
1015	4.97563732490471E+00	-1.14345129923434E+00	0
1016	4.97458651826994E+00	-1.42427172435622E+00	0
1017	4.97312279170287E+00	-1.70544632865316E+00	0
1018	4.97124908144845E+00	-1.98803727643944E+00	0
1019	4.96896963131321E+00	-2.27305993133805E+00	0
1020	4.96628901234254E+00	-2.56150945370032E+00	0
1021	4.96309094786712E+00	-2.85677150414515E+00	0
1022	4.95926195188955E+00	-3.16198114017204E+00	0
1023	4.95469272758534E+00	-3.47998593437861E+00	0
1024	4.94927860595275E+00	-3.81330432496455E+00	0
1025	4.94292577704841E+00	-4.16399346441752E+00	0
1026	4.93554781429375E+00	-4.53368201821898E+00	0
1027	4.92989508576081E+00	-4.79352682582366E+00	0
1028	5.00000000000000E+00	0.00000000000000E+00	0
1029	5.00000000000000E+00	-9.89294345113301E-02	0
1030	5.00000000000000E+00	-2.94809351233200E-01	0
1031	5.00000000000000E+00	-5.84031256923820E-01	0
1032	5.00000000000000E+00	-8.69968107363990E-01	0
1033	5.00000000000000E+00	-1.15389850126164E+00	0
1034	5.00000000000000E+00	-1.43706751181759E+00	0
1035	5.00000000000000E+00	-1.72063241662764E+00	0
1036	5.00000000000000E+00	-2.00572417928013E+00	0
1037	5.00000000000000E+00	-2.29342575881113E+00	0
1038	5.00000000000000E+00	-2.58479958693840E+00	0
1039	5.00000000000000E+00	-2.88350242163888E+00	0
1040	5.00000000000000E+00	-3.19293736090838E+00	0
1041	5.00000000000000E+00	-3.51621519709985E+00	0
1042	5.00000000000000E+00	-3.85611215949039E+00	0
1043	5.00000000000000E+00	-4.21492864605076E+00	0
1044	5.00000000000000E+00	-4.59452725536055E+00	0
1045	5.00000000000000E+00	-4.86231380467726E+00	0
1046	2.00000000000000E+00	2.00000000000000E+00	0
1047	2.07969850054496E+00	1.99987250239343E+00	0
1048	2.23626611483725E+00	1.99024309885174E+00	0
1049	2.46056820670643E+00	1.95031784444133E+00	0
1050	2.67262403387135E+00	1.88750620669529E+00	0
1051	2.87105752325632E+00	1.80432591839000E+00	0
1052	3.05474756315489E+00	1.70320428700805E+00	0
1053	3.22288365190778E+00	1.58657278108604E+00	0
1054	3.37484035272110E+00	1.45675553539664E+00	0
1055	3.51015954590921E+00	1.31598656042641E+00	0
1056	3.62851252497610E+00	1.16639249008308E+00	0
1057	3.73009623946343E+00	1.00949238239648E+00	0
1058	3.81512194226696E+00	8.46799840836650E-01	0
1059	3.88385127226323E+00	6.79831090192090E-01	0
1060	3.93655110500054E+00	5.10086695624500E-01	0
1061	3.97361326176819E+00	3.39102218769290E-01	0
1062	3.99543561535932E+00	1.68393355382840E-01	0
1063	4.00008471941576E+00	5.57694290632700E-02	0
1064	2.05341676316015E+00	2.05341676316015E+00	0
1065	2.13254327941942E+00	2.05161832354962E+00	0
1066	2.28777925147523E+00	2.03870294693600E+00	0
1067	2.50963665652651E+00	1.99404712105295E+00	0
1068	2.71891280586168E+00	1.92672627476292E+00	0
1069	2.91434024121405E+00	1.83927424016450E+00	0
1070	3.09490292347244E+00	1.73412895560724E+00	0
1071	3.25989257352701E+00	1.61372628192514E+00	0
1072	3.40878283290137E+00	1.48039064998703E+00	0
1073	3.54121183144535E+00	1.33635272066313E+00	0
1074	3.65694455184311E+00	1.18373279002131E+00	0
1075	3.75617998248924E+00	1.02401554963392E+00	0
1076	3.83913115731236E+00	8.58679942487280E-01	0
1077	3.90606072580686E+00	6.89206647820120E-01	0
1078	3.95723642791713E+00	5.17060460956220E-01	0
1079	3.99304948951767E+00	3.43739407148320E-01	0
1080	4.01389701184062E+00	1.70721361095060E-01	0
1081	4.01807860219756E+00	5.65508684710101E-02	0
1082	2.16121191432092E+00	2.16121191432093E+00	0
1083	2.23908853191707E+00	2.15595309321825E+00	0
1084	2.39147110719104E+00	2.13625665137357E+00	0
1085	2.60821376664928E+00	2.08190085807757E+00	0
1086	2.81175913698931E+00	2.00538841690690E+00	0
1087	3.00105083389333E+00	1.90927582066777E+00	0
1088	3.17527662065604E+00	1.79601254501169E+00	0
1089	3.33392595341492E+00	1.66803312829357E+00	0
1090	3.47666383876762E+00	1.52765241352086E+00	0
1091	3.60331403756801E+00	1.37708411653338E+00	0
1092	3.71382202154862E+00	1.21842559923389E+00	0
1093	3.80838851046594E+00	1.05308977645427E+00	0
1094	3.88722774781955E+00	8.82483222853420E-01	0
1095	3.95060201490914E+00	7.08012455971740E-01	0
1096	3.99877839541803E+00	5.31067661387700E-01	0
1097	4.03214441886893E+00	3.53068637267200E-01	0
1098	4.05109314343675E+00	1.75414462097850E-01	0
1099	4.05437176103704E+00	5.81282526539499E-02	0
1100	2.32588368345825E+00	2.32588368345825E+00	0
1101	2.40155144033094E+00	2.31506216216451E+00	0
1102	2.54905601163219E+00	2.28453849559460E+00	0
1103	2.75742173944385E+00	2.21488689205384E+00	0
1104	2.95183862057472E+00	2.12404911631229E+00	0
1105	3.13154636009250E+00	2.01458495502075E+00	0
1106	3.29601732355349E+00	1.88892991435246E+00	0
1107	3.44501532122556E+00	1.74948407833158E+00	0
1108	3.57846990947557E+00	1.59851521491732E+00	0
1109	3.69646056518317E+00	1.43817872910409E+00	0
1110	3.79918070168093E+00	1.27050465297134E+00	0
1111	3.88682743344686E+00	1.09678942868790E+00	0
1112	3.95961059815455E+00	9.18322260813900E-01	0
1113	4.01778559483823E+00	7.36389538060900E-01	0
1114	4.06161220609507E+00	5.52260646570770E-01	0
1115	4.09146572666629E+00	3.67228898328940E-01	0
1116	4.10772647701563E+00	1.82566032523470E-01	0
1117	4.10975445771712E+00	6.05379786797200E-02	0
1118	2.49362870429812E+00	2.49362870429812E+00	0
1119	2.56673736458051E+00	2.47685571784182E+00	0
1120	2.70873844978524E+00	2.43482092712567E+00	0
1121	2.90799373295873E+00	2.34909826443902E+00	0
1122	3.09273175099801E+00	2.24337879927903E+00	0
1123	3.26246572235079E+00	2.12019283150517E+00	0
1124	3.41692944055444E+00	1.98192852022836E+00	0
1125	3.55613670213767E+00	1.83091687511687E+00	0
1126	3.68025699229038E+00	1.66934374270461E+00	0
1127	3.78960064721022E+00	1.49927116790525E+00	0
1128	3.88458410587087E+00	1.32262677124908E+00	0
1129	3.96539551185763E+00	1.14058203858151E+00	0
1130	4.03223491413413E+00	9.54300311196230E-01	0
1131	4.08534533780910E+00	7.64939288176620E-01	0
1132	4.12497378616004E+00	5.73638996765640E-01	0
1133	4.15147745519998E+00	3.81557434598170E-01	0
1134	4.16521808123061E+00	1.89830173848140E-01	0
1135	4.16610690531943E+00	6.29914887117300E-02	0
1136	2.66454117105429E+00	2.66454117105429E+00	0
1137	2.73472427575027E+00	2.64141131777726E+00	0
1138	2.87056881952515E+00	2.58715323164447E+00	0
1139	3.05995144574872E+00	2.48455487223629E+00	0
1140	3.23444217425798E+00	2.36337895135231E+00	0
1141	3.39380310636096E+00	2.22609141798365E+00	0
1142	3.53800421631678E+00	2.07499760442165E+00	0
1143	3.66728279987081E+00	1.91232267652141E+00	0
1144	3.78202152694107E+00	1.74013355987549E+00	0
1145	3.88273461006432E+00	1.56036173412916E+00	0
1146	3.97003447386686E+00	1.37479517337143E+00	0
1147	4.04409576213349E+00	1.18447224736407E+00	0
1148	4.10510418953188E+00	9.90422265414800E-01	0
1149	4.15328575389792E+00	7.93666001670170E-01	0
1150	4.18887003941665E+00	5.95205890376670E-01	0
1151	4.21219110573306E+00	3.96056104037680E-01	0
1152	4.22358708521043E+00	1.97207537375940E-01	0
1153	4.22345589122564E+00	6.54889167808499E-02	0
1154	2.83871528714478E+00	2.83871528714478E+00	0
1155	2.90559015417127E+00	2.80880652854403E+00	0
1156	3.03459752798729E+00	2.74158470352778E+00	0
1157	3.21331658546945E+00	2.62127662055495E+00	0
1158	3.37697354514636E+00	2.48405106553675E+00	0
1159	3.52555270618451E+00	2.33227268909584E+00	0
1160	3.65923290335789E+00	2.16812641479064E+00	0
1161	3.77844632544143E+00	1.99369264578997E+00	0
1162	3.88375995986822E+00	1.81088023410589E+00	0
1163	3.97586278629457E+00	1.62145073299030E+00	0
1164	4.05553405101143E+00	1.42701308204705E+00	0
1165	4.12293120580403E+00	1.22846469909085E+00	0
1166	4.17822192275820E+00	1.02669301716880E+00	0
1167	4.22161135740461E+00	8.22573975669000E-01	0
1168	4.25330787352605E+00	6.16964507105250E-01	0
1169	4.27361818306849E+00	4.10726765453630E-01	0
1170	4.28285262135688E+00	2.04698774822520E-01	0
1171	4.28182820594773E+00	6.80303970535900E-02	0
1172	3.01624522615666E+00	3.01624522615664E+00	0
1173	3.07941295227641E+00	2.97911888927822E+00	0
1174	3.20087495785878E+00	2.89816461396844E+00	0
1175	3.36811083939530E+00	2.75928339628090E+00	0
1176	3.52032950118017E+00	2.60539662034862E+00	0
1177	3.65770870090686E+00	2.43872860770326E+00	0
1178	3.78060674086607E+00	2.26130418930560E+00	0
1179	3.88961997769445E+00	2.07501793756172E+00	0
1180	3.98546872617340E+00	1.88157932535508E+00	0
1181	4.06898549778413E+00	1.68253846269807E+00	0
1182	4.14108507266113E+00	1.47928371373056E+00	0
1183	4.20190485504190E+00	1.27256403235198E+00	0
1184	4.25159160338650E+00	1.06311745551715E+00	0
1185	4.29032665414568E+00	8.51667503519830E-01	0
1186	4.31829418779506E+00	6.38918023764830E-01	0
1187	4.33577018350411E+00	4.25571275690840E-01	0
1188	4.34303381308041E+00	2.12304536902690E-01	0
1189	4.34125063042121E+00	7.06160633589299E-02	0
1190	3.19722519126945E+00	3.19722519126946E+00	0
1191	3.25627065126608E+00	3.15242596731505E+00	0
1192	3.36945151898039E+00	3.05694225974887E+00	0
1193	3.52435591966152E+00	2.89859510847155E+00	0
1194	3.66451370258704E+00	2.72741711351230E+00	0
1195	3.79026529032811E+00	2.54545115332032E+00	0
1196	3.90211698691184E+00	2.35452018039298E+00	0
1197	4.00079647269406E+00	2.15628971903894E+00	0
1198	4.08714427668789E+00	1.95222640449915E+00	0
1199	4.16210308083218E+00	1.74362523092010E+00	0
1200	4.22668978745196E+00	1.53161029300371E+00	0
1201	4.28101973433466E+00	1.31677489263333E+00	0
1202	4.32521673250826E+00	1.09970047525525E+00	0
1203	4.35943616082057E+00	8.80950883190410E-01	0
1204	4.38383589193523E+00	6.61069620689950E-01	0
1205	4.39865861341418E+00	4.40591494001010E-01	0
1206	4.40414979368260E+00	2.20025475580160E-01	0
1207	4.40174995544029E+00	7.32460499536600E-02	0
1208	3.38174936617966E+00	3.38174936617967E+00	0
1209	3.43624121316821E+00	3.32880531121105E+00	0
1210	3.54037760268531E+00	3.21796692023356E+00	0
1211	3.68207352098797E+00	3.03923165066115E+00	0
1212	3.80952979333229E+00	2.85011402897843E+00	0
1213	3.92321665916758E+00	2.65243229329566E+00	0
1214	4.02375488566389E+00	2.44776362978563E+00	0
1215	4.11196851374922E+00	2.23749914807515E+00	0
1216	4.18878305057360E+00	2.02281703429289E+00	0
1217	4.25521586106618E+00	1.80471133832413E+00	0
1218	4.31235043423115E+00	1.58399603847587E+00	0
1219	4.36027885915332E+00	1.36110192039839E+00	0
1220	4.39910080286327E+00	1.13644696704508E+00	0
1221	4.42894438633921E+00	9.10428409359790E-01	0
1222	4.44993988833172E+00	6.83422475743810E-01	0
1223	4.46229497221581E+00	4.55789277972070E-01	0
1224	4.46621968978806E+00	2.27862241970290E-01	0
1225	4.46335296525278E+00	7.59204908069999E-02	0
1226	3.56991194610897E+00	3.56991194610896E+00	0
1227	3.61940261151698E+00	3.50833448078281E+00	0
1228	3.71370361170327E+00	3.38128788549748E+00	0
1229	3.84128534914722E+00	3.18121292623063E+00	0
1230	3.95538142794696E+00	2.97348885965848E+00	0
1231	4.05655700211539E+00	2.75966400304669E+00	0
1232	4.14551169059355E+00	2.54102378640187E+00	0
1233	4.22312881276469E+00	2.31863738884869E+00	0
1234	4.29038149487644E+00	2.09334678299068E+00	0
1235	4.34832417131407E+00	1.86579709029976E+00	0
1236	4.39806925842353E+00	1.63644417275960E+00	0
1237	4.43968525098349E+00	1.40554975944700E+00	0
1238	4.47324731270200E+00	1.17336182426248E+00	0
1239	4.49885584467585E+00	9.40104378835330E-01	0
1240	4.51661308404468E+00	7.05979768361690E-01	0
1241	4.52669076366692E+00	4.71166486229400E-01	0
1242	4.52926263208219E+00	2.35815487704720E-01	0
1243	4.52608644801553E+00	7.86395200604999E-02	0
1244	3.76183559111625E+00	3.76183559111625E+00	0
1245	3.80585552375679E+00	3.69111371634913E+00	0
1246	3.88949300608941E+00	3.54696740859085E+00	0
1247	4.00201652194535E+00	3.32456201141966E+00	0
1248	4.10207003209942E+00	3.09754048097930E+00	0
1249	4.19027581442199E+00	2.86713304959239E+00	0
1250	4.26737381579734E+00	2.63428449319440E+00	0
1251	4.33426657783738E+00	2.39969157349464E+00	0
1252	4.39193450815298E+00	2.16380930975478E+00	0
1253	4.44142851493080E+00	1.92688293235504E+00	0
1254	4.48384930395184E+00	1.68895921273998E+00	0
1255	4.51924267697442E+00	1.45012479232020E+00	0
1256	4.54766018289388E+00	1.21045159947619E+00	0
1257	4.56917529075164E+00	9.69984330519990E-01	0
1258	4.58386299836686E+00	7.28745351833160E-01	0
1259	4.59185943585946E+00	4.86725115913510E-01	0
1260	4.59330239644321E+00	2.43885684486880E-01	0
1261	4.58998482280447E+00	8.14031468934300E-02	0
1262	3.95764300472426E+00	3.95764300472425E+00	0
1263	3.99570066926788E+00	3.87724329935730E+00	0
1264	4.06780928492660E+00	3.71506777937669E+00	0
1265	4.16429219229052E+00	3.46930201378407E+00	0
1266	4.24959706305819E+00	3.22226779506624E+00	0
1267	4.32436261984122E+00	2.97482622280572E+00	0
1268	4.38932770116080E+00	2.72752961278742E+00	0
1269	4.44537104049295E+00	2.48064885118018E+00	0
1270	4.49343701035121E+00	2.23419828856092E+00	0
1271	4.53452941491488E+00	1.98796932288825E+00	0
1272	4.56969363288837E+00	1.74154568643746E+00	0
1273	4.59895492118152E+00	1.49483341106645E+00	0
1274	4.62234335021819E+00	1.24772285321979E+00	0
1275	4.63990749464339E+00	1.00007380978218E+00	0
1276	4.65169716523073E+00	7.51723084414380E-01	0
1277	4.65781445124031E+00	5.02467167589210E-01	0
1278	4.65836277304417E+00	2.52073305813780E-01	0
1279	4.65508252309559E+00	8.42113811027201E-02	0
1280	4.15745684350768E+00	4.15745684350768E+00	0
1281	4.18903872187876E+00	4.06682346659761E+00	0
1282	4.24871590445718E+00	3.88565124733718E+00	0
1283	4.32813747405145E+00	3.61545600606007E+00	0
1284	4.39796394257149E+00	3.34766967400837E+00	0
1285	4.45880690983308E+00	3.08273028661155E+00	0
1286	4.51135975720290E+00	2.82074298533857E+00	0
1287	4.55643140551771E+00	2.56149635157713E+00	0
1288	4.59488389700853E+00	2.30450737645017E+00	0
1289	4.62762737188907E+00	2.04905670561643E+00	0
1290	4.65560528667723E+00	1.79420810924269E+00	0
1291	4.67882574850139E+00	1.53968199699952E+00	0
1292	4.69730073349559E+00	1.28518213707666E+00	0
1293	4.71105720941068E+00	1.03037835476063E+00	0
1294	4.72012310224411E+00	7.74916818835270E-01	0
1295	4.72456925638786E+00	5.18394638030000E-01	0
1296	4.72446753642176E+00	2.60378823206830E-01	0
1297	4.72141396674200E+00	8.70642318067900E-02	0
1298	4.36139979928675E+00	4.36139979928675E+00	0
1299	4.38597038979632E+00	4.25995448855247E+00	0
1300	4.43227635357829E+00	4.05878009271709E+00	0
1301	4.49357751123138E+00	3.76304708785465E+00	0
1302	4.54717212009594E+00	3.47374501333915E+00	0
1303	4.59359820125972E+00	3.19083202537610E+00	0
1304	4.63345641768105E+00	2.91390846882055E+00	0
1305	4.66743689893393E+00	2.64222121987110E+00	0
1306	4.69627008307456E+00	2.37473024394661E+00	0
1307	4.72072290425820E+00	2.11014553592243E+00	0
1308	4.74158732312139E+00	1.84695100654976E+00	0
1309	4.75885893896804E+00	1.58467693989770E+00	0
1310	4.77253626565959E+00	1.32283600964779E+00	0
1311	4.78262920139233E+00	1.06090350922447E+00	0
1312	4.78914833964550E+00	7.98330412096430E-01	0
1313	4.79213731004046E+00	5.34509526914110E-01	0
1314	4.79164047297229E+00	2.68802709685980E-01	0
1315	4.78901358336508E+00	8.99617086357001E-02	0
1316	4.56959453797739E+00	4.56959453797739E+00	0
1317	4.58659635769631E+00	4.45673661249410E+00	0
1318	4.61855410176225E+00	4.23451657722860E+00	0
1319	4.66063743290069E+00	3.91209834539898E+00	0
1320	4.69722303324181E+00	3.60049269879612E+00	0
1321	4.72872600108566E+00	3.29911821596234E+00	0
1322	4.75560410753760E+00	3.00700991500228E+00	0
1323	4.77837673844384E+00	2.72281059565164E+00	0
1324	4.79759047536559E+00	2.44486055619755E+00	0
1325	4.81381652245281E+00	2.17123626394745E+00	0
1326	4.82764279246206E+00	1.89977889886689E+00	0
1327	4.83905826558959E+00	1.62982462518481E+00	0
1328	4.84805387314628E+00	1.36069102584170E+00	0
1329	4.85462823082079E+00	1.09165481399818E+00	0
1330	4.85878040169021E+00	8.21967719042430E-01	0
1331	4.86053206468027E+00	5.50813832549880E-01	0
1332	4.85990536203846E+00	2.77345437641730E-01	0
1333	4.85791579456534E+00	9.29038210242701E-02	0
1334	4.78216374222802E+00	4.78216374222802E+00	0
1335	4.79101732643074E+00	4.65727010155737E+00	0
1336	4.80761263359230E+00	4.41292297683394E+00	0
1337	4.82934238178632E+00	4.06263287710668E+00	0
1338	4.84811813196297E+00	3.72791162654874E+00	0
1339	4.86417982744448E+00	3.40757564419492E+00	0
1340	4.87778926184213E+00	3.10003118338518E+00	0
1341	4.88924015096062E+00	2.80325162521094E+00	0
1342	4.89883998910969E+00	2.51489198417891E+00	0
1343	4.90690874462420E+00	2.23232934489887E+00	0
1344	4.91377475206803E+00	1.95269631107234E+00	0
1345	4.91942750800471E+00	1.67513144200929E+00	0
1346	4.92385748862037E+00	1.39875374368097E+00	0
1347	4.92705906384778E+00	1.12263781242839E+00	0
1348	4.92902681833455E+00	8.45832596450740E-01	0
1349	4.92976697836034E+00	5.67309554574910E-01	0
1350	4.92928598848903E+00	2.86007480158830E-01	0
1351	4.92815502749482E+00	9.58905786460900E-02	0
1352	4.92687462213106E+00	4.92687462213106E+00	0
1353	4.92989508579664E+00	4.79352682592171E+00	0
1354	4.93554781427085E+00	4.53368201900689E+00	0
1355	4.94292577704679E+00	4.16399346453393E+00	0
1356	4.94927860599092E+00	3.81330432429292E+00	0
1357	4.95469272757430E+00	3.47998593420651E+00	0
1358	4.95926195187116E+00	3.16198114057214E+00	0
1359	4.96309094790338E+00	2.85677150339172E+00	0
1360	4.96628901237289E+00	2.56150945347304E+00	0
1361	4.96896963131168E+00	2.27305993137987E+00	0
1362	4.97124908142768E+00	1.98803727698344E+00	0
1363	4.97312279168710E+00	1.70544632905656E+00	0
1364	4.97458651828119E+00	1.42427172479702E+00	0
1365	4.97563732494640E+00	1.14345129954822E+00	0
1366	4.97627234526597E+00	8.61896797104300E-01	0
1367	4.97649265844223E+00	5.78435644915650E-01	0
1368	4.97629941384797E+00	2.91862032709020E-01	0
1369	4.97589547484647E+00	9.79115200237499E-02	0
1370	5.00000000000000E+00	5.00000000000000E+00	0
1371	5.00000000000000E+00	4.86231380471785E+00	0
1372	5.00000000000000E+00	4.59452725621014E+00	0
1373	5.00000000000000E+00	4.21492864617502E+00	0
1374	5.00000000000000E+00	3.85611215874166E+00	0
1375	5.00000000000000E+00	3.51621519693252E+00	0
1376	5.00000000000000E+00	3.19293736133156E+00	0
1377	5.00000000000000E+00	2.88350242083899E+00	0
1378	5.00000000000000E+00	2.58479958667645E+00	0
1379	5.00000000000000E+00	2.29342575886196E+00	0
1380	5.00000000000000E+00	2.00572417985125E+00	0
1381	5.00000000000000E+00	1.72063241705418E+00	0
1382	5.00000000000000E+00	1.43706751227760E+00	0
1383	5.00000000000000E+00	1.15389850158840E+00	0
1384	5.00000000000000E+00	8.69968107645320E-01	0
1385	5.00000000000000E+00	5.84031256740350E-01	0
1386	5.00000000000000E+00	2.94809351059230E-01	0
1387	5.00000000000000E+00	9.89294343329099E-02	0
1388	0.00000000000000E+00	4.00000000000000E+00	0
1389	5.57694289884720E-02	4.00008472008924E+00	0
1390	1.68393355227129E-01	3.99543561605079E+00	0
1391	3.39102218810192E-01	3.97361326087646E+00	0
1392	5.10086695500311E-01	3.93655110337431E+00	0
1393	6.79831090225402E-01	3.88385127083494E+00	0
1394	8.46799841173135E-01	3.81512194207390E+00	0
1395	1.00949238300110E+00	3.73009624027536E+00	0
1396	1.16639249051191E+00	3.62851252580608E+00	0
1397	1.31598656051745E+00	3.51015954591674E+00	0
1398	1.45675553447571E+00	3.37484035192909E+00	0
1399	1.58657278026300E+00	3.22288365086967E+00	0
1400	1.70320428711213E+00	3.05474756349835E+00	0
1401	1.80432591872666E+00	2.87105752362972E+00	0
1402	1.88750620582421E+00	2.67262403380637E+00	0
1403	1.95031784472595E+00	2.46056820685252E+00	0
1404	1.99024309962339E+00	2.23626611491705E+00	0
1405	1.99987250136914E+00	2.07969850045738E+00	0
1406	0.00000000000000E+00	4.01780558771891E+00	0
1407	5.65508683961439E-02	4.01807860285832E+00	0
1408	1.70721360939602E-01	4.01389701251950E+00	0
1409	3.43739407194652E-01	3.99304948864229E+00	0
1410	5.17060460836007E-01	3.95723642631929E+00	0
1411	6.89206647853884E-01	3.90606072440321E+00	0
1412	8.58679942812756E-01	3.83913115712228E+00	0
1413	1.02401555022102E+00	3.75617998328740E+00	0
1414	1.18373279043524E+00	3.65694455266044E+00	0
1415	1.33635272075485E+00	3.54121183145279E+00	0
1416	1.48039064907993E+00	3.40878283211149E+00	0
1417	1.61372628112285E+00	3.25989257249511E+00	0
1418	1.73412895570871E+00	3.09490292381582E+00	0
1419	1.83927424049903E+00	2.91434024158265E+00	0
1420	1.92672627389331E+00	2.71891280577202E+00	0
1421	1.99404712133131E+00	2.50963665667137E+00	0
1422	2.03870294769870E+00	2.28777925157210E+00	0
1423	2.05161832252026E+00	2.13254327931115E+00	0
1424	0.00000000000000E+00	4.05373730477068E+00	0
1425	5.81282525796470E-02	4.05437176167278E+00	0
1426	1.75414461943671E-01	4.05109314409084E+00	0
1427	3.53068637324002E-01	4.03214441802662E+00	0
1428	5.31067661274498E-01	3.99877839387744E+00	0
1429	7.08012456005368E-01	3.95060201355521E+00	0
1430	8.82483223156173E-01	3.88722774763546E+00	0
1431	1.05308977700594E+00	3.80838851123629E+00	0
1432	1.21842559961777E+00	3.71382202234060E+00	0
1433	1.37708411662675E+00	3.60331403757612E+00	0
1434	1.52765241264340E+00	3.47666383798466E+00	0
1435	1.66803312753507E+00	3.33392595239830E+00	0
1436	1.79601254510802E+00	3.17527662099976E+00	0
1437	1.90927582099868E+00	3.00105083425300E+00	0
1438	2.00538841604400E+00	2.81175913685346E+00	0
1439	2.08190085834388E+00	2.60821376679234E+00	0
1440	2.13625665211687E+00	2.39147110732135E+00	0
1441	2.15595309218206E+00	2.23908853177036E+00	0
1442	0.00000000000000E+00	4.10862789447909E+00	0
1443	6.05379786081189E-02	4.10975445831389E+00	0
1444	1.82566032373278E-01	4.10772647763102E+00	0
1445	3.67228898399705E-01	4.09146572587210E+00	0
1446	5.52260646464282E-01	4.06161220463922E+00	0
1447	7.36389538090079E-01	4.01778559355725E+00	0
1448	9.18322261078903E-01	3.95961059797632E+00	0
1449	1.09678942918332E+00	3.88682743417118E+00	0
1450	1.27050465330677E+00	3.79918070243066E+00	0
1451	1.43817872919771E+00	3.69646056519021E+00	0
1452	1.59851521408683E+00	3.57846990870585E+00	0
1453	1.74948407764175E+00	3.44501532023495E+00	0
1454	1.88892991443666E+00	3.29601732389313E+00	0
1455	2.01458495534307E+00	3.13154636043448E+00	0
1456	2.12404911546567E+00	2.95183862037298E+00	0
1457	2.21488689229728E+00	2.75742173957901E+00	0
1458	2.28453849629682E+00	2.54905601180256E+00	0
1459	2.31506216112085E+00	2.40155144012810E+00	0
1460	0.00000000000000E+00	4.16454290142266E+00	0
1461	6.29914886448330E-02	4.16610690587789E+00	0
1462	1.89830173704366E-01	4.16521808180793E+00	0
1463	3.81557434681820E-01	4.15147745445497E+00	0
1464	5.73638996663044E-01	4.12497378479065E+00	0
1465	7.64939288198343E-01	4.08534533660255E+00	0
1466	9.54300311421367E-01	4.03223491396193E+00	0
1467	1.14058203901945E+00	3.96539551253503E+00	0
1468	1.32262677153474E+00	3.88458410657766E+00	0
1469	1.49927116799927E+00	3.78960064721785E+00	0
1470	1.66934374192641E+00	3.68025699154091E+00	0
1471	1.83091687450198E+00	3.55613670118069E+00	0
1472	1.98192852029953E+00	3.41692944089008E+00	0
1473	2.12019283182003E+00	3.26246572267603E+00	0
1474	2.24337879846033E+00	3.09273175074004E+00	0
1475	2.34909826466026E+00	2.90799373308697E+00	0
1476	2.43482092778058E+00	2.70873844999167E+00	0
1477	2.47685571680047E+00	2.56673736433021E+00	0
1478	0.00000000000000E+00	4.22151372367058E+00	0
1479	6.54889167205719E-02	4.22345589174423E+00	0
1480	1.97207537240779E-01	4.22358708574798E+00	0
1481	3.96056104132680E-01	4.21219110503620E+00	0
1482	5.95205890274457E-01	4.18887003813342E+00	0
1483	7.93666001680481E-01	4.15328575276515E+00	0
1484	9.90422265596778E-01	4.10510418936355E+00	0
1485	1.18447224774174E+00	4.04409576276037E+00	0
1486	1.37479517360405E+00	3.97003447452686E+00	0
1487	1.56036173422123E+00	3.88273461007059E+00	0
1488	1.74013355915219E+00	3.78202152621500E+00	0
1489	1.91232267598460E+00	3.66728279895087E+00	0
1490	2.07499760447517E+00	3.53800421664367E+00	0
1491	2.22609141828815E+00	3.39380310666545E+00	0
1492	2.36337895056930E+00	3.23444217394878E+00	0
1493	2.48455487243108E+00	3.05995144586554E+00	0
1494	2.58715323223990E+00	2.87056881975745E+00	0
1495	2.64141131674247E+00	2.73472427545552E+00	0
1496	0.00000000000000E+00	4.27957176236468E+00	0
1497	6.80303970019640E-02	4.28182820642726E+00	0
1498	2.04698774698547E-01	4.28285262185537E+00	0
1499	4.10726765559189E-01	4.27361818242152E+00	0
1500	6.16964507000915E-01	4.25330787233174E+00	0
1501	8.22573975665297E-01	4.22161135634828E+00	0
1502	1.02669301730600E+00	4.17822192259496E+00	0
1503	1.22846469940746E+00	4.12293120638037E+00	0
1504	1.42701308222549E+00	4.05553405162449E+00	0
1505	1.62145073308057E+00	3.97586278630146E+00	0
1506	1.81088023344307E+00	3.88375995917303E+00	0
1507	1.99369264533786E+00	3.77844632456660E+00	0
1508	2.16812641482562E+00	3.65923290367621E+00	0
1509	2.33227268939161E+00	3.52555270646982E+00	0
1510	2.48405106480291E+00	3.37697354479751E+00	0
1511	2.62127662072489E+00	3.21331658557689E+00	0
1512	2.74158470405776E+00	3.03459752824193E+00	0
1513	2.80880652752763E+00	2.90559015384283E+00	0
1514	0.00000000000000E+00	4.33874840869802E+00	0
1515	7.06160633178749E-02	4.34125063085962E+00	0
1516	2.12304536792140E-01	4.34303381353760E+00	0
1517	4.25571275805564E-01	4.33577018290614E+00	0
1518	6.38918023655016E-01	4.31829418668983E+00	0
1519	8.51667503498290E-01	4.29032665316564E+00	0
1520	1.06311745560644E+00	4.25159160322666E+00	0
1521	1.27256403260484E+00	4.20190485556432E+00	0
1522	1.47928371385127E+00	4.14108507322329E+00	0
1523	1.68253846278369E+00	4.06898549778928E+00	0
1524	1.88157932475504E+00	3.98546872551188E+00	0
1525	2.07501793719716E+00	3.88961997686769E+00	0
1526	2.26130418931666E+00	3.78060674117020E+00	0
1527	2.43872860798700E+00	3.65770870116844E+00	0
1528	2.60539661967255E+00	3.52032950079735E+00	0
1529	2.75928339642144E+00	3.36811083948854E+00	0
1530	2.89816461441962E+00	3.20087495812438E+00	0
1531	2.97911888828486E+00	3.07941295191768E+00	0
1532	0.00000000000000E+00	4.39907506373356E+00	0
1533	7.32460499252610E-02	4.40174995583852E+00	0
1534	2.20025475485724E-01	4.40414979409928E+00	0
1535	4.40591494124379E-01	4.39865861286765E+00	0
1536	6.61069620572514E-01	4.38383589092291E+00	0
1537	8.80950883148812E-01	4.35943615992065E+00	0
1538	1.09970047529549E+00	4.32521673235416E+00	0
1539	1.31677489282210E+00	4.28101973480407E+00	0
1540	1.53161029306577E+00	4.22668978796362E+00	0
1541	1.74362523100121E+00	4.16210308083788E+00	0
1542	1.95222640396772E+00	4.08714427606801E+00	0
1543	2.15628971876888E+00	4.00079647192396E+00	0
1544	2.35452018037925E+00	3.90211698720207E+00	0
1545	2.54545115359419E+00	3.79026529056813E+00	0
1546	2.72741711290936E+00	3.66451370218380E+00	0
1547	2.89859510858530E+00	3.52435591974373E+00	0
1548	3.05694226011565E+00	3.36945151925389E+00	0
1549	3.15242596635867E+00	3.25627065088995E+00	0
1550	0.00000000000000E+00	4.46058312203384E+00	0
1551	7.59204907932039E-02	4.46335296560862E+00	0
1552	2.27862241894357E-01	4.46621969016183E+00	0
1553	4.55789278102913E-01	4.46229497172019E+00	0
1554	6.83422475615592E-01	4.44993988741321E+00	0
1555	9.10428409294562E-01	4.42894438552011E+00	0
1556	1.13644696703344E+00	4.39910080271398E+00	0
1557	1.36110192052064E+00	4.36027885956691E+00	0
1558	1.58399603847567E+00	4.31235043468853E+00	0
1559	1.80471133839764E+00	4.25521586106997E+00	0
1560	2.02281703383231E+00	4.18878304999817E+00	0
1561	2.23749914790245E+00	4.11196851303870E+00	0
1562	2.44776362974128E+00	4.02375488593412E+00	0
1563	2.65243229355644E+00	3.92321665938152E+00	0
1564	2.85011402845852E+00	3.80952979291559E+00	0
1565	3.03923165074384E+00	3.68207352105463E+00	0
1566	3.21796692050217E+00	3.54037760295501E+00	0
1567	3.32880531029754E+00	3.43624121277935E+00	0
1568	0.00000000000000E+00	4.52330398200960E+00	0
1569	7.86395200634179E-02	4.52608644833017E+00	0
1570	2.35815487650103E-01	4.52926263241396E+00	0
1571	4.71166486367479E-01	4.52669076322546E+00	0
1572	7.05979768220942E-01	4.51661308322491E+00	0
1573	9.40104378744683E-01	4.49885584394260E+00	0
1574	1.17336182419834E+00	4.47324731256098E+00	0
1575	1.40554975950287E+00	4.43968525134310E+00	0
1576	1.63644417269646E+00	4.39806925882769E+00	0
1577	1.86579709036584E+00	4.34832417131858E+00	0
1578	2.09334678260711E+00	4.29038149435395E+00	0
1579	2.31863738878071E+00	4.22312881212292E+00	0
1580	2.54102378632613E+00	4.14551169084431E+00	0
1581	2.75966400329711E+00	4.05655700230613E+00	0
1582	2.97348885923898E+00	3.95538142753246E+00	0
1583	3.18121292628603E+00	3.84128534920283E+00	0
1584	3.38128788566289E+00	3.71370361196683E+00	0
1585	3.50833447992858E+00	3.61940261113077E+00	0
1586	0.00000000000000E+00	4.58727853034345E+00	0
1587	8.14031469150370E-02	4.58998482307515E+00	0
1588	2.43885684456030E-01	4.59330239672992E+00	0
1589	4.86725116057851E-01	4.59185943547177E+00	0
1590	7.28745351676908E-01	4.58386299764727E+00	0
1591	9.69984330400549E-01	4.56917529010557E+00	0
1592	1.21045159935695E+00	4.54766018276073E+00	0
1593	1.45012479230732E+00	4.51924267727746E+00	0
1594	1.68895921260999E+00	4.48384930429876E+00	0
1595	1.92688293240997E+00	4.44142851493307E+00	0
1596	2.16380930945003E+00	4.39193450768576E+00	0
1597	2.39969157353381E+00	4.33426657726674E+00	0
1598	2.63428449308050E+00	4.26737381602145E+00	0
1599	2.86713304982876E+00	4.19027581458440E+00	0
1600	3.09754048067105E+00	4.10207003169489E+00	0
1601	3.32456201144318E+00	4.00201652198505E+00	0
1602	3.54696740863791E+00	3.88949300633381E+00	0
1603	3.69111371556059E+00	3.80585552337836E+00	0
1604	0.00000000000000E+00	4.65254766821426E+00	0
1605	8.42113811451599E-02	4.65508252332387E+00	0
1606	2.52073305809715E-01	4.65836277328708E+00	0
1607	5.02467167740008E-01	4.65781445091077E+00	0
1608	7.51723084241402E-01	4.65169716461789E+00	0
1609	1.00007380963278E+00	4.63990749409127E+00	0
1610	1.24772285304558E+00	4.62234335009814E+00	0
1611	1.49483341098573E+00	4.59895492143128E+00	0
1612	1.74154568624028E+00	4.56969363318007E+00	0
1613	1.98796932293226E+00	4.53452941491815E+00	0
1614	2.23419828834156E+00	4.49343700994855E+00	0
1615	2.48064885133447E+00	4.44537104000343E+00	0
1616	2.72752961263475E+00	4.38932770135915E+00	0
1617	2.97482622303175E+00	4.32436261997934E+00	0
1618	3.22226779488955E+00	4.24959706268241E+00	0
1619	3.46930201378126E+00	4.16429219232081E+00	0
1620	3.71506777930148E+00	4.06780928515077E+00	0
1621	3.87724329865445E+00	3.99570066891629E+00	0
1622	0.00000000000000E+00	4.71915228114248E+00	0
1623	8.70642318720750E-02	4.72141396692479E+00	0
1624	2.60378823232124E-01	4.72446753661736E+00	0
1625	5.18394638186579E-01	4.72456925611651E+00	0
1626	7.74916818642958E-01	4.72012310174035E+00	0
1627	1.03037835457823E+00	4.71105720895491E+00	0
1628	1.28518213684528E+00	4.69730073338913E+00	0
1629	1.53968199684886E+00	4.67882574869592E+00	0
1630	1.79420810897423E+00	4.65560528690981E+00	0
1631	2.04905670564530E+00	4.62762737188998E+00	0
1632	2.30450737631774E+00	4.59488389667252E+00	0
1633	2.56149635184873E+00	4.55643140511139E+00	0
1634	2.82074298513961E+00	4.51135975736751E+00	0
1635	3.08273028682341E+00	4.45880690994155E+00	0
1636	3.34766967397569E+00	4.39796394223378E+00	0
1637	3.61545600602664E+00	4.32813747406782E+00	0
1638	3.88565124712377E+00	4.24871590464743E+00	0
1639	4.06682346598844E+00	4.18903872156076E+00	0
1640	0.00000000000000E+00	4.78713326640666E+00	0
1641	8.99617087260039E-02	4.78901358350417E+00	0
1642	2.68802709743844E-01	4.79164047312191E+00	0
1643	5.34509527077075E-01	4.79213730983261E+00	0
1644	7.98330411884046E-01	4.78914833925876E+00	0
1645	1.06090350900847E+00	4.78262920104116E+00	0
1646	1.32283600936002E+00	4.77253626557333E+00	0
1647	1.58467693967855E+00	4.75885893911174E+00	0
1648	1.84695100620982E+00	4.74158732329745E+00	0
1649	2.11014553593622E+00	4.72072290426023E+00	0
1650	2.37473024390780E+00	4.69627008281486E+00	0
1651	2.64222122026819E+00	4.66743689862114E+00	0
1652	2.91390846857445E+00	4.63345641781265E+00	0
1653	3.19083202557802E+00	4.59359820134320E+00	0
1654	3.47374501347323E+00	4.54717211981766E+00	0
1655	3.76304708779746E+00	4.49357751124180E+00	0
1656	4.05878009236215E+00	4.43227635373430E+00	0
1657	4.25995448806011E+00	4.38597038953410E+00	0
1658	0.00000000000000E+00	4.85653151264081E+00	0
1659	9.29038211416299E-02	4.85791579465765E+00	0
1660	2.77345437734852E-01	4.85990536213846E+00	0
1661	5.50813832718884E-01	4.86053206453670E+00	0
1662	8.21967718807786E-01	4.85878040142404E+00	0
1663	1.09165481374599E+00	4.85462823057793E+00	0
1664	1.36069102549587E+00	4.84805387308201E+00	0
1665	1.62982462489555E+00	4.83905826568146E+00	0
1666	1.89977889845145E+00	4.82764279257819E+00	0
1667	2.17123626394166E+00	4.81381652245269E+00	0
1668	2.44486055625390E+00	4.79759047518452E+00	0
1669	2.72281059617654E+00	4.77837673822691E+00	0
1670	3.00700991470118E+00	4.75560410762791E+00	0
1671	3.29911821615083E+00	4.72872600113917E+00	0
1672	3.60049269911162E+00	4.69722303303448E+00	0
1673	3.91209834531465E+00	4.66063743290169E+00	0
1674	4.23451657671625E+00	4.61855410187046E+00	0
1675	4.45673661212897E+00	4.58659635749914E+00	0
1676	0.00000000000000E+00	4.92738791406643E+00	0
1677	9.58905787927530E-02	4.92815502754237E+00	0
1678	2.86007480290607E-01	4.92928598854080E+00	0
1679	5.67309554750960E-01	4.92976697828724E+00	0
1680	8.45832596193571E-01	4.92902681819826E+00	0
1681	1.12263781213994E+00	4.92705906372294E+00	0
1682	1.39875374327851E+00	4.92385748858602E+00	0
1683	1.67513144165191E+00	4.91942750805019E+00	0
1684	1.95269631058129E+00	4.91377475212734E+00	0
1685	2.23232934487332E+00	4.90690874462553E+00	0
1686	2.51489198433717E+00	4.89883998901715E+00	0
1687	2.80325162587196E+00	4.88924015085011E+00	0
1688	3.10003118302789E+00	4.87778926189169E+00	0
1689	3.40757564437463E+00	4.86417982747319E+00	0
1690	3.72791162707074E+00	4.84811813185035E+00	0
1691	4.06263287700329E+00	4.82934238178724E+00	0
1692	4.41292297616135E+00	4.80761263365310E+00	0
1693	4.65727010134572E+00	4.79101732632395E+00	0
1694	0.00000000000000E+00	4.97562487404093E+00	0
1695	9.79115201913350E-02	4.97589547486311E+00	0
1696	2.91862032868587E-01	4.97629941386610E+00	0
1697	5.78435645096649E-01	4.97649265841811E+00	0
1698	8.61896796831279E-01	4.97627234522040E+00	0
1699	1.14345129923462E+00	4.97563732490462E+00	0
1700	1.42427172435656E+00	4.97458651826983E+00	0
1701	1.70544632865360E+00	4.97312279170273E+00	0
1702	1.98803727644004E+00	4.97124908144831E+00	0
1703	2.27305993133879E+00	4.96896963131306E+00	0
1704	2.56150945370122E+00	4.96628901234240E+00	0
1705	2.85677150414618E+00	4.96309094786697E+00	0
1706	3.16198114017314E+00	4.95926195188943E+00	0
1707	3.47998593437969E+00	4.95469272758524E+00	0
1708	3.81330432496553E+00	4.94927860595270E+00	0
1709	4.16399346441830E+00	4.94292577704840E+00	0
1710	4.53368201821948E+00	4.93554781429380E+00	0
1711	4.79352682582393E+00	4.92989508576091E+00	0
1712	0.00000000000000E+00	5.00000000000000E+00	0
1713	9.89294345112839E-02	5.00000000000000E+00	0
1714	2.94809351233095E-01	5.00000000000000E+00	0
1715	5.84031256923678E-01	5.00000000000000E+00	0
1716	8.69968107363875E-01	5.00000000000000E+00	0
1717	1.15389850126161E+00	5.00000000000000E+00	0
1718	1.43706751181766E+00	5.00000000000000E+00	0
1719	1.72063241662785E+00	5.00000000000000E+00	0
1720	2.00572417928052E+00	5.00000000000000E+00	0
1721	2.29342575881171E+00	5.00000000000000E+00	0
1722	2.58479958693919E+00	5.00000000000000E+00	0
1723	2.88350242163983E+00	5.00000000000000E+00	0
1724	3.19293736090943E+00	5.00000000000000E+00	0
1725	3.51621519710091E+00	5.00000000000000E+00	0
1726	3.85611215949134E+00	5.00000000000000E+00	0
1727	4.21492864605149E+00	5.00000000000000E+00	0
1728	4.59452725536097E+00	5.00000000000000E+00	0
1729	4.86231380467741E+00	5.00000000000000E+00	0
1730	-2.00000000000000E+00	2.00000000000000E+00	0
1731	-1.99987250239344E+00	2.07969850054544E+00	0
1732	-1.99024309885164E+00	2.23626611483868E+00	0
1733	-1.95031784444074E+00	2.46056820670920E+00	0
1734	-1.88750620669390E+00	2.67262403387532E+00	0
1735	-1.80432591838759E+00	2.87105752326133E+00	0
1736	-1.70320428700443E+00	3.05474756316072E+00	0
1737	-1.58657278108109E+00	3.22288365191422E+00	0
1738	-1.45675553539024E+00	3.37484035272791E+00	0
1739	-1.31598656041852E+00	3.51015954591611E+00	0
1740	-1.16639249007368E+00	3.62851252498289E+00	0
1741	-1.00949238238555E+00	3.73009623946986E+00	0
1742	-8.46799840824246E-01	3.81512194227280E+00	0
1743	-6.79831090178250E-01	3.88385127226825E+00	0
1744	-5.10086695609329E-01	3.93655110500457E+00	0
1745	-3.39102218752889E-01	3.97361326177105E+00	0
1746	-1.68393355365336E-01	3.99543561536081E+00	0
1747	-5.57694290451579E-02	4.00008471941626E+00	0
1748	-2.05341676316005E+00	2.05341676316005E+00	0
1749	-2.05161832354953E+00	2.13254327941981E+00	0
1750	-2.03870294693583E+00	2.28777925147656E+00	0
1751	-1.99404712105231E+00	2.50963665652918E+00	0
1752	-1.92672627476151E+00	2.71891280586555E+00	0
1753	-1.83927424016212E+00	2.91434024121893E+00	0
1754	-1.73412895560369E+00	3.09490292347815E+00	0
1755	-1.61372628192028E+00	3.25989257353330E+00	0
1756	-1.48039064998076E+00	3.40878283290802E+00	0
1757	-1.33635272065539E+00	3.54121183145211E+00	0
1758	-1.18373279001209E+00	3.65694455184975E+00	0
1759	-1.02401554962321E+00	3.75617998249553E+00	0
1760	-8.58679942475117E-01	3.83913115731807E+00	0
1761	-6.89206647806562E-01	3.90606072581178E+00	0
1762	-5.17060460941337E-01	3.95723642792107E+00	0
1763	-3.43739407132226E-01	3.99304948952045E+00	0
1764	-1.70721361077890E-01	4.01389701184207E+00	0
1765	-5.65508684532129E-02	4.01807860219803E+00	0
1766	-2.16121191432063E+00	2.16121191432064E+00	0
1767	-2.15595309321799E+00	2.23908853191727E+00	0
1768	-2.13625665137326E+00	2.39147110719219E+00	0
1769	-2.08190085807685E+00	2.60821376665178E+00	0
1770	-2.00538841690549E+00	2.81175913699298E+00	0
1771	-1.90927582066542E+00	3.00105083389799E+00	0
1772	-1.79601254500824E+00	3.17527662066150E+00	0
1773	-1.66803312828888E+00	3.33392595342096E+00	0
1774	-1.52765241351482E+00	3.47666383877401E+00	0
1775	-1.37708411652595E+00	3.60331403757451E+00	0
1776	-1.21842559922502E+00	3.71382202155498E+00	0
1777	-1.05308977644398E+00	3.80838851047194E+00	0
1778	-8.82483222841734E-01	3.88722774782500E+00	0
1779	-7.08012455958712E-01	3.95060201491384E+00	0
1780	-5.31067661373407E-01	3.99877839542176E+00	0
1781	-3.53068637251723E-01	4.03214441887153E+00	0
1782	-1.75414462081333E-01	4.05109314343807E+00	0
1783	-5.81282526368269E-02	4.05437176103743E+00	0
1784	-2.32588368345769E+00	2.32588368345770E+00	0
1785	-2.31506216216401E+00	2.40155144033089E+00	0
1786	-2.28453849559411E+00	2.54905601163310E+00	0
1787	-2.21488689205301E+00	2.75742173944607E+00	0
1788	-2.12404911631085E+00	2.95183862057810E+00	0
1789	-2.01458495501848E+00	3.13154636009684E+00	0
1790	-1.88892991434918E+00	3.29601732355857E+00	0
1791	-1.74948407832714E+00	3.44501532123119E+00	0
1792	-1.59851521491164E+00	3.57846990948154E+00	0
1793	-1.43817872909712E+00	3.69646056518922E+00	0
1794	-1.27050465296303E+00	3.79918070168686E+00	0
1795	-1.09678942867827E+00	3.88682743345246E+00	0
1796	-9.18322260802965E-01	3.95961059815962E+00	0
1797	-7.36389538048695E-01	4.01778559484260E+00	0
1798	-5.52260646557365E-01	4.06161220609853E+00	0
1799	-3.67228898314413E-01	4.09146572666869E+00	0
1800	-1.82566032507930E-01	4.10772647701681E+00	0
1801	-6.05379786635959E-02	4.10975445771740E+00	0
1802	-2.49362870429734E+00	2.49362870429734E+00	0
1803	-2.47685571784111E+00	2.56673736458023E+00	0
1804	-2.43482092712502E+00	2.70873844978590E+00	0
1805	-2.34909826443810E+00	2.90799373296068E+00	0
1806	-2.24337879927758E+00	3.09273175100109E+00	0
1807	-2.12019283150296E+00	3.26246572235478E+00	0
1808	-1.98192852022523E+00	3.41692944055917E+00	0
1809	-1.83091687511270E+00	3.55613670214291E+00	0
1810	-1.66934374269930E+00	3.68025699229592E+00	0
1811	-1.49927116789873E+00	3.78960064721586E+00	0
1812	-1.32262677124134E+00	3.88458410587638E+00	0
1813	-1.14058203857254E+00	3.96539551186281E+00	0
1814	-9.54300311186032E-01	4.03223491413882E+00	0
1815	-7.64939288165239E-01	4.08534533781313E+00	0
1816	-5.73638996753130E-01	4.12497378616322E+00	0
1817	-3.81557434584607E-01	4.15147745520217E+00	0
1818	-1.89830173833603E-01	4.16521808123165E+00	0
1819	-6.29914886966310E-02	4.16610690531961E+00	0
1820	-2.66454117105331E+00	2.66454117105331E+00	0
1821	-2.64141131777638E+00	2.73472427574978E+00	0
1822	-2.58715323164366E+00	2.87056881952560E+00	0
1823	-2.48455487223528E+00	3.05995144575044E+00	0
1824	-2.36337895135085E+00	3.23444217426079E+00	0
1825	-2.22609141798153E+00	3.39380310636464E+00	0
1826	-2.07499760441870E+00	3.53800421632114E+00	0
1827	-1.91232267651750E+00	3.66728279987564E+00	0
1828	-1.74013355987053E+00	3.78202152694618E+00	0
1829	-1.56036173412310E+00	3.88273461006950E+00	0
1830	-1.37479517336425E+00	3.97003447387195E+00	0
1831	-1.18447224735575E+00	4.04409576213828E+00	0
1832	-9.90422265405348E-01	4.10510418953621E+00	0
1833	-7.93666001659617E-01	4.15328575390162E+00	0
1834	-5.95205890365070E-01	4.18887003941956E+00	0
1835	-3.96056104025079E-01	4.21219110573502E+00	0
1836	-1.97207537362419E-01	4.22358708521132E+00	0
1837	-6.54889167667929E-02	4.22345589122573E+00	0
1838	-2.83871528714364E+00	2.83871528714364E+00	0
1839	-2.80880652854300E+00	2.90559015417060E+00	0
1840	-2.74158470352685E+00	3.03459752798756E+00	0
1841	-2.62127662055389E+00	3.21331658547093E+00	0
1842	-2.48405106553529E+00	3.37697354514888E+00	0
1843	-2.33227268909379E+00	3.52555270618787E+00	0
1844	-2.16812641478784E+00	3.65923290336190E+00	0
1845	-1.99369264578632E+00	3.77844632544587E+00	0
1846	-1.81088023410129E+00	3.88375995987291E+00	0
1847	-1.62145073298470E+00	3.97586278629933E+00	0
1848	-1.42701308204042E+00	4.05553405101608E+00	0
1849	-1.22846469908319E+00	4.12293120580842E+00	0
1850	-1.02669301716011E+00	4.17822192276215E+00	0
1851	-8.22573975659289E-01	4.22161135740799E+00	0
1852	-6.16964507094552E-01	4.25330787352869E+00	0
1853	-4.10726765442018E-01	4.27361818307025E+00	0
1854	-2.04698774810049E-01	4.28285262135764E+00	0
1855	-6.80303970405950E-02	4.28182820594774E+00	0
1856	-3.01624522615537E+00	3.01624522615538E+00	0
1857	-2.97911888927706E+00	3.07941295227560E+00	0
1858	-2.89816461396742E+00	3.20087495785887E+00	0
1859	-2.75928339627978E+00	3.36811083939656E+00	0
1860	-2.60539662034718E+00	3.52032950118243E+00	0
1861	-2.43872860770129E+00	3.65770870090991E+00	0
1862	-2.26130418930297E+00	3.78060674086970E+00	0
1863	-2.07501793755832E+00	3.88961997769849E+00	0
1864	-1.88157932535083E+00	3.98546872617767E+00	0
1865	-1.68253846269293E+00	4.06898549778845E+00	0
1866	-1.47928371372449E+00	4.14108507266537E+00	0
1867	-1.27256403234497E+00	4.20190485504588E+00	0
1868	-1.06311745550921E+00	4.25159160339008E+00	0
1869	-8.51667503510968E-01	4.29032665414873E+00	0
1870	-6.38918023755066E-01	4.31829418779742E+00	0
1871	-4.25571275680219E-01	4.33577018350568E+00	0
1872	-2.12304536891263E-01	4.34303381308104E+00	0
1873	-7.06160633470069E-02	4.34125063042116E+00	0
1874	-3.19722519126808E+00	3.19722519126809E+00	0
1875	-3.15242596731382E+00	3.25627065126517E+00	0
1876	-3.05694225974778E+00	3.36945151898034E+00	0
1877	-2.89859510847040E+00	3.52435591966260E+00	0
1878	-2.72741711351087E+00	3.66451370258904E+00	0
1879	-2.54545115331844E+00	3.79026529033084E+00	0
1880	-2.35452018039051E+00	3.90211698691513E+00	0
1881	-2.15628971903579E+00	4.00079647269771E+00	0
1882	-1.95222640449526E+00	4.08714427669174E+00	0
1883	-1.74362523091542E+00	4.16210308083606E+00	0
1884	-1.53161029299821E+00	4.22668978745576E+00	0
1885	-1.31677489262699E+00	4.28101973433822E+00	0
1886	-1.09970047524806E+00	4.32521673251148E+00	0
1887	-8.80950883182403E-01	4.35943616082330E+00	0
1888	-6.61069620681130E-01	4.38383589193733E+00	0
1889	-4.40591493991399E-01	4.39865861341557E+00	0
1890	-2.20025475569791E-01	4.40414979368312E+00	0
1891	-7.32460499428409E-02	4.40174995544016E+00	0
1892	-3.38174936617825E+00	3.38174936617826E+00	0
1893	-3.32880531120976E+00	3.43624121316723E+00	0
1894	-3.21796692023242E+00	3.54037760268513E+00	0
1895	-3.03923165065998E+00	3.68207352098885E+00	0
1896	-2.85011402897701E+00	3.80952979333403E+00	0
1897	-2.65243229329386E+00	3.92321665916999E+00	0
1898	-2.44776362978333E+00	4.02375488566680E+00	0
1899	-2.23749914807225E+00	4.11196851375246E+00	0
1900	-2.02281703428934E+00	4.18878305057701E+00	0
1901	-1.80471133831989E+00	4.25521586106965E+00	0
1902	-1.58399603847092E+00	4.31235043423451E+00	0
1903	-1.36110192039271E+00	4.36027885915649E+00	0
1904	-1.13644696703867E+00	4.39910080286614E+00	0
1905	-9.10428409352634E-01	4.42894438634162E+00	0
1906	-6.83422475735923E-01	4.44993988833358E+00	0
1907	-4.55789277963487E-01	4.46229497221700E+00	0
1908	-2.27862241961027E-01	4.46621968978849E+00	0
1909	-7.59204907972979E-02	4.46335296525262E+00	0
1910	-3.56991194610756E+00	3.56991194610755E+00	0
1911	-3.50833448078150E+00	3.61940261151597E+00	0
1912	-3.38128788549633E+00	3.71370361170301E+00	0
1913	-3.18121292622946E+00	3.84128534914793E+00	0
1914	-2.97348885965709E+00	3.95538142794847E+00	0
1915	-2.75966400304498E+00	4.05655700211750E+00	0
1916	-2.54102378639974E+00	4.14551169059611E+00	0
1917	-2.31863738884606E+00	4.22312881276753E+00	0
1918	-2.09334678298748E+00	4.29038149487942E+00	0
1919	-1.86579709029598E+00	4.34832417131709E+00	0
1920	-1.63644417275520E+00	4.39806925842649E+00	0
1921	-1.40554975944198E+00	4.43968525098626E+00	0
1922	-1.17336182425684E+00	4.47324731270447E+00	0
1923	-9.40104378829036E-01	4.49885584467797E+00	0
1924	-7.05979768354778E-01	4.51661308404628E+00	0
1925	-4.71166486221844E-01	4.52669076366793E+00	0
1926	-2.35815487696551E-01	4.52926263208251E+00	0
1927	-7.86395200519320E-02	4.52608644801534E+00	0
1928	-3.76183559111487E+00	3.76183559111487E+00	0
1929	-3.69111371634785E+00	3.80585552375578E+00	0
1930	-3.54696740858969E+00	3.88949300608910E+00	0
1931	-3.32456201141850E+00	4.00201652194590E+00	0
1932	-3.09754048097796E+00	4.10207003210068E+00	0
1933	-2.86713304959077E+00	4.19027581442378E+00	0
1934	-2.63428449319243E+00	4.26737381579954E+00	0
1935	-2.39969157349224E+00	4.33426657783981E+00	0
1936	-2.16380930975194E+00	4.39193450815555E+00	0
1937	-1.92688293235173E+00	4.44142851493338E+00	0
1938	-1.68895921273615E+00	4.48384930395438E+00	0
1939	-1.45012479231587E+00	4.51924267697678E+00	0
1940	-1.21045159947133E+00	4.54766018289600E+00	0
1941	-9.69984330514589E-01	4.56917529075344E+00	0
1942	-7.28745351827215E-01	4.58386299836823E+00	0
1943	-4.86725115907024E-01	4.59185943586031E+00	0
1944	-2.43885684479844E-01	4.59330239644345E+00	0
1945	-8.14031468860279E-02	4.58998482280426E+00	0
1946	-3.95764300472297E+00	3.95764300472297E+00	0
1947	-3.87724329935609E+00	3.99570066926692E+00	0
1948	-3.71506777937558E+00	4.06780928492625E+00	0
1949	-3.46930201378292E+00	4.16429219229093E+00	0
1950	-3.22226779506496E+00	4.24959706305922E+00	0
1951	-2.97482622280419E+00	4.32436261984272E+00	0
1952	-2.72752961278560E+00	4.38932770116262E+00	0
1953	-2.48064885117804E+00	4.44537104049500E+00	0
1954	-2.23419828855843E+00	4.49343701035336E+00	0
1955	-1.98796932288538E+00	4.53452941491703E+00	0
1956	-1.74154568643420E+00	4.56969363289046E+00	0
1957	-1.49483341106279E+00	4.59895492118348E+00	0
1958	-1.24772285321570E+00	4.62234335021994E+00	0
1959	-1.00007380977766E+00	4.63990749464487E+00	0
1960	-7.51723084409402E-01	4.65169716523186E+00	0
1961	-5.02467167583770E-01	4.65781445124099E+00	0
1962	-2.52073305807869E-01	4.65836277304434E+00	0
1963	-8.42113810964840E-02	4.65508252309536E+00	0
1964	-4.15745684350651E+00	4.15745684350653E+00	0
1965	-4.06682346659651E+00	4.18903872187788E+00	0
1966	-3.88565124733613E+00	4.24871590445681E+00	0
1967	-3.61545600605897E+00	4.32813747405175E+00	0
1968	-3.34766967400712E+00	4.39796394257230E+00	0
1969	-3.08273028661011E+00	4.45880690983429E+00	0
1970	-2.82074298533690E+00	4.51135975720438E+00	0
1971	-2.56149635157524E+00	4.55643140551933E+00	0
1972	-2.30450737644803E+00	4.59488389701024E+00	0
1973	-2.04905670561401E+00	4.62762737189081E+00	0
1974	-1.79420810924000E+00	4.65560528667892E+00	0
1975	-1.53968199699653E+00	4.67882574850295E+00	0
1976	-1.28518213707337E+00	4.69730073349699E+00	0
1977	-1.03037835475700E+00	4.71105720941186E+00	0
1978	-7.74916818831293E-01	4.72012310224500E+00	0
1979	-5.18394638025661E-01	4.72456925638840E+00	0
1980	-2.60378823202094E-01	4.72446753642186E+00	0
1981	-8.70642318017759E-02	4.72141396674178E+00	0
1982	-4.36139979928579E+00	4.36139979928579E+00	0
1983	-4.25995448855154E+00	4.38597038979558E+00	0
1984	-4.05878009271614E+00	4.43227635357796E+00	0
1985	-3.76304708785361E+00	4.49357751123157E+00	0
1986	-3.47374501333796E+00	4.54717212009654E+00	0
1987	-3.19083202537475E+00	4.59359820126061E+00	0
1988	-2.91390846881905E+00	4.63345641768215E+00	0
1989	-2.64222121986944E+00	4.66743689893514E+00	0
1990	-2.37473024394481E+00	4.69627008307586E+00	0
1991	-2.11014553592046E+00	4.72072290425948E+00	0
1992	-1.84695100654765E+00	4.74158732312264E+00	0
1993	-1.58467693989539E+00	4.75885893896922E+00	0
1994	-1.32283600964529E+00	4.77253626566063E+00	0
1995	-1.06090350922175E+00	4.78262920139321E+00	0
1996	-7.98330412093450E-01	4.78914833964614E+00	0
1997	-5.34509526910861E-01	4.79213731004085E+00	0
1998	-2.68802709682427E-01	4.79164047297236E+00	0
1999	-8.99617086318979E-02	4.78901358336488E+00	0
2000	-4.56959453797669E+00	4.56959453797668E+00	0
2001	-4.45673661249337E+00	4.58659635769577E+00	0
2002	-4.23451657722779E+00	4.61855410176200E+00	0
2003	-3.91209834539803E+00	4.66063743290080E+00	0
2004	-3.60049269879500E+00	4.69722303324219E+00	0
2005	-3.29911821596108E+00	4.72872600108625E+00	0
2006	-3.00700991500093E+00	4.75560410753833E+00	0
2007	-2.72281059565023E+00	4.77837673844467E+00	0
2008	-2.44486055619610E+00	4.79759047536644E+00	0
2009	-2.17123626394594E+00	4.81381652245367E+00	0
2010	-1.89977889886534E+00	4.82764279246290E+00	0
2011	-1.62982462518320E+00	4.83905826559036E+00	0
2012	-1.36069102584000E+00	4.84805387314699E+00	0
2013	-1.09165481399637E+00	4.85462823082137E+00	0
2014	-8.21967719040474E-01	4.85878040169064E+00	0
2015	-5.50813832547750E-01	4.86053206468052E+00	0
2016	-2.77345437639380E-01	4.85990536203848E+00	0
2017	-9.29038210217290E-02	4.85791579456520E+00	0
2018	-4.78216374222764E+00	4.78216374222764E+00	0
2019	-4.65727010155691E+00	4.79101732643042E+00	0
2020	-4.41292297683329E+00	4.80761263359215E+00	0
2021	-4.06263287710581E+00	4.82934238178635E+00	0
2022	-3.72791162654768E+00	4.84811813196317E+00	0
2023	-3.40757564419376E+00	4.86417982744477E+00	0
2024	-3.10003118338399E+00	4.87778926184250E+00	0
2025	-2.80325162520975E+00	4.88924015096102E+00	0
2026	-2.51489198417778E+00	4.89883998911013E+00	0
2027	-2.23232934489782E+00	4.90690874462464E+00	0
2028	-1.95269631107137E+00	4.91377475206844E+00	0
2029	-1.67513144200837E+00	4.91942750800511E+00	0
2030	-1.39875374368008E+00	4.92385748862071E+00	0
2031	-1.12263781242750E+00	4.92705906384806E+00	0
2032	-8.45832596449799E-01	4.92902681833477E+00	0
2033	-5.67309554573894E-01	4.92976697836044E+00	0
2034	-2.86007480157697E-01	4.92928598848902E+00	0
2035	-9.58905786448359E-02	4.92815502749474E+00	0
2036	-4.92687462213091E+00	4.92687462213091E+00	0
2037	-4.79352682592146E+00	4.92989508579653E+00	0
2038	-4.53368201900641E+00	4.93554781427079E+00	0
2039	-4.16399346453315E+00	4.94292577704680E+00	0
2040	-3.81330432429194E+00	4.94927860599100E+00	0
2041	-3.47998593420541E+00	4.95469272757441E+00	0
2042	-3.16198114057104E+00	4.95926195187128E+00	0
2043	-2.85677150339069E+00	4.96309094790353E+00	0
2044	-2.56150945347215E+00	4.96628901237304E+00	0
2045	-2.27305993137913E+00	4.96896963131182E+00	0
2046	-1.98803727698285E+00	4.97124908142783E+00	0
2047	-1.70544632905609E+00	4.97312279168723E+00	0
2048	-1.42427172479666E+00	4.97458651828132E+00	0
2049	-1.14345129954794E+00	4.97563732494649E+00	0
2050	-8.61896797104060E-01	4.97627234526602E+00	0
2051	-5.78435644915409E-01	4.97649265844228E+00	0
2052	-2.91862032708719E-01	4.97629941384795E+00	0
2053	-9.79115200233540E-02	4.97589547484643E+00	0
2054	-5.00000000000000E+00	5.00000000000000E+00	0
2055	-4.86231380471772E+00	5.00000000000000E+00	0
2056	-4.59452725620973E+00	5.00000000000000E+00	0
2057	-4.21492864617427E+00	5.00000000000000E+00	0
2058	-3.85611215874070E+00	5.00000000000000E+00	0
2059	-3.51621519693147E+00	5.00000000000000E+00	0
2060	-3.19293736133053E+00	5.00000000000000E+00	0
2061	-2.88350242083804E+00	5.00000000000000E+00	0
2062	-2.58479958667567E+00	5.00000000000000E+00	0
2063	-2.29342575886136E+00	5.00000000000000E+00	0
2064	-2.00572417985085E+00	5.00000000000000E+00	0
2065	-1.72063241705395E+00	5.00000000000000E+00	0
2066	-1.43706751227752E+00	5.00000000000000E+00	0
2067	-1.15389850158844E+00	5.00000000000000E+00	0
2068	-8.69968107645424E-01	5.00000000000000E+00	0
2069	-5.84031256740484E-01	5.00000000000000E+00	0
2070	-2.94809351059348E-01	5.00000000000000E+00	0
2071	-9.89294343329610E-02	5.00000000000000E+00	0
2072	-2.07969850054543E+00	-1.99987250239344E+00	0
2073	-2.23626611483869E+00	-1.99024309885165E+00	0
2074	-2.46056820670919E+00	-1.95031784444074E+00	0
2075	-2.67262403387532E+00	-1.88750620669391E+00	0
2076	-2.87105752326132E+00	-1.80432591838760E+00	0
2077	-3.05474756316072E+00	-1.70320428700444E+00	0
2078	-3.22288365191421E+00	-1.58657278108110E+00	0
2079	-3.37484035272790E+00	-1.45675553539025E+00	0
2080	-3.51015954591612E+00	-1.31598656041852E+00	0
2081	-3.62851252498288E+00	-1.16639249007368E+00	0
2082	-3.73009623946986E+00	-1.00949238238557E+00	0
2083	-3.81512194227280E+00	-8.46799840824250E-01	0
2084	-3.88385127226825E+00	-6.79831090178240E-01	0
2085	-3.93655110500457E+00	-5.10086695609330E-01	0
2086	-3.97361326177105E+00	-3.39102218752890E-01	0
2087	-3.99543561536082E+00	-1.68393355365330E-01	0
2088	-4.00008471941626E+00	-5.57694290451600E-02	0
2089	-4.00000000000000E+00	0.00000000000000E+00	0
2090	-2.13254327941979E+00	-2.05161832354952E+00	0
2091	-2.28777925147656E+00	-2.03870294693583E+00	0
2092	-2.50963665652917E+00	-1.99404712105231E+00	0
2093	-2.71891280586554E+00	-1.92672627476152E+00	0
2094	-2.91434024121892E+00	-1.83927424016212E+00	0
2095	-3.09490292347814E+00	-1.73412895560369E+00	0
2096	-3.25989257353330E+00	-1.61372628192027E+00	0
2097	-3.40878283290801E+00	-1.48039064998076E+00	0
2098	-3.54121183145212E+00	-1.33635272065540E+00	0
2099	-3.65694455184975E+00	-1.18373279001209E+00	0
2100	-3.75617998249553E+00	-1.02401554962322E+00	0
2101	-3.83913115731808E+00	-8.58679942475120E-01	0
2102	-3.90606072581176E+00	-6.89206647806550E-01	0
2103	-3.95723642792105E+00	-5.17060460941340E-01	0
2104	-3.99304948952045E+00	-3.43739407132220E-01	0
2105	-4.01389701184209E+00	-1.70721361077890E-01	0
2106	-4.01807860219803E+00	-5.65508684532001E-02	0
2107	-4.01780558772000E+00	0.00000000000000E+00	0
2108	-2.23908853191727E+00	-2.15595309321799E+00	0
2109	-2.39147110719218E+00	-2.13625665137327E+00	0
2110	-2.60821376665178E+00	-2.08190085807686E+00	0
2111	-2.81175913699298E+00	-2.00538841690548E+00	0
2112	-3.00105083389798E+00	-1.90927582066542E+00	0
2113	-3.17527662066150E+00	-1.79601254500824E+00	0
2114	-3.33392595342096E+00	-1.66803312828887E+00	0
2115	-3.47666383877401E+00	-1.52765241351483E+00	0
2116	-3.60331403757450E+00	-1.37708411652596E+00	0
2117	-3.71382202155499E+00	-1.21842559922504E+00	0
2118	-3.80838851047196E+00	-1.05308977644400E+00	0
2119	-3.88722774782501E+00	-8.82483222841730E-01	0
2120	-3.95060201491383E+00	-7.08012455958710E-01	0
2121	-3.99877839542177E+00	-5.31067661373410E-01	0
2122	-4.03214441887153E+00	-3.53068637251720E-01	0
2123	-4.05109314343807E+00	-1.75414462081330E-01	0
2124	-4.05437176103743E+00	-5.81282526368101E-02	0
2125	-4.05373730477355E+00	0.00000000000000E+00	0
2126	-2.40155144033088E+00	-2.31506216216401E+00	0
2127	-2.54905601163310E+00	-2.28453849559410E+00	0
2128	-2.75742173944607E+00	-2.21488689205301E+00	0
2129	-2.95183862057810E+00	-2.12404911631085E+00	0
2130	-3.13154636009682E+00	-2.01458495501847E+00	0
2131	-3.29601732355857E+00	-1.88892991434918E+00	0
2132	-3.44501532123118E+00	-1.74948407832714E+00	0
2133	-3.57846990948154E+00	-1.59851521491165E+00	0
2134	-3.69646056518923E+00	-1.43817872909712E+00	0
2135	-3.79918070168687E+00	-1.27050465296303E+00	0
2136	-3.88682743345247E+00	-1.09678942867828E+00	0
2137	-3.95961059815962E+00	-9.18322260802970E-01	0
2138	-4.01778559484260E+00	-7.36389538048700E-01	0
2139	-4.06161220609852E+00	-5.52260646557360E-01	0
2140	-4.09146572666868E+00	-3.67228898314400E-01	0
2141	-4.10772647701682E+00	-1.82566032507930E-01	0
2142	-4.10975445771741E+00	-6.05379786635800E-02	0
2143	-4.10862789448589E+00	0.00000000000000E+00	0
2144	-2.56673736458022E+00	-2.47685571784112E+00	0
2145	-2.70873844978589E+00	-2.43482092712501E+00	0
2146	-2.90799373296068E+00	-2.34909826443810E+00	0
2147	-3.09273175100108E+00	-2.24337879927758E+00	0
2148	-3.26246572235478E+00	-2.12019283150296E+00	0
2149	-3.41692944055917E+00	-1.98192852022524E+00	0
2150	-3.55613670214289E+00	-1.83091687511269E+00	0
2151	-3.68025699229592E+00	-1.66934374269929E+00	0
2152	-3.78960064721586E+00	-1.49927116789874E+00	0
2153	-3.88458410587639E+00	-1.32262677124134E+00	0
2154	-3.96539551186282E+00	-1.14058203857254E+00	0
2155	-4.03223491413883E+00	-9.54300311186040E-01	0
2156	-4.08534533781314E+00	-7.64939288165240E-01	0
2157	-4.12497378616323E+00	-5.73638996753130E-01	0
2158	-4.15147745520217E+00	-3.81557434584610E-01	0
2159	-4.16521808123165E+00	-1.89830173833600E-01	0
2160	-4.16610690531962E+00	-6.29914886966301E-02	0
2161	-4.16454290143245E+00	0.00000000000000E+00	0
2162	-2.73472427574977E+00	-2.64141131777638E+00	0
2163	-2.87056881952559E+00	-2.58715323164367E+00	0
2164	-3.05995144575044E+00	-2.48455487223530E+00	0
2165	-3.23444217426078E+00	-2.36337895135086E+00	0
2166	-3.39380310636463E+00	-2.22609141798151E+00	0
2167	-3.53800421632114E+00	-2.07499760441869E+00	0
2168	-3.66728279987564E+00	-1.91232267651749E+00	0
2169	-3.78202152694617E+00	-1.74013355987053E+00	0
2170	-3.88273461006951E+00	-1.56036173412310E+00	0
2171	-3.97003447387195E+00	-1.37479517336424E+00	0
2172	-4.04409576213828E+00	-1.18447224735575E+00	0
2173	-4.10510418953622E+00	-9.90422265405340E-01	0
2174	-4.15328575390161E+00	-7.93666001659620E-01	0
2175	-4.18887003941955E+00	-5.95205890365070E-01	0
2176	-4.21219110573503E+00	-3.96056104025070E-01	0
2177	-4.22358708521132E+00	-1.97207537362420E-01	0
2178	-4.22345589122573E+00	-6.54889167667800E-02	0
2179	-4.22151372368444E+00	0.00000000000000E+00	0
2180	-2.90559015417060E+00	-2.80880652854300E+00	0
2181	-3.03459752798756E+00	-2.74158470352686E+00	0
2182	-3.21331658547092E+00	-2.62127662055389E+00	0
2183	-3.37697354514887E+00	-2.48405106553529E+00	0
2184	-3.52555270618787E+00	-2.33227268909380E+00	0
2185	-3.65923290336189E+00	-2.16812641478785E+00	0
2186	-3.77844632544587E+00	-1.99369264578632E+00	0
2187	-3.88375995987291E+00	-1.81088023410129E+00	0
2188	-3.97586278629932E+00	-1.62145073298469E+00	0
2189	-4.05553405101608E+00	-1.42701308204041E+00	0
2190	-4.12293120580843E+00	-1.22846469908320E+00	0
2191	-4.17822192276215E+00	-1.02669301716011E+00	0
2192	-4.22161135740800E+00	-8.22573975659290E-01	0
2193	-4.25330787352868E+00	-6.16964507094550E-01	0
2194	-4.27361818307025E+00	-4.10726765442010E-01	0
2195	-4.28285262135765E+00	-2.04698774810040E-01	0
2196	-4.28182820594775E+00	-6.80303970406002E-02	0
2197	-4.27957176238122E+00	0.00000000000000E+00	0
2198	-3.07941295227561E+00	-2.97911888927707E+00	0
2199	-3.20087495785888E+00	-2.89816461396742E+00	0
2200	-3.36811083939656E+00	-2.75928339627977E+00	0
2201	-3.52032950118241E+00	-2.60539662034716E+00	0
2202	-3.65770870090989E+00	-2.43872860770129E+00	0
2203	-3.78060674086971E+00	-2.26130418930296E+00	0
2204	-3.88961997769848E+00	-2.07501793755831E+00	0
2205	-3.98546872617767E+00	-1.88157932535083E+00	0
2206	-4.06898549778845E+00	-1.68253846269292E+00	0
2207	-4.14108507266537E+00	-1.47928371372448E+00	0
2208	-4.20190485504588E+00	-1.27256403234498E+00	0
2209	-4.25159160339009E+00	-1.06311745550921E+00	0
2210	-4.29032665414873E+00	-8.51667503510970E-01	0
2211	-4.31829418779742E+00	-6.38918023755060E-01	0
2212	-4.33577018350568E+00	-4.25571275680220E-01	0
2213	-4.34303381308104E+00	-2.12304536891250E-01	0
2214	-4.34125063042116E+00	-7.06160633470101E-02	0
2215	-4.33874840871845E+00	0.00000000000000E+00	0
2216	-3.25627065126517E+00	-3.15242596731382E+00	0
2217	-3.36945151898033E+00	-3.05694225974778E+00	0
2218	-3.52435591966260E+00	-2.89859510847040E+00	0
2219	-3.66451370258904E+00	-2.72741711351087E+00	0
2220	-3.79026529033084E+00	-2.54545115331843E+00	0
2221	-3.90211698691512E+00	-2.35452018039052E+00	0
2222	-4.00079647269770E+00	-2.15628971903579E+00	0
2223	-4.08714427669174E+00	-1.95222640449526E+00	0
2224	-4.16210308083607E+00	-1.74362523091541E+00	0
2225	-4.22668978745575E+00	-1.53161029299820E+00	0
2226	-4.28101973433822E+00	-1.31677489262699E+00	0
2227	-4.32521673251148E+00	-1.09970047524807E+00	0
2228	-4.35943616082330E+00	-8.80950883182410E-01	0
2229	-4.38383589193734E+00	-6.61069620681130E-01	0
2230	-4.39865861341556E+00	-4.40591493991400E-01	0
2231	-4.40414979368312E+00	-2.20025475569800E-01	0
2232	-4.40174995544018E+00	-7.32460499428300E-02	0
2233	-4.39907506375602E+00	0.00000000000000E+00	0
2234	-3.43624121316723E+00	-3.32880531120976E+00	0
2235	-3.54037760268515E+00	-3.21796692023244E+00	0
2236	-3.68207352098885E+00	-3.03923165065998E+00	0
2237	-3.80952979333403E+00	-2.85011402897702E+00	0
2238	-3.92321665916998E+00	-2.65243229329387E+00	0
2239	-4.02375488566679E+00	-2.44776362978331E+00	0
2240	-4.11196851375246E+00	-2.23749914807226E+00	0
2241	-4.18878305057701E+00	-2.02281703428934E+00	0
2242	-4.25521586106965E+00	-1.80471133831989E+00	0
2243	-4.31235043423452E+00	-1.58399603847092E+00	0
2244	-4.36027885915650E+00	-1.36110192039271E+00	0
2245	-4.39910080286613E+00	-1.13644696703866E+00	0
2246	-4.42894438634163E+00	-9.10428409352630E-01	0
2247	-4.44993988833359E+00	-6.83422475735930E-01	0
2248	-4.46229497221700E+00	-4.55789277963480E-01	0
2249	-4.46621968978849E+00	-2.27862241961020E-01	0
2250	-4.46335296525260E+00	-7.59204907973001E-02	0
2251	-4.46058312205942E+00	0.00000000000000E+00	0
2252	-3.61940261151596E+00	-3.50833448078151E+00	0
2253	-3.71370361170302E+00	-3.38128788549633E+00	0
2254	-3.84128534914793E+00	-3.18121292622947E+00	0
2255	-3.95538142794847E+00	-2.97348885965710E+00	0
2256	-4.05655700211749E+00	-2.75966400304498E+00	0
2257	-4.14551169059611E+00	-2.54102378639974E+00	0
2258	-4.22312881276752E+00	-2.31863738884606E+00	0
2259	-4.29038149487943E+00	-2.09334678298749E+00	0
2260	-4.34832417131709E+00	-1.86579709029598E+00	0
2261	-4.39806925842649E+00	-1.63644417275521E+00	0
2262	-4.43968525098627E+00	-1.40554975944198E+00	0
2263	-4.47324731270447E+00	-1.17336182425684E+00	0
2264	-4.49885584467797E+00	-9.40104378829040E-01	0
2265	-4.51661308404629E+00	-7.05979768354770E-01	0
2266	-4.52669076366793E+00	-4.71166486221850E-01	0
2267	-4.52926263208251E+00	-2.35815487696540E-01	0
2268	-4.52608644801533E+00	-7.86395200519201E-02	0
2269	-4.52330398203585E+00	0.00000000000000E+00	0
2270	-3.80585552375577E+00	-3.69111371634785E+00	0
2271	-3.88949300608910E+00	-3.54696740858970E+00	0
2272	-4.00201652194590E+00	-3.32456201141850E+00	0
2273	-4.10207003210069E+00	-3.09754048097796E+00	0
2274	-4.19027581442380E+00	-2.86713304959078E+00	0
2275	-4.26737381579954E+00	-2.63428449319243E+00	0
2276	-4.33426657783982E+00	-2.39969157349224E+00	0
2277	-4.39193450815554E+00	-2.16380930975194E+00	0
2278	-4.44142851493340E+00	-1.92688293235173E+00	0
2279	-4.48384930395438E+00	-1.68895921273615E+00	0
2280	-4.51924267697680E+00	-1.45012479231587E+00	0
2281	-4.54766018289600E+00	-1.21045159947132E+00	0
2282	-4.56917529075344E+00	-9.69984330514590E-01	0
2283	-4.58386299836822E+00	-7.28745351827210E-01	0
2284	-4.59185943586031E+00	-4.86725115907010E-01	0
2285	-4.59330239644345E+00	-2.43885684479840E-01	0
2286	-4.58998482280427E+00	-8.14031468860201E-02	0
2287	-4.58727853037162E+00	0.00000000000000E+00	0
2288	-3.99570066926693E+00	-3.87724329935608E+00	0
2289	-4.06780928492625E+00	-3.71506777937560E+00	0
2290	-4.16429219229093E+00	-3.46930201378293E+00	0
2291	-4.24959706305921E+00	-3.22226779506496E+00	0
2292	-4.32436261984272E+00	-2.97482622280419E+00	0
2293	-4.38932770116262E+00	-2.72752961278561E+00	0
2294	-4.44537104049500E+00	-2.48064885117803E+00	0
2295	-4.49343701035336E+00	-2.23419828855844E+00	0
2296	-4.53452941491705E+00	-1.98796932288539E+00	0
2297	-4.56969363289046E+00	-1.74154568643420E+00	0
2298	-4.59895492118349E+00	-1.49483341106278E+00	0
2299	-4.62234335021994E+00	-1.24772285321571E+00	0
2300	-4.63990749464487E+00	-1.00007380977766E+00	0
2301	-4.65169716523185E+00	-7.51723084409400E-01	0
2302	-4.65781445124100E+00	-5.02467167583770E-01	0
2303	-4.65836277304433E+00	-2.52073305807860E-01	0
2304	-4.65508252309537E+00	-8.42113810964902E-02	0
2305	-4.65254766824098E+00	0.00000000000000E+00	0
2306	-4.18903872187788E+00	-4.06682346659652E+00	0
2307	-4.24871590445682E+00	-3.88565124733613E+00	0
2308	-4.32813747405174E+00	-3.61545600605897E+00	0
2309	-4.39796394257230E+00	-3.34766967400712E+00	0
2310	-4.45880690983428E+00	-3.08273028661012E+00	0
2311	-4.51135975720439E+00	-2.82074298533690E+00	0
2312	-4.55643140551933E+00	-2.56149635157524E+00	0
2313	-4.59488389701025E+00	-2.30450737644803E+00	0
2314	-4.62762737189081E+00	-2.04905670561401E+00	0
2315	-4.65560528667892E+00	-1.79420810924001E+00	0
2316	-4.67882574850295E+00	-1.53968199699653E+00	0
2317	-4.69730073349700E+00	-1.28518213707336E+00	0
2318	-4.71105720941185E+00	-1.03037835475700E+00	0
2319	-4.72012310224500E+00	-7.74916818831290E-01	0
2320	-4.72456925638840E+00	-5.18394638025660E-01	0
2321	-4.72446753642187E+00	-2.60378823202080E-01	0
2322	-4.72141396674178E+00	-8.70642318017700E-02	0
2323	-4.71915228116883E+00	0.00000000000000E+00	0
2324	-4.38597038979559E+00	-4.25995448855154E+00	0
2325	-4.43227635357798E+00	-4.05878009271617E+00	0
2326	-4.49357751123157E+00	-3.76304708785361E+00	0
2327	-4.54717212009655E+00	-3.47374501333796E+00	0
2328	-4.59359820126061E+00	-3.19083202537476E+00	0
2329	-4.63345641768214E+00	-2.91390846881906E+00	0
2330	-4.66743689893515E+00	-2.64222121986944E+00	0
2331	-4.69627008307586E+00	-2.37473024394480E+00	0
2332	-4.72072290425949E+00	-2.11014553592047E+00	0
2333	-4.74158732312263E+00	-1.84695100654765E+00	0
2334	-4.75885893896921E+00	-1.58467693989540E+00	0
2335	-4.77253626566063E+00	-1.32283600964529E+00	0
2336	-4.78262920139320E+00	-1.06090350922174E+00	0
2337	-4.78914833964616E+00	-7.98330412093450E-01	0
2338	-4.79213731004085E+00	-5.34509526910860E-01	0
2339	-4.79164047297235E+00	-2.68802709682430E-01	0
2340	-4.78901358336489E+00	-8.99617086319000E-02	0
2341	-4.78713326642859E+00	0.00000000000000E+00	0
2342	-4.58659635769577E+00	-4.45673661249337E+00	0
2343	-4.61855410176200E+00	-4.23451657722779E+00	0
2344	-4.66063743290080E+00	-3.91209834539804E+00	0
2345	-4.69722303324220E+00	-3.60049269879501E+00	0
2346	-4.72872600108625E+00	-3.29911821596109E+00	0
2347	-4.75560410753833E+00	-3.00700991500093E+00	0
2348	-4.77837673844465E+00	-2.72281059565023E+00	0
2349	-4.79759047536644E+00	-2.44486055619610E+00	0
2350	-4.81381652245366E+00	-2.17123626394595E+00	0
2351	-4.82764279246289E+00	-1.89977889886535E+00	0
2352	-4.83905826559036E+00	-1.62982462518320E+00	0
2353	-4.84805387314699E+00	-1.36069102584000E+00	0
2354	-4.85462823082137E+00	-1.09165481399638E+00	0
2355	-4.85878040169064E+00	-8.21967719040470E-01	0
2356	-4.86053206468051E+00	-5.50813832547750E-01	0
2357	-4.85990536203847E+00	-2.77345437639370E-01	0
2358	-4.85791579456518E+00	-9.29038210217201E-02	0
2359	-4.85653151265889E+00	0.00000000000000E+00	0
2360	-4.79101732643041E+00	-4.65727010155688E+00	0
2361	-4.80761263359215E+00	-4.41292297683331E+00	0
2362	-4.82934238178637E+00	-4.06263287710581E+00	0
2363	-4.84811813196316E+00	-3.72791162654768E+00	0
2364	-4.86417982744476E+00	-3.40757564419377E+00	0
2365	-4.87778926184248E+00	-3.10003118338399E+00	0
2366	-4.88924015096104E+00	-2.80325162520976E+00	0
2367	-4.89883998911011E+00	-2.51489198417779E+00	0
2368	-4.90690874462463E+00	-2.23232934489784E+00	0
2369	-4.91377475206843E+00	-1.95269631107137E+00	0
2370	-4.91942750800512E+00	-1.67513144200836E+00	0
2371	-4.92385748862072E+00	-1.39875374368007E+00	0
2372	-4.92705906384806E+00	-1.12263781242750E+00	0
2373	-4.92902681833477E+00	-8.45832596449790E-01	0
2374	-4.92976697836045E+00	-5.67309554573900E-01	0
2375	-4.92928598848901E+00	-2.86007480157690E-01	0
2376	-4.92815502749474E+00	-9.58905786448301E-02	0
2377	-4.92738791407588E+00	0.00000000000000E+00	0
2378	-4.92989508579653E+00	-4.79352682592146E+00	0
2379	-4.93554781427079E+00	-4.53368201900639E+00	0
2380	-4.94292577704680E+00	-4.16399346453315E+00	0
2381	-4.94927860599099E+00	-3.81330432429194E+00	0
2382	-4.95469272757441E+00	-3.47998593420541E+00	0
2383	-4.95926195187128E+00	-3.16198114057104E+00	0
2384	-4.96309094790353E+00	-2.85677150339070E+00	0
2385	-4.96628901237304E+00	-2.56150945347216E+00	0
2386	-4.96896963131182E+00	-2.27305993137913E+00	0
2387	-4.97124908142783E+00	-1.98803727698284E+00	0
2388	-4.97312279168725E+00	-1.70544632905611E+00	0
2389	-4.97458651828130E+00	-1.42427172479666E+00	0
2390	-4.97563732494649E+00	-1.14345129954795E+00	0
2391	-4.97627234526603E+00	-8.61896797104050E-01	0
2392	-4.97649265844227E+00	-5.78435644915420E-01	0
2393	-4.97629941384797E+00	-2.91862032708710E-01	0
2394	-4.97589547484643E+00	-9.79115200233500E-02	0
2395	-4.97562487404364E+00	0.00000000000000E+00	0
2396	-5.00000000000000E+00	-4.86231380471772E+00	0
2397	-5.00000000000000E+00	-4.59452725620973E+00	0
2398	-5.00000000000000E+00	-4.21492864617428E+00	0
2399	-5.00000000000000E+00	-3.85611215874070E+00	0
2400	-5.00000000000000E+00	-3.51621519693147E+00	0
2401	-5.00000000000000E+00	-3.19293736133052E+00	0
2402	-5.00000000000000E+00	-2.88350242083804E+00	0
2403	-5.00000000000000E+00	-2.58479958667567E+00	0
2404	-5.00000000000000E+00	-2.29342575886138E+00	0
2405	-5.00000000000000E+00	-2.00572417985086E+00	0
2406	-5.00000000000000E+00	-1.72063241705396E+00	0
2407	-5.00000000000000E+00	-1.43706751227751E+00	0
2408	-5.00000000000000E+00	-1.15389850158844E+00	0
2409	-5.00000000000000E+00	-8.69968107645430E-01	0
2410	-5.00000000000000E+00	-5.84031256740490E-01	0
2411	-5.00000000000000E+00	-2.94809351059340E-01	0
2412	-5.00000000000000E+00	-9.89294343329501E-02	0
2413	-5.00000000000000E+00	0.00000000000000E+00	0
2414	-4.00008472008924E+00	5.57694289884700E-02	0
2415	-3.99543561605079E+00	1.68393355227130E-01	0
2416	-3.97361326087645E+00	3.39102218810190E-01	0
2417	-3.93655110337431E+00	5.10086695500320E-01	0
2418	-3.88385127083494E+00	6.79831090225400E-01	0
2419	-3.81512194207390E+00	8.46799841173130E-01	0
2420	-3.73009624027536E+00	1.00949238300110E+00	0
2421	-3.62851252580608E+00	1.16639249051191E+00	0
2422	-3.51015954591674E+00	1.31598656051745E+00	0
2423	-3.37484035192909E+00	1.45675553447572E+00	0
2424	-3.22288365086967E+00	1.58657278026300E+00	0
2425	-3.05474756349835E+00	1.70320428711213E+00	0
2426	-2.87105752362973E+00	1.80432591872666E+00	0
2427	-2.67262403380637E+00	1.88750620582421E+00	0
2428	-2.46056820685251E+00	1.95031784472596E+00	0
2429	-2.23626611491704E+00	1.99024309962339E+00	0
2430	-2.07969850045738E+00	1.99987250136915E+00	0
2431	-4.01807860285831E+00	5.65508683961400E-02	0
2432	-4.01389701251949E+00	1.70721360939610E-01	0
2433	-3.99304948864228E+00	3.43739407194650E-01	0
2434	-3.95723642631929E+00	5.17060460836020E-01	0
2435	-3.90606072440322E+00	6.89206647853900E-01	0
2436	-3.83913115712228E+00	8.58679942812770E-01	0
2437	-3.75617998328739E+00	1.02401555022102E+00	0
2438	-3.65694455266043E+00	1.18373279043525E+00	0
2439	-3.54121183145278E+00	1.33635272075485E+00	0
2440	-3.40878283211150E+00	1.48039064907994E+00	0
2441	-3.25989257249511E+00	1.61372628112285E+00	0
2442	-3.09490292381582E+00	1.73412895570871E+00	0
2443	-2.91434024158265E+00	1.83927424049903E+00	0
2444	-2.71891280577201E+00	1.92672627389331E+00	0
2445	-2.50963665667137E+00	1.99404712133131E+00	0
2446	-2.28777925157210E+00	2.03870294769870E+00	0
2447	-2.13254327931114E+00	2.05161832252026E+00	0
2448	-4.05437176167279E+00	5.81282525796500E-02	0
2449	-4.05109314409084E+00	1.75414461943670E-01	0
2450	-4.03214441802662E+00	3.53068637324000E-01	0
2451	-3.99877839387744E+00	5.31067661274500E-01	0
2452	-3.95060201355520E+00	7.08012456005370E-01	0
2453	-3.88722774763546E+00	8.82483223156170E-01	0
2454	-3.80838851123629E+00	1.05308977700594E+00	0
2455	-3.71382202234060E+00	1.21842559961777E+00	0
2456	-3.60331403757612E+00	1.37708411662675E+00	0
2457	-3.47666383798466E+00	1.52765241264341E+00	0
2458	-3.33392595239828E+00	1.66803312753508E+00	0
2459	-3.17527662099975E+00	1.79601254510802E+00	0
2460	-3.00105083425299E+00	1.90927582099868E+00	0
2461	-2.81175913685346E+00	2.00538841604401E+00	0
2462	-2.60821376679234E+00	2.08190085834389E+00	0
2463	-2.39147110732135E+00	2.13625665211687E+00	0
2464	-2.23908853177035E+00	2.15595309218206E+00	0
2465	-4.10975445831390E+00	6.05379786081199E-02	0
2466	-4.10772647763103E+00	1.82566032373290E-01	0
2467	-4.09146572587209E+00	3.67228898399720E-01	0
2468	-4.06161220463921E+00	5.52260646464290E-01	0
2469	-4.01778559355725E+00	7.36389538090080E-01	0
2470	-3.95961059797632E+00	9.18322261078900E-01	0
2471	-3.88682743417118E+00	1.09678942918333E+00	0
2472	-3.79918070243066E+00	1.27050465330677E+00	0
2473	-3.69646056519020E+00	1.43817872919772E+00	0
2474	-3.57846990870584E+00	1.59851521408684E+00	0
2475	-3.44501532023494E+00	1.74948407764176E+00	0
2476	-3.29601732389311E+00	1.88892991443666E+00	0
2477	-3.13154636043449E+00	2.01458495534308E+00	0
2478	-2.95183862037296E+00	2.12404911546567E+00	0
2479	-2.75742173957900E+00	2.21488689229728E+00	0
2480	-2.54905601180256E+00	2.28453849629683E+00	0
2481	-2.40155144012810E+00	2.31506216112086E+00	0
2482	-4.16610690587789E+00	6.29914886448300E-02	0
2483	-4.16521808180794E+00	1.89830173704370E-01	0
2484	-4.15147745445497E+00	3.81557434681820E-01	0
2485	-4.12497378479065E+00	5.73638996663040E-01	0
2486	-4.08534533660254E+00	7.64939288198340E-01	0
2487	-4.03223491396193E+00	9.54300311421370E-01	0
2488	-3.96539551253503E+00	1.14058203901945E+00	0
2489	-3.88458410657765E+00	1.32262677153476E+00	0
2490	-3.78960064721785E+00	1.49927116799927E+00	0
2491	-3.68025699154090E+00	1.66934374192641E+00	0
2492	-3.55613670118070E+00	1.83091687450199E+00	0
2493	-3.41692944089008E+00	1.98192852029954E+00	0
2494	-3.26246572267602E+00	2.12019283182003E+00	0
2495	-3.09273175074004E+00	2.24337879846033E+00	0
2496	-2.90799373308697E+00	2.34909826466026E+00	0
2497	-2.70873844999165E+00	2.43482092778058E+00	0
2498	-2.56673736433020E+00	2.47685571680047E+00	0
2499	-4.22345589174423E+00	6.54889167205699E-02	0
2500	-4.22358708574799E+00	1.97207537240780E-01	0
2501	-4.21219110503620E+00	3.96056104132680E-01	0
2502	-4.18887003813341E+00	5.95205890274460E-01	0
2503	-4.15328575276515E+00	7.93666001680480E-01	0
2504	-4.10510418936354E+00	9.90422265596780E-01	0
2505	-4.04409576276037E+00	1.18447224774174E+00	0
2506	-3.97003447452686E+00	1.37479517360405E+00	0
2507	-3.88273461007059E+00	1.56036173422124E+00	0
2508	-3.78202152621499E+00	1.74013355915219E+00	0
2509	-3.66728279895087E+00	1.91232267598461E+00	0
2510	-3.53800421664367E+00	2.07499760447519E+00	0
2511	-3.39380310666546E+00	2.22609141828815E+00	0
2512	-3.23444217394877E+00	2.36337895056930E+00	0
2513	-3.05995144586553E+00	2.48455487243108E+00	0
2514	-2.87056881975744E+00	2.58715323223990E+00	0
2515	-2.73472427545552E+00	2.64141131674247E+00	0
2516	-4.28182820642725E+00	6.80303970019600E-02	0
2517	-4.28285262185537E+00	2.04698774698550E-01	0
2518	-4.27361818242151E+00	4.10726765559190E-01	0
2519	-4.25330787233175E+00	6.16964507000910E-01	0
2520	-4.22161135634828E+00	8.22573975665310E-01	0
2521	-4.17822192259496E+00	1.02669301730600E+00	0
2522	-4.12293120638037E+00	1.22846469940747E+00	0
2523	-4.05553405162449E+00	1.42701308222549E+00	0
2524	-3.97586278630146E+00	1.62145073308057E+00	0
2525	-3.88375995917304E+00	1.81088023344307E+00	0
2526	-3.77844632456660E+00	1.99369264533786E+00	0
2527	-3.65923290367621E+00	2.16812641482564E+00	0
2528	-3.52555270646982E+00	2.33227268939160E+00	0
2529	-3.37697354479751E+00	2.48405106480292E+00	0
2530	-3.21331658557690E+00	2.62127662072490E+00	0
2531	-3.03459752824193E+00	2.74158470405777E+00	0
2532	-2.90559015384283E+00	2.80880652752763E+00	0
2533	-4.34125063085962E+00	7.06160633178901E-02	0
2534	-4.34303381353760E+00	2.12304536792140E-01	0
2535	-4.33577018290614E+00	4.25571275805570E-01	0
2536	-4.31829418668984E+00	6.38918023655010E-01	0
2537	-4.29032665316564E+00	8.51667503498290E-01	0
2538	-4.25159160322666E+00	1.06311745560643E+00	0
2539	-4.20190485556433E+00	1.27256403260484E+00	0
2540	-4.14108507322329E+00	1.47928371385127E+00	0
2541	-4.06898549778927E+00	1.68253846278370E+00	0
2542	-3.98546872551189E+00	1.88157932475504E+00	0
2543	-3.88961997686769E+00	2.07501793719716E+00	0
2544	-3.78060674117020E+00	2.26130418931667E+00	0
2545	-3.65770870116844E+00	2.43872860798700E+00	0
2546	-3.52032950079733E+00	2.60539661967254E+00	0
2547	-3.36811083948853E+00	2.75928339642144E+00	0
2548	-3.20087495812438E+00	2.89816461441963E+00	0
2549	-3.07941295191767E+00	2.97911888828485E+00	0
2550	-4.40174995583851E+00	7.32460499252701E-02	0
2551	-4.40414979409928E+00	2.20025475485720E-01	0
2552	-4.39865861286765E+00	4.40591494124380E-01	0
2553	-4.38383589092291E+00	6.61069620572510E-01	0
2554	-4.35943615992064E+00	8.80950883148810E-01	0
2555	-4.32521673235417E+00	1.09970047529549E+00	0
2556	-4.28101973480409E+00	1.31677489282211E+00	0
2557	-4.22668978796362E+00	1.53161029306577E+00	0
2558	-4.16210308083787E+00	1.74362523100122E+00	0
2559	-4.08714427606803E+00	1.95222640396772E+00	0
2560	-4.00079647192395E+00	2.15628971876888E+00	0
2561	-3.90211698720206E+00	2.35452018037925E+00	0
2562	-3.79026529056813E+00	2.54545115359420E+00	0
2563	-3.66451370218381E+00	2.72741711290936E+00	0
2564	-3.52435591974372E+00	2.89859510858529E+00	0
2565	-3.36945151925388E+00	3.05694226011565E+00	0
2566	-3.25627065088995E+00	3.15242596635867E+00	0
2567	-4.46335296560862E+00	7.59204907932101E-02	0
2568	-4.46621969016182E+00	2.27862241894370E-01	0
2569	-4.46229497172017E+00	4.55789278102910E-01	0
2570	-4.44993988741321E+00	6.83422475615590E-01	0
2571	-4.42894438552010E+00	9.10428409294560E-01	0
2572	-4.39910080271399E+00	1.13644696703344E+00	0
2573	-4.36027885956691E+00	1.36110192052064E+00	0
2574	-4.31235043468853E+00	1.58399603847568E+00	0
2575	-4.25521586106996E+00	1.80471133839764E+00	0
2576	-4.18878304999817E+00	2.02281703383232E+00	0
2577	-4.11196851303871E+00	2.23749914790245E+00	0
2578	-4.02375488593412E+00	2.44776362974129E+00	0
2579	-3.92321665938150E+00	2.65243229355644E+00	0
2580	-3.80952979291559E+00	2.85011402845851E+00	0
2581	-3.68207352105463E+00	3.03923165074383E+00	0
2582	-3.54037760295500E+00	3.21796692050217E+00	0
2583	-3.43624121277935E+00	3.32880531029754E+00	0
2584	-4.52608644833016E+00	7.86395200634200E-02	0
2585	-4.52926263241394E+00	2.35815487650100E-01	0
2586	-4.52669076322546E+00	4.71166486367480E-01	0
2587	-4.51661308322491E+00	7.05979768220950E-01	0
2588	-4.49885584394260E+00	9.40104378744680E-01	0
2589	-4.47324731256098E+00	1.17336182419835E+00	0
2590	-4.43968525134310E+00	1.40554975950287E+00	0
2591	-4.39806925882767E+00	1.63644417269646E+00	0
2592	-4.34832417131859E+00	1.86579709036584E+00	0
2593	-4.29038149435394E+00	2.09334678260711E+00	0
2594	-4.22312881212292E+00	2.31863738878072E+00	0
2595	-4.14551169084430E+00	2.54102378632613E+00	0
2596	-4.05655700230613E+00	2.75966400329711E+00	0
2597	-3.95538142753246E+00	2.97348885923897E+00	0
2598	-3.84128534920282E+00	3.18121292628603E+00	0
2599	-3.71370361196682E+00	3.38128788566290E+00	0
2600	-3.61940261113075E+00	3.50833447992859E+00	0
2601	-4.58998482307514E+00	8.14031469150400E-02	0
2602	-4.59330239672994E+00	2.43885684456030E-01	0
2603	-4.59185943547177E+00	4.86725116057860E-01	0
2604	-4.58386299764728E+00	7.28745351676910E-01	0
2605	-4.56917529010557E+00	9.69984330400550E-01	0
2606	-4.54766018276075E+00	1.21045159935695E+00	0
2607	-4.51924267727746E+00	1.45012479230734E+00	0
2608	-4.48384930429877E+00	1.68895921261000E+00	0
2609	-4.44142851493306E+00	1.92688293240997E+00	0
2610	-4.39193450768576E+00	2.16380930945004E+00	0
2611	-4.33426657726675E+00	2.39969157353382E+00	0
2612	-4.26737381602146E+00	2.63428449308051E+00	0
2613	-4.19027581458439E+00	2.86713304982876E+00	0
2614	-4.10207003169490E+00	3.09754048067105E+00	0
2615	-4.00201652198505E+00	3.32456201144318E+00	0
2616	-3.88949300633380E+00	3.54696740863790E+00	0
2617	-3.80585552337836E+00	3.69111371556058E+00	0
2618	-4.65508252332386E+00	8.42113811451599E-02	0
2619	-4.65836277328707E+00	2.52073305809710E-01	0
2620	-4.65781445091077E+00	5.02467167740020E-01	0
2621	-4.65169716461787E+00	7.51723084241400E-01	0
2622	-4.63990749409127E+00	1.00007380963279E+00	0
2623	-4.62234335009813E+00	1.24772285304559E+00	0
2624	-4.59895492143127E+00	1.49483341098573E+00	0
2625	-4.56969363318007E+00	1.74154568624028E+00	0
2626	-4.53452941491814E+00	1.98796932293227E+00	0
2627	-4.49343700994856E+00	2.23419828834157E+00	0
2628	-4.44537104000342E+00	2.48064885133447E+00	0
2629	-4.38932770135914E+00	2.72752961263475E+00	0
2630	-4.32436261997935E+00	2.97482622303176E+00	0
2631	-4.24959706268241E+00	3.22226779488955E+00	0
2632	-4.16429219232082E+00	3.46930201378127E+00	0
2633	-4.06780928515077E+00	3.71506777930147E+00	0
2634	-3.99570066891631E+00	3.87724329865445E+00	0
2635	-4.72141396692479E+00	8.70642318720700E-02	0
2636	-4.72446753661737E+00	2.60378823232120E-01	0
2637	-4.72456925611651E+00	5.18394638186580E-01	0
2638	-4.72012310174035E+00	7.74916818642960E-01	0
2639	-4.71105720895490E+00	1.03037835457824E+00	0
2640	-4.69730073338913E+00	1.28518213684528E+00	0
2641	-4.67882574869592E+00	1.53968199684886E+00	0
2642	-4.65560528690982E+00	1.79420810897423E+00	0
2643	-4.62762737188999E+00	2.04905670564530E+00	0
2644	-4.59488389667254E+00	2.30450737631774E+00	0
2645	-4.55643140511138E+00	2.56149635184874E+00	0
2646	-4.51135975736752E+00	2.82074298513961E+00	0
2647	-4.45880690994156E+00	3.08273028682342E+00	0
2648	-4.39796394223380E+00	3.34766967397569E+00	0
2649	-4.32813747406784E+00	3.61545600602664E+00	0
2650	-4.24871590464744E+00	3.88565124712379E+00	0
2651	-4.18903872156077E+00	4.06682346598844E+00	0
2652	-4.78901358350417E+00	8.99617087260201E-02	0
2653	-4.79164047312192E+00	2.68802709743840E-01	0
2654	-4.79213730983262E+00	5.34509527077070E-01	0
2655	-4.78914833925875E+00	7.98330411884050E-01	0
2656	-4.78262920104115E+00	1.06090350900847E+00	0
2657	-4.77253626557333E+00	1.32283600936002E+00	0
2658	-4.75885893911174E+00	1.58467693967855E+00	0
2659	-4.74158732329745E+00	1.84695100620983E+00	0
2660	-4.72072290426022E+00	2.11014553593622E+00	0
2661	-4.69627008281487E+00	2.37473024390780E+00	0
2662	-4.66743689862113E+00	2.64222122026819E+00	0
2663	-4.63345641781265E+00	2.91390846857446E+00	0
2664	-4.59359820134320E+00	3.19083202557803E+00	0
2665	-4.54717211981765E+00	3.47374501347324E+00	0
2666	-4.49357751124181E+00	3.76304708779746E+00	0
2667	-4.43227635373430E+00	4.05878009236216E+00	0
2668	-4.38597038953412E+00	4.25995448806011E+00	0
2669	-4.85791579465765E+00	9.29038211416300E-02	0
2670	-4.85990536213846E+00	2.77345437734860E-01	0
2671	-4.86053206453668E+00	5.50813832718890E-01	0
2672	-4.85878040142405E+00	8.21967718807800E-01	0
2673	-4.85462823057793E+00	1.09165481374600E+00	0
2674	-4.84805387308202E+00	1.36069102549589E+00	0
2675	-4.83905826568145E+00	1.62982462489556E+00	0
2676	-4.82764279257820E+00	1.89977889845145E+00	0
2677	-4.81381652245269E+00	2.17123626394166E+00	0
2678	-4.79759047518451E+00	2.44486055625391E+00	0
2679	-4.77837673822692E+00	2.72281059617654E+00	0
2680	-4.75560410762791E+00	3.00700991470118E+00	0
2681	-4.72872600113918E+00	3.29911821615084E+00	0
2682	-4.69722303303448E+00	3.60049269911162E+00	0
2683	-4.66063743290169E+00	3.91209834531466E+00	0
2684	-4.61855410187047E+00	4.23451657671627E+00	0
2685	-4.58659635749915E+00	4.45673661212898E+00	0
2686	-4.92815502754236E+00	9.58905787927500E-02	0
2687	-4.92928598854079E+00	2.86007480290610E-01	0
2688	-4.92976697828724E+00	5.67309554750960E-01	0
2689	-4.92902681819825E+00	8.45832596193570E-01	0
2690	-4.92705906372295E+00	1.12263781213994E+00	0
2691	-4.92385748858600E+00	1.39875374327851E+00	0
2692	-4.91942750805019E+00	1.67513144165191E+00	0
2693	-4.91377475212735E+00	1.95269631058129E+00	0
2694	-4.90690874462552E+00	2.23232934487333E+00	0
2695	-4.89883998901716E+00	2.51489198433717E+00	0
2696	-4.88924015085011E+00	2.80325162587197E+00	0
2697	-4.87778926189170E+00	3.10003118302789E+00	0
2698	-4.86417982747317E+00	3.40757564437462E+00	0
2699	-4.84811813185036E+00	3.72791162707074E+00	0
2700	-4.82934238178725E+00	4.06263287700330E+00	0
2701	-4.80761263365310E+00	4.41292297616136E+00	0
2702	-4.79101732632396E+00	4.65727010134573E+00	0
2703	-4.97589547486311E+00	9.79115201913501E-02	0
2704	-4.97629941386609E+00	2.91862032868590E-01	0
2705	-4.97649265841810E+00	5.78435645096650E-01	0
2706	-4.97627234522038E+00	8.61896796831290E-01	0
2707	-4.97563732490462E+00	1.14345129923462E+00	0
2708	-4.97458651826983E+00	1.42427172435658E+00	0
2709	-4.97312279170273E+00	1.70544632865362E+00	0
2710	-4.97124908144832E+00	1.98803727644005E+00	0
2711	-4.96896963131306E+00	2.27305993133880E+00	0
2712	-4.96628901234239E+00	2.56150945370122E+00	0
2713	-4.96309094786697E+00	2.85677150414619E+00	0
2714	-4.95926195188943E+00	3.16198114017314E+00	0
2715	-4.95469272758525E+00	3.47998593437969E+00	0
2716	-4.94927860595270E+00	3.81330432496555E+00	0
2717	-4.94292577704839E+00	4.16399346441831E+00	0
2718	-4.93554781429380E+00	4.53368201821949E+00	0
2719	-4.92989508576093E+00	4.79352682582393E+00	0
2720	-5.00000000000000E+00	9.89294345112799E-02	0
2721	-5.00000000000000E+00	2.94809351233100E-01	0
2722	-5.00000000000000E+00	5.84031256923690E-01	0
2723	-5.00000000000000E+00	8.69968107363890E-01	0
2724	-5.00000000000000E+00	1.15389850126161E+00	0
2725	-5.00000000000000E+00	1.43706751181767E+00	0
2726	-5.00000000000000E+00	1.72063241662787E+00	0
2727	-5.00000000000000E+00	2.00572417928053E+00	0
2728	-5.00000000000000E+00	2.29342575881171E+00	0
2729	-5.00000000000000E+00	2.58479958693919E+00	0
2730	-5.00000000000000E+00	2.88350242163982E+00	0
2731	-5.00000000000000E+00	3.19293736090943E+00	0
2732	-5.00000000000000E+00	3.51621519710091E+00	0
2733	-5.00000000000000E+00	3.85611215949135E+00	0
2734	-5.00000000000000E+00	4.21492864605149E+00	0
2735	-5.00000000000000E+00	4.59452725536098E+00	0
2736	-5.00000000000000E+00	4.86231380467740E+00	0

%CONTROL.POINT.WEIGHT
2736
1        +1.0000000000000000e+000
2        +1.0000000000000000e+000
3        +1.0000000000000000e+000
4        +1.0000000000000000e+000
5        +1.0000000000000000e+000
6        +1.0000000000000000e+000
7        +1.0000000000000000e+000
8        +1.0000000000000000e+000
9        +1.0000000000000000e+000
10       +1.0000000000000000e+000
11       +1.0000000000000000e+000
12       +1.0000000000000000e+000
13       +1.0000000000000000e+000
14       +1.0000000000000000e+000
15       +1.0000000000000000e+000
16       +1.0000000000000000e+000
17       +1.0000000000000000e+000
18       +1.0000000000000000e+000
19       +1.0000000000000000e+000
20       +1.0000000000000000e+000
21       +1.0000000000000000e+000
22       +1.0000000000000000e+000
23       +1.0000000000000000e+000
24       +1.0000000000000000e+000
25       +1.0000000000000000e+000
26       +1.0000000000000000e+000
27       +1.0000000000000000e+000
28       +1.0000000000000000e+000
29       +1.0000000000000000e+000
30       +1.0000000000000000e+000
31       +1.0000000000000000e+000
32       +1.0000000000000000e+000
33       +1.0000000000000000e+000
34       +1.0000000000000000e+000
35       +1.0000000000000000e+000
36       +1.0000000000000000e+000
37       +1.0000000000000000e+000
38       +1.0000000000000000e+000
39       +1.0000000000000000e+000
40       +1.0000000000000000e+000
41       +1.0000000000000000e+000
42       +1.0000000000000000e+000
43       +1.0000000000000000e+000
44       +1.0000000000000000e+000
45       +1.0000000000000000e+000
46       +1.0000000000000000e+000
47       +1.0000000000000000e+000
48       +1.0000000000000000e+000
49       +1.0000000000000000e+000
50       +1.0000000000000000e+000
51       +1.0000000000000000e+000
52       +1.0000000000000000e+000
53       +1.0000000000000000e+000
54       +1.0000000000000000e+000
55       +1.0000000000000000e+000
56       +1.0000000000000000e+000
57       +1.0000000000000000e+000
58       +1.0000000000000000e+000
59       +1.0000000000000000e+000
60       +1.0000000000000000e+000
61       +1.0000000000000000e+000
62       +1.0000000000000000e+000
63       +1.0000000000000000e+000
64       +1.0000000000000000e+000
65       +1.0000000000000000e+000
66       +1.0000000000000000e+000
67       +1.0000000000000000e+000
68       +1.0000000000000000e+000
69       +1.0000000000000000e+000
70       +1.0000000000000000e+000
71       +1.0000000000000000e+000
72       +1.0000000000000000e+000
73       +1.0000000000000000e+000
74       +1.0000000000000000e+000
75       +1.0000000000000000e+000
76       +1.0000000000000000e+000
77       +1.0000000000000000e+000
78       +1.0000000000000000e+000
79       +1.0000000000000000e+000
80       +1.0000000000000000e+000
81       +1.0000000000000000e+000
82       +1.0000000000000000e+000
83       +1.0000000000000000e+000
84       +1.0000000000000000e+000
85       +1.0000000000000000e+000
86       +1.0000000000000000e+000
87       +1.0000000000000000e+000
88       +1.0000000000000000e+000
89       +1.0000000000000000e+000
90       +1.0000000000000000e+000
91       +1.0000000000000000e+000
92       +1.0000000000000000e+000
93       +1.0000000000000000e+000
94       +1.0000000000000000e+000
95       +1.0000000000000000e+000
96       +1.0000000000000000e+000
97       +1.0000000000000000e+000
98       +1.0000000000000000e+000
99       +1.0000000000000000e+000
100      +1.0000000000000000e+000
101      +1.0000000000000000e+000
102      +1.0000000000000000e+000
103      +1.0000000000000000e+000
104      +1.0000000000000000e+000
105      +1.0000000000000000e+000
106      +1.0000000000000000e+000
107      +1.0000000000000000e+000
108      +1.0000000000000000e+000
109      +1.0000000000000000e+000
110      +1.0000000000000000e+000
111      +1.0000000000000000e+000
112      +1.0000000000000000e+000
113      +1.0000000000000000e+000
114      +1.0000000000000000e+000
115      +1.0000000000000000e+000
116      +1.0000000000000000e+000
117      +1.0000000000000000e+000
118      +1.0000000000000000e+000
119      +1.0000000000000000e+000
120      +1.0000000000000000e+000
121      +1.0000000000000000e+000
122      +1.0000000000000000e+000
123      +1.0000000000000000e+000
124      +1.0000000000000000e+000
125      +1.0000000000000000e+000
126      +1.0000000000000000e+000
127      +1.0000000000000000e+000
128      +1.0000000000000000e+000
129      +1.0000000000000000e+000
130      +1.0000000000000000e+000
131      +1.0000000000000000e+000
132      +1.0000000000000000e+000
133      +1.0000000000000000e+000
134      +1.0000000000000000e+000
135      +1.0000000000000000e+000
136      +1.0000000000000000e+000
137      +1.0000000000000000e+000
138      +1.0000000000000000e+000
139      +1.0000000000000000e+000
140      +1.0000000000000000e+000
141      +1.0000000000000000e+000
142      +1.0000000000000000e+000
143      +1.0000000000000000e+000
144      +1.0000000000000000e+000
145      +1.0000000000000000e+000
146      +1.0000000000000000e+000
147      +1.0000000000000000e+000
148      +1.0000000000000000e+000
149      +1.0000000000000000e+000
150      +1.0000000000000000e+000
151      +1.0000000000000000e+000
152      +1.0000000000000000e+000
153      +1.0000000000000000e+000
154      +1.0000000000000000e+000
155      +1.0000000000000000e+000
156      +1.0000000000000000e+000
157      +1.0000000000000000e+000
158      +1.0000000000000000e+000
159      +1.0000000000000000e+000
160      +1.0000000000000000e+000
161      +1.0000000000000000e+000
162      +1.0000000000000000e+000
163      +1.0000000000000000e+000
164      +1.0000000000000000e+000
165      +1.0000000000000000e+000
166      +1.0000000000000000e+000
167      +1.0000000000000000e+000
168      +1.0000000000000000e+000
169      +1.0000000000000000e+000
170      +1.0000000000000000e+000
171      +1.0000000000000000e+000
172      +1.0000000000000000e+000
173      +1.0000000000000000e+000
174      +1.0000000000000000e+000
175      +1.0000000000000000e+000
176      +1.0000000000000000e+000
177      +1.0000000000000000e+000
178      +1.0000000000000000e+000
179      +1.0000000000000000e+000
180      +1.0000000000000000e+000
181      +1.0000000000000000e+000
182      +1.0000000000000000e+000
183      +1.0000000000000000e+000
184      +1.0000000000000000e+000
185      +1.0000000000000000e+000
186      +1.0000000000000000e+000
187      +1.0000000000000000e+000
188      +1.0000000000000000e+000
189      +1.0000000000000000e+000
190      +1.0000000000000000e+000
191      +1.0000000000000000e+000
192      +1.0000000000000000e+000
193      +1.0000000000000000e+000
194      +1.0000000000000000e+000
195      +1.0000000000000000e+000
196      +1.0000000000000000e+000
197      +1.0000000000000000e+000
198      +1.0000000000000000e+000
199      +1.0000000000000000e+000
200      +1.0000000000000000e+000
201      +1.0000000000000000e+000
202      +1.0000000000000000e+000
203      +1.0000000000000000e+000
204      +1.0000000000000000e+000
205      +1.0000000000000000e+000
206      +1.0000000000000000e+000
207      +1.0000000000000000e+000
208      +1.0000000000000000e+000
209      +1.0000000000000000e+000
210      +1.0000000000000000e+000
211      +1.0000000000000000e+000
212      +1.0000000000000000e+000
213      +1.0000000000000000e+000
214      +1.0000000000000000e+000
215      +1.0000000000000000e+000
216      +1.0000000000000000e+000
217      +1.0000000000000000e+000
218      +1.0000000000000000e+000
219      +1.0000000000000000e+000
220      +1.0000000000000000e+000
221      +1.0000000000000000e+000
222      +1.0000000000000000e+000
223      +1.0000000000000000e+000
224      +1.0000000000000000e+000
225      +1.0000000000000000e+000
226      +1.0000000000000000e+000
227      +1.0000000000000000e+000
228      +1.0000000000000000e+000
229      +1.0000000000000000e+000
230      +1.0000000000000000e+000
231      +1.0000000000000000e+000
232      +1.0000000000000000e+000
233      +1.0000000000000000e+000
234      +1.0000000000000000e+000
235      +1.0000000000000000e+000
236      +1.0000000000000000e+000
237      +1.0000000000000000e+000
238      +1.0000000000000000e+000
239      +1.0000000000000000e+000
240      +1.0000000000000000e+000
241      +1.0000000000000000e+000
242      +1.0000000000000000e+000
243      +1.0000000000000000e+000
244      +1.0000000000000000e+000
245      +1.0000000000000000e+000
246      +1.0000000000000000e+000
247      +1.0000000000000000e+000
248      +1.0000000000000000e+000
249      +1.0000000000000000e+000
250      +1.0000000000000000e+000
251      +1.0000000000000000e+000
252      +1.0000000000000000e+000
253      +1.0000000000000000e+000
254      +1.0000000000000000e+000
255      +1.0000000000000000e+000
256      +1.0000000000000000e+000
257      +1.0000000000000000e+000
258      +1.0000000000000000e+000
259      +1.0000000000000000e+000
260      +1.0000000000000000e+000
261      +1.0000000000000000e+000
262      +1.0000000000000000e+000
263      +1.0000000000000000e+000
264      +1.0000000000000000e+000
265      +1.0000000000000000e+000
266      +1.0000000000000000e+000
267      +1.0000000000000000e+000
268      +1.0000000000000000e+000
269      +1.0000000000000000e+000
270      +1.0000000000000000e+000
271      +1.0000000000000000e+000
272      +1.0000000000000000e+000
273      +1.0000000000000000e+000
274      +1.0000000000000000e+000
275      +1.0000000000000000e+000
276      +1.0000000000000000e+000
277      +1.0000000000000000e+000
278      +1.0000000000000000e+000
279      +1.0000000000000000e+000
280      +1.0000000000000000e+000
281      +1.0000000000000000e+000
282      +1.0000000000000000e+000
283      +1.0000000000000000e+000
284      +1.0000000000000000e+000
285      +1.0000000000000000e+000
286      +1.0000000000000000e+000
287      +1.0000000000000000e+000
288      +1.0000000000000000e+000
289      +1.0000000000000000e+000
290      +1.0000000000000000e+000
291      +1.0000000000000000e+000
292      +1.0000000000000000e+000
293      +1.0000000000000000e+000
294      +1.0000000000000000e+000
295      +1.0000000000000000e+000
296      +1.0000000000000000e+000
297      +1.0000000000000000e+000
298      +1.0000000000000000e+000
299      +1.0000000000000000e+000
300      +1.0000000000000000e+000
301      +1.0000000000000000e+000
302      +1.0000000000000000e+000
303      +1.0000000000000000e+000
304      +1.0000000000000000e+000
305      +1.0000000000000000e+000
306      +1.0000000000000000e+000
307      +1.0000000000000000e+000
308      +1.0000000000000000e+000
309      +1.0000000000000000e+000
310      +1.0000000000000000e+000
311      +1.0000000000000000e+000
312      +1.0000000000000000e+000
313      +1.0000000000000000e+000
314      +1.0000000000000000e+000
315      +1.0000000000000000e+000
316      +1.0000000000000000e+000
317      +1.0000000000000000e+000
318      +1.0000000000000000e+000
319      +1.0000000000000000e+000
320      +1.0000000000000000e+000
321      +1.0000000000000000e+000
322      +1.0000000000000000e+000
323      +1.0000000000000000e+000
324      +1.0000000000000000e+000
325      +1.0000000000000000e+000
326      +1.0000000000000000e+000
327      +1.0000000000000000e+000
328      +1.0000000000000000e+000
329      +1.0000000000000000e+000
330      +1.0000000000000000e+000
331      +1.0000000000000000e+000
332      +1.0000000000000000e+000
333      +1.0000000000000000e+000
334      +1.0000000000000000e+000
335      +1.0000000000000000e+000
336      +1.0000000000000000e+000
337      +1.0000000000000000e+000
338      +1.0000000000000000e+000
339      +1.0000000000000000e+000
340      +1.0000000000000000e+000
341      +1.0000000000000000e+000
342      +1.0000000000000000e+000
343      +1.0000000000000000e+000
344      +1.0000000000000000e+000
345      +1.0000000000000000e+000
346      +1.0000000000000000e+000
347      +1.0000000000000000e+000
348      +1.0000000000000000e+000
349      +1.0000000000000000e+000
350      +1.0000000000000000e+000
351      +1.0000000000000000e+000
352      +1.0000000000000000e+000
353      +1.0000000000000000e+000
354      +1.0000000000000000e+000
355      +1.0000000000000000e+000
356      +1.0000000000000000e+000
357      +1.0000000000000000e+000
358      +1.0000000000000000e+000
359      +1.0000000000000000e+000
360      +1.0000000000000000e+000
361      +1.0000000000000000e+000
362      +1.0000000000000000e+000
363      +1.0000000000000000e+000
364      +1.0000000000000000e+000
365      +1.0000000000000000e+000
366      +1.0000000000000000e+000
367      +1.0000000000000000e+000
368      +1.0000000000000000e+000
369      +1.0000000000000000e+000
370      +1.0000000000000000e+000
371      +1.0000000000000000e+000
372      +1.0000000000000000e+000
373      +1.0000000000000000e+000
374      +1.0000000000000000e+000
375      +1.0000000000000000e+000
376      +1.0000000000000000e+000
377      +1.0000000000000000e+000
378      +1.0000000000000000e+000
379      +1.0000000000000000e+000
380      +1.0000000000000000e+000
381      +1.0000000000000000e+000
382      +1.0000000000000000e+000
383      +1.0000000000000000e+000
384      +1.0000000000000000e+000
385      +1.0000000000000000e+000
386      +1.0000000000000000e+000
387      +1.0000000000000000e+000
388      +1.0000000000000000e+000
389      +1.0000000000000000e+000
390      +1.0000000000000000e+000
391      +1.0000000000000000e+000
392      +1.0000000000000000e+000
393      +1.0000000000000000e+000
394      +1.0000000000000000e+000
395      +1.0000000000000000e+000
396      +1.0000000000000000e+000
397      +1.0000000000000000e+000
398      +1.0000000000000000e+000
399      +1.0000000000000000e+000
400      +1.0000000000000000e+000
401      +1.0000000000000000e+000
402      +1.0000000000000000e+000
403      +1.0000000000000000e+000
404      +1.0000000000000000e+000
405      +1.0000000000000000e+000
406      +1.0000000000000000e+000
407      +1.0000000000000000e+000
408      +1.0000000000000000e+000
409      +1.0000000000000000e+000
410      +1.0000000000000000e+000
411      +1.0000000000000000e+000
412      +1.0000000000000000e+000
413      +1.0000000000000000e+000
414      +1.0000000000000000e+000
415      +1.0000000000000000e+000
416      +1.0000000000000000e+000
417      +1.0000000000000000e+000
418      +1.0000000000000000e+000
419      +1.0000000000000000e+000
420      +1.0000000000000000e+000
421      +1.0000000000000000e+000
422      +1.0000000000000000e+000
423      +1.0000000000000000e+000
424      +1.0000000000000000e+000
425      +1.0000000000000000e+000
426      +1.0000000000000000e+000
427      +1.0000000000000000e+000
428      +1.0000000000000000e+000
429      +1.0000000000000000e+000
430      +1.0000000000000000e+000
431      +1.0000000000000000e+000
432      +1.0000000000000000e+000
433      +1.0000000000000000e+000
434      +1.0000000000000000e+000
435      +1.0000000000000000e+000
436      +1.0000000000000000e+000
437      +1.0000000000000000e+000
438      +1.0000000000000000e+000
439      +1.0000000000000000e+000
440      +1.0000000000000000e+000
441      +1.0000000000000000e+000
442      +1.0000000000000000e+000
443      +1.0000000000000000e+000
444      +1.0000000000000000e+000
445      +1.0000000000000000e+000
446      +1.0000000000000000e+000
447      +1.0000000000000000e+000
448      +1.0000000000000000e+000
449      +1.0000000000000000e+000
450      +1.0000000000000000e+000
451      +1.0000000000000000e+000
452      +1.0000000000000000e+000
453      +1.0000000000000000e+000
454      +1.0000000000000000e+000
455      +1.0000000000000000e+000
456      +1.0000000000000000e+000
457      +1.0000000000000000e+000
458      +1.0000000000000000e+000
459      +1.0000000000000000e+000
460      +1.0000000000000000e+000
461      +1.0000000000000000e+000
462      +1.0000000000000000e+000
463      +1.0000000000000000e+000
464      +1.0000000000000000e+000
465      +1.0000000000000000e+000
466      +1.0000000000000000e+000
467      +1.0000000000000000e+000
468      +1.0000000000000000e+000
469      +1.0000000000000000e+000
470      +1.0000000000000000e+000
471      +1.0000000000000000e+000
472      +1.0000000000000000e+000
473      +1.0000000000000000e+000
474      +1.0000000000000000e+000
475      +1.0000000000000000e+000
476      +1.0000000000000000e+000
477      +1.0000000000000000e+000
478      +1.0000000000000000e+000
479      +1.0000000000000000e+000
480      +1.0000000000000000e+000
481      +1.0000000000000000e+000
482      +1.0000000000000000e+000
483      +1.0000000000000000e+000
484      +1.0000000000000000e+000
485      +1.0000000000000000e+000
486      +1.0000000000000000e+000
487      +1.0000000000000000e+000
488      +1.0000000000000000e+000
489      +1.0000000000000000e+000
490      +1.0000000000000000e+000
491      +1.0000000000000000e+000
492      +1.0000000000000000e+000
493      +1.0000000000000000e+000
494      +1.0000000000000000e+000
495      +1.0000000000000000e+000
496      +1.0000000000000000e+000
497      +1.0000000000000000e+000
498      +1.0000000000000000e+000
499      +1.0000000000000000e+000
500      +1.0000000000000000e+000
501      +1.0000000000000000e+000
502      +1.0000000000000000e+000
503      +1.0000000000000000e+000
504      +1.0000000000000000e+000
505      +1.0000000000000000e+000
506      +1.0000000000000000e+000
507      +1.0000000000000000e+000
508      +1.0000000000000000e+000
509      +1.0000000000000000e+000
510      +1.0000000000000000e+000
511      +1.0000000000000000e+000
512      +1.0000000000000000e+000
513      +1.0000000000000000e+000
514      +1.0000000000000000e+000
515      +1.0000000000000000e+000
516      +1.0000000000000000e+000
517      +1.0000000000000000e+000
518      +1.0000000000000000e+000
519      +1.0000000000000000e+000
520      +1.0000000000000000e+000
521      +1.0000000000000000e+000
522      +1.0000000000000000e+000
523      +1.0000000000000000e+000
524      +1.0000000000000000e+000
525      +1.0000000000000000e+000
526      +1.0000000000000000e+000
527      +1.0000000000000000e+000
528      +1.0000000000000000e+000
529      +1.0000000000000000e+000
530      +1.0000000000000000e+000
531      +1.0000000000000000e+000
532      +1.0000000000000000e+000
533      +1.0000000000000000e+000
534      +1.0000000000000000e+000
535      +1.0000000000000000e+000
536      +1.0000000000000000e+000
537      +1.0000000000000000e+000
538      +1.0000000000000000e+000
539      +1.0000000000000000e+000
540      +1.0000000000000000e+000
541      +1.0000000000000000e+000
542      +1.0000000000000000e+000
543      +1.0000000000000000e+000
544      +1.0000000000000000e+000
545      +1.0000000000000000e+000
546      +1.0000000000000000e+000
547      +1.0000000000000000e+000
548      +1.0000000000000000e+000
549      +1.0000000000000000e+000
550      +1.0000000000000000e+000
551      +1.0000000000000000e+000
552      +1.0000000000000000e+000
553      +1.0000000000000000e+000
554      +1.0000000000000000e+000
555      +1.0000000000000000e+000
556      +1.0000000000000000e+000
557      +1.0000000000000000e+000
558      +1.0000000000000000e+000
559      +1.0000000000000000e+000
560      +1.0000000000000000e+000
561      +1.0000000000000000e+000
562      +1.0000000000000000e+000
563      +1.0000000000000000e+000
564      +1.0000000000000000e+000
565      +1.0000000000000000e+000
566      +1.0000000000000000e+000
567      +1.0000000000000000e+000
568      +1.0000000000000000e+000
569      +1.0000000000000000e+000
570      +1.0000000000000000e+000
571      +1.0000000000000000e+000
572      +1.0000000000000000e+000
573      +1.0000000000000000e+000
574      +1.0000000000000000e+000
575      +1.0000000000000000e+000
576      +1.0000000000000000e+000
577      +1.0000000000000000e+000
578      +1.0000000000000000e+000
579      +1.0000000000000000e+000
580      +1.0000000000000000e+000
581      +1.0000000000000000e+000
582      +1.0000000000000000e+000
583      +1.0000000000000000e+000
584      +1.0000000000000000e+000
585      +1.0000000000000000e+000
586      +1.0000000000000000e+000
587      +1.0000000000000000e+000
588      +1.0000000000000000e+000
589      +1.0000000000000000e+000
590      +1.0000000000000000e+000
591      +1.0000000000000000e+000
592      +1.0000000000000000e+000
593      +1.0000000000000000e+000
594      +1.0000000000000000e+000
595      +1.0000000000000000e+000
596      +1.0000000000000000e+000
597      +1.0000000000000000e+000
598      +1.0000000000000000e+000
599      +1.0000000000000000e+000
600      +1.0000000000000000e+000
601      +1.0000000000000000e+000
602      +1.0000000000000000e+000
603      +1.0000000000000000e+000
604      +1.0000000000000000e+000
605      +1.0000000000000000e+000
606      +1.0000000000000000e+000
607      +1.0000000000000000e+000
608      +1.0000000000000000e+000
609      +1.0000000000000000e+000
610      +1.0000000000000000e+000
611      +1.0000000000000000e+000
612      +1.0000000000000000e+000
613      +1.0000000000000000e+000
614      +1.0000000000000000e+000
615      +1.0000000000000000e+000
616      +1.0000000000000000e+000
617      +1.0000000000000000e+000
618      +1.0000000000000000e+000
619      +1.0000000000000000e+000
620      +1.0000000000000000e+000
621      +1.0000000000000000e+000
622      +1.0000000000000000e+000
623      +1.0000000000000000e+000
624      +1.0000000000000000e+000
625      +1.0000000000000000e+000
626      +1.0000000000000000e+000
627      +1.0000000000000000e+000
628      +1.0000000000000000e+000
629      +1.0000000000000000e+000
630      +1.0000000000000000e+000
631      +1.0000000000000000e+000
632      +1.0000000000000000e+000
633      +1.0000000000000000e+000
634      +1.0000000000000000e+000
635      +1.0000000000000000e+000
636      +1.0000000000000000e+000
637      +1.0000000000000000e+000
638      +1.0000000000000000e+000
639      +1.0000000000000000e+000
640      +1.0000000000000000e+000
641      +1.0000000000000000e+000
642      +1.0000000000000000e+000
643      +1.0000000000000000e+000
644      +1.0000000000000000e+000
645      +1.0000000000000000e+000
646      +1.0000000000000000e+000
647      +1.0000000000000000e+000
648      +1.0000000000000000e+000
649      +1.0000000000000000e+000
650      +1.0000000000000000e+000
651      +1.0000000000000000e+000
652      +1.0000000000000000e+000
653      +1.0000000000000000e+000
654      +1.0000000000000000e+000
655      +1.0000000000000000e+000
656      +1.0000000000000000e+000
657      +1.0000000000000000e+000
658      +1.0000000000000000e+000
659      +1.0000000000000000e+000
660      +1.0000000000000000e+000
661      +1.0000000000000000e+000
662      +1.0000000000000000e+000
663      +1.0000000000000000e+000
664      +1.0000000000000000e+000
665      +1.0000000000000000e+000
666      +1.0000000000000000e+000
667      +1.0000000000000000e+000
668      +1.0000000000000000e+000
669      +1.0000000000000000e+000
670      +1.0000000000000000e+000
671      +1.0000000000000000e+000
672      +1.0000000000000000e+000
673      +1.0000000000000000e+000
674      +1.0000000000000000e+000
675      +1.0000000000000000e+000
676      +1.0000000000000000e+000
677      +1.0000000000000000e+000
678      +1.0000000000000000e+000
679      +1.0000000000000000e+000
680      +1.0000000000000000e+000
681      +1.0000000000000000e+000
682      +1.0000000000000000e+000
683      +1.0000000000000000e+000
684      +1.0000000000000000e+000
685      +1.0000000000000000e+000
686      +1.0000000000000000e+000
687      +1.0000000000000000e+000
688      +1.0000000000000000e+000
689      +1.0000000000000000e+000
690      +1.0000000000000000e+000
691      +1.0000000000000000e+000
692      +1.0000000000000000e+000
693      +1.0000000000000000e+000
694      +1.0000000000000000e+000
695      +1.0000000000000000e+000
696      +1.0000000000000000e+000
697      +1.0000000000000000e+000
698      +1.0000000000000000e+000
699      +1.0000000000000000e+000
700      +1.0000000000000000e+000
701      +1.0000000000000000e+000
702      +1.0000000000000000e+000
703      +1.0000000000000000e+000
704      +1.0000000000000000e+000
705      +1.0000000000000000e+000
706      +1.0000000000000000e+000
707      +1.0000000000000000e+000
708      +1.0000000000000000e+000
709      +1.0000000000000000e+000
710      +1.0000000000000000e+000
711      +1.0000000000000000e+000
712      +1.0000000000000000e+000
713      +1.0000000000000000e+000
714      +1.0000000000000000e+000
715      +1.0000000000000000e+000
716      +1.0000000000000000e+000
717      +1.0000000000000000e+000
718      +1.0000000000000000e+000
719      +1.0000000000000000e+000
720      +1.0000000000000000e+000
721      +1.0000000000000000e+000
722      +1.0000000000000000e+000
723      +1.0000000000000000e+000
724      +1.0000000000000000e+000
725      +1.0000000000000000e+000
726      +1.0000000000000000e+000
727      +1.0000000000000000e+000
728      +1.0000000000000000e+000
729      +1.0000000000000000e+000
730      +1.0000000000000000e+000
731      +1.0000000000000000e+000
732      +1.0000000000000000e+000
733      +1.0000000000000000e+000
734      +1.0000000000000000e+000
735      +1.0000000000000000e+000
736      +1.0000000000000000e+000
737      +1.0000000000000000e+000
738      +1.0000000000000000e+000
739      +1.0000000000000000e+000
740      +1.0000000000000000e+000
741      +1.0000000000000000e+000
742      +1.0000000000000000e+000
743      +1.0000000000000000e+000
744      +1.0000000000000000e+000
745      +1.0000000000000000e+000
746      +1.0000000000000000e+000
747      +1.0000000000000000e+000
748      +1.0000000000000000e+000
749      +1.0000000000000000e+000
750      +1.0000000000000000e+000
751      +1.0000000000000000e+000
752      +1.0000000000000000e+000
753      +1.0000000000000000e+000
754      +1.0000000000000000e+000
755      +1.0000000000000000e+000
756      +1.0000000000000000e+000
757      +1.0000000000000000e+000
758      +1.0000000000000000e+000
759      +1.0000000000000000e+000
760      +1.0000000000000000e+000
761      +1.0000000000000000e+000
762      +1.0000000000000000e+000
763      +1.0000000000000000e+000
764      +1.0000000000000000e+000
765      +1.0000000000000000e+000
766      +1.0000000000000000e+000
767      +1.0000000000000000e+000
768      +1.0000000000000000e+000
769      +1.0000000000000000e+000
770      +1.0000000000000000e+000
771      +1.0000000000000000e+000
772      +1.0000000000000000e+000
773      +1.0000000000000000e+000
774      +1.0000000000000000e+000
775      +1.0000000000000000e+000
776      +1.0000000000000000e+000
777      +1.0000000000000000e+000
778      +1.0000000000000000e+000
779      +1.0000000000000000e+000
780      +1.0000000000000000e+000
781      +1.0000000000000000e+000
782      +1.0000000000000000e+000
783      +1.0000000000000000e+000
784      +1.0000000000000000e+000
785      +1.0000000000000000e+000
786      +1.0000000000000000e+000
787      +1.0000000000000000e+000
788      +1.0000000000000000e+000
789      +1.0000000000000000e+000
790      +1.0000000000000000e+000
791      +1.0000000000000000e+000
792      +1.0000000000000000e+000
793      +1.0000000000000000e+000
794      +1.0000000000000000e+000
795      +1.0000000000000000e+000
796      +1.0000000000000000e+000
797      +1.0000000000000000e+000
798      +1.0000000000000000e+000
799      +1.0000000000000000e+000
800      +1.0000000000000000e+000
801      +1.0000000000000000e+000
802      +1.0000000000000000e+000
803      +1.0000000000000000e+000
804      +1.0000000000000000e+000
805      +1.0000000000000000e+000
806      +1.0000000000000000e+000
807      +1.0000000000000000e+000
808      +1.0000000000000000e+000
809      +1.0000000000000000e+000
810      +1.0000000000000000e+000
811      +1.0000000000000000e+000
812      +1.0000000000000000e+000
813      +1.0000000000000000e+000
814      +1.0000000000000000e+000
815      +1.0000000000000000e+000
816      +1.0000000000000000e+000
817      +1.0000000000000000e+000
818      +1.0000000000000000e+000
819      +1.0000000000000000e+000
820      +1.0000000000000000e+000
821      +1.0000000000000000e+000
822      +1.0000000000000000e+000
823      +1.0000000000000000e+000
824      +1.0000000000000000e+000
825      +1.0000000000000000e+000
826      +1.0000000000000000e+000
827      +1.0000000000000000e+000
828      +1.0000000000000000e+000
829      +1.0000000000000000e+000
830      +1.0000000000000000e+000
831      +1.0000000000000000e+000
832      +1.0000000000000000e+000
833      +1.0000000000000000e+000
834      +1.0000000000000000e+000
835      +1.0000000000000000e+000
836      +1.0000000000000000e+000
837      +1.0000000000000000e+000
838      +1.0000000000000000e+000
839      +1.0000000000000000e+000
840      +1.0000000000000000e+000
841      +1.0000000000000000e+000
842      +1.0000000000000000e+000
843      +1.0000000000000000e+000
844      +1.0000000000000000e+000
845      +1.0000000000000000e+000
846      +1.0000000000000000e+000
847      +1.0000000000000000e+000
848      +1.0000000000000000e+000
849      +1.0000000000000000e+000
850      +1.0000000000000000e+000
851      +1.0000000000000000e+000
852      +1.0000000000000000e+000
853      +1.0000000000000000e+000
854      +1.0000000000000000e+000
855      +1.0000000000000000e+000
856      +1.0000000000000000e+000
857      +1.0000000000000000e+000
858      +1.0000000000000000e+000
859      +1.0000000000000000e+000
860      +1.0000000000000000e+000
861      +1.0000000000000000e+000
862      +1.0000000000000000e+000
863      +1.0000000000000000e+000
864      +1.0000000000000000e+000
865      +1.0000000000000000e+000
866      +1.0000000000000000e+000
867      +1.0000000000000000e+000
868      +1.0000000000000000e+000
869      +1.0000000000000000e+000
870      +1.0000000000000000e+000
871      +1.0000000000000000e+000
872      +1.0000000000000000e+000
873      +1.0000000000000000e+000
874      +1.0000000000000000e+000
875      +1.0000000000000000e+000
876      +1.0000000000000000e+000
877      +1.0000000000000000e+000
878      +1.0000000000000000e+000
879      +1.0000000000000000e+000
880      +1.0000000000000000e+000
881      +1.0000000000000000e+000
882      +1.0000000000000000e+000
883      +1.0000000000000000e+000
884      +1.0000000000000000e+000
885      +1.0000000000000000e+000
886      +1.0000000000000000e+000
887      +1.0000000000000000e+000
888      +1.0000000000000000e+000
889      +1.0000000000000000e+000
890      +1.0000000000000000e+000
891      +1.0000000000000000e+000
892      +1.0000000000000000e+000
893      +1.0000000000000000e+000
894      +1.0000000000000000e+000
895      +1.0000000000000000e+000
896      +1.0000000000000000e+000
897      +1.0000000000000000e+000
898      +1.0000000000000000e+000
899      +1.0000000000000000e+000
900      +1.0000000000000000e+000
901      +1.0000000000000000e+000
902      +1.0000000000000000e+000
903      +1.0000000000000000e+000
904      +1.0000000000000000e+000
905      +1.0000000000000000e+000
906      +1.0000000000000000e+000
907      +1.0000000000000000e+000
908      +1.0000000000000000e+000
909      +1.0000000000000000e+000
910      +1.0000000000000000e+000
911      +1.0000000000000000e+000
912      +1.0000000000000000e+000
913      +1.0000000000000000e+000
914      +1.0000000000000000e+000
915      +1.0000000000000000e+000
916      +1.0000000000000000e+000
917      +1.0000000000000000e+000
918      +1.0000000000000000e+000
919      +1.0000000000000000e+000
920      +1.0000000000000000e+000
921      +1.0000000000000000e+000
922      +1.0000000000000000e+000
923      +1.0000000000000000e+000
924      +1.0000000000000000e+000
925      +1.0000000000000000e+000
926      +1.0000000000000000e+000
927      +1.0000000000000000e+000
928      +1.0000000000000000e+000
929      +1.0000000000000000e+000
930      +1.0000000000000000e+000
931      +1.0000000000000000e+000
932      +1.0000000000000000e+000
933      +1.0000000000000000e+000
934      +1.0000000000000000e+000
935      +1.0000000000000000e+000
936      +1.0000000000000000e+000
937      +1.0000000000000000e+000
938      +1.0000000000000000e+000
939      +1.0000000000000000e+000
940      +1.0000000000000000e+000
941      +1.0000000000000000e+000
942      +1.0000000000000000e+000
943      +1.0000000000000000e+000
944      +1.0000000000000000e+000
945      +1.0000000000000000e+000
946      +1.0000000000000000e+000
947      +1.0000000000000000e+000
948      +1.0000000000000000e+000
949      +1.0000000000000000e+000
950      +1.0000000000000000e+000
951      +1.0000000000000000e+000
952      +1.0000000000000000e+000
953      +1.0000000000000000e+000
954      +1.0000000000000000e+000
955      +1.0000000000000000e+000
956      +1.0000000000000000e+000
957      +1.0000000000000000e+000
958      +1.0000000000000000e+000
959      +1.0000000000000000e+000
960      +1.0000000000000000e+000
961      +1.0000000000000000e+000
962      +1.0000000000000000e+000
963      +1.0000000000000000e+000
964      +1.0000000000000000e+000
965      +1.0000000000000000e+000
966      +1.0000000000000000e+000
967      +1.0000000000000000e+000
968      +1.0000000000000000e+000
969      +1.0000000000000000e+000
970      +1.0000000000000000e+000
971      +1.0000000000000000e+000
972      +1.0000000000000000e+000
973      +1.0000000000000000e+000
974      +1.0000000000000000e+000
975      +1.0000000000000000e+000
976      +1.0000000000000000e+000
977      +1.0000000000000000e+000
978      +1.0000000000000000e+000
979      +1.0000000000000000e+000
980      +1.0000000000000000e+000
981      +1.0000000000000000e+000
982      +1.0000000000000000e+000
983      +1.0000000000000000e+000
984      +1.0000000000000000e+000
985      +1.0000000000000000e+000
986      +1.0000000000000000e+000
987      +1.0000000000000000e+000
988      +1.0000000000000000e+000
989      +1.0000000000000000e+000
990      +1.0000000000000000e+000
991      +1.0000000000000000e+000
992      +1.0000000000000000e+000
993      +1.0000000000000000e+000
994      +1.0000000000000000e+000
995      +1.0000000000000000e+000
996      +1.0000000000000000e+000
997      +1.0000000000000000e+000
998      +1.0000000000000000e+000
999      +1.0000000000000000e+000
1000     +1.0000000000000000e+000
1001     +1.0000000000000000e+000
1002     +1.0000000000000000e+000
1003     +1.0000000000000000e+000
1004     +1.0000000000000000e+000
1005     +1.0000000000000000e+000
1006     +1.0000000000000000e+000
1007     +1.0000000000000000e+000
1008     +1.0000000000000000e+000
1009     +1.0000000000000000e+000
1010     +1.0000000000000000e+000
1011     +1.0000000000000000e+000
1012     +1.0000000000000000e+000
1013     +1.0000000000000000e+000
1014     +1.0000000000000000e+000
1015     +1.0000000000000000e+000
1016     +1.0000000000000000e+000
1017     +1.0000000000000000e+000
1018     +1.0000000000000000e+000
1019     +1.0000000000000000e+000
1020     +1.0000000000000000e+000
1021     +1.0000000000000000e+000
1022     +1.0000000000000000e+000
1023     +1.0000000000000000e+000
1024     +1.0000000000000000e+000
1025     +1.0000000000000000e+000
1026     +1.0000000000000000e+000
1027     +1.0000000000000000e+000
1028     +1.0000000000000000e+000
1029     +1.0000000000000000e+000
1030     +1.0000000000000000e+000
1031     +1.0000000000000000e+000
1032     +1.0000000000000000e+000
1033     +1.0000000000000000e+000
1034     +1.0000000000000000e+000
1035     +1.0000000000000000e+000
1036     +1.0000000000000000e+000
1037     +1.0000000000000000e+000
1038     +1.0000000000000000e+000
1039     +1.0000000000000000e+000
1040     +1.0000000000000000e+000
1041     +1.0000000000000000e+000
1042     +1.0000000000000000e+000
1043     +1.0000000000000000e+000
1044     +1.0000000000000000e+000
1045     +1.0000000000000000e+000
1046     +1.0000000000000000e+000
1047     +1.0000000000000000e+000
1048     +1.0000000000000000e+000
1049     +1.0000000000000000e+000
1050     +1.0000000000000000e+000
1051     +1.0000000000000000e+000
1052     +1.0000000000000000e+000
1053     +1.0000000000000000e+000
1054     +1.0000000000000000e+000
1055     +1.0000000000000000e+000
1056     +1.0000000000000000e+000
1057     +1.0000000000000000e+000
1058     +1.0000000000000000e+000
1059     +1.0000000000000000e+000
1060     +1.0000000000000000e+000
1061     +1.0000000000000000e+000
1062     +1.0000000000000000e+000
1063     +1.0000000000000000e+000
1064     +1.0000000000000000e+000
1065     +1.0000000000000000e+000
1066     +1.0000000000000000e+000
1067     +1.0000000000000000e+000
1068     +1.0000000000000000e+000
1069     +1.0000000000000000e+000
1070     +1.0000000000000000e+000
1071     +1.0000000000000000e+000
1072     +1.0000000000000000e+000
1073     +1.0000000000000000e+000
1074     +1.0000000000000000e+000
1075     +1.0000000000000000e+000
1076     +1.0000000000000000e+000
1077     +1.0000000000000000e+000
1078     +1.0000000000000000e+000
1079     +1.0000000000000000e+000
1080     +1.0000000000000000e+000
1081     +1.0000000000000000e+000
1082     +1.0000000000000000e+000
1083     +1.0000000000000000e+000
1084     +1.0000000000000000e+000
1085     +1.0000000000000000e+000
1086     +1.0000000000000000e+000
1087     +1.0000000000000000e+000
1088     +1.0000000000000000e+000
1089     +1.0000000000000000e+000
1090     +1.0000000000000000e+000
1091     +1.0000000000000000e+000
1092     +1.0000000000000000e+000
1093     +1.0000000000000000e+000
1094     +1.0000000000000000e+000
1095     +1.0000000000000000e+000
1096     +1.0000000000000000e+000
1097     +1.0000000000000000e+000
1098     +1.0000000000000000e+000
1099     +1.0000000000000000e+000
1100     +1.0000000000000000e+000
1101     +1.0000000000000000e+000
1102     +1.0000000000000000e+000
1103     +1.0000000000000000e+000
1104     +1.0000000000000000e+000
1105     +1.0000000000000000e+000
1106     +1.0000000000000000e+000
1107     +1.0000000000000000e+000
1108     +1.0000000000000000e+000
1109     +1.0000000000000000e+000
1110     +1.0000000000000000e+000
1111     +1.0000000000000000e+000
1112     +1.0000000000000000e+000
1113     +1.0000000000000000e+000
1114     +1.0000000000000000e+000
1115     +1.0000000000000000e+000
1116     +1.0000000000000000e+000
1117     +1.0000000000000000e+000
1118     +1.0000000000000000e+000
1119     +1.0000000000000000e+000
1120     +1.0000000000000000e+000
1121     +1.0000000000000000e+000
1122     +1.0000000000000000e+000
1123     +1.0000000000000000e+000
1124     +1.0000000000000000e+000
1125     +1.0000000000000000e+000
1126     +1.0000000000000000e+000
1127     +1.0000000000000000e+000
1128     +1.0000000000000000e+000
1129     +1.0000000000000000e+000
1130     +1.0000000000000000e+000
1131     +1.0000000000000000e+000
1132     +1.0000000000000000e+000
1133     +1.0000000000000000e+000
1134     +1.0000000000000000e+000
1135     +1.0000000000000000e+000
1136     +1.0000000000000000e+000
1137     +1.0000000000000000e+000
1138     +1.0000000000000000e+000
1139     +1.0000000000000000e+000
1140     +1.0000000000000000e+000
1141     +1.0000000000000000e+000
1142     +1.0000000000000000e+000
1143     +1.0000000000000000e+000
1144     +1.0000000000000000e+000
1145     +1.0000000000000000e+000
1146     +1.0000000000000000e+000
1147     +1.0000000000000000e+000
1148     +1.0000000000000000e+000
1149     +1.0000000000000000e+000
1150     +1.0000000000000000e+000
1151     +1.0000000000000000e+000
1152     +1.0000000000000000e+000
1153     +1.0000000000000000e+000
1154     +1.0000000000000000e+000
1155     +1.0000000000000000e+000
1156     +1.0000000000000000e+000
1157     +1.0000000000000000e+000
1158     +1.0000000000000000e+000
1159     +1.0000000000000000e+000
1160     +1.0000000000000000e+000
1161     +1.0000000000000000e+000
1162     +1.0000000000000000e+000
1163     +1.0000000000000000e+000
1164     +1.0000000000000000e+000
1165     +1.0000000000000000e+000
1166     +1.0000000000000000e+000
1167     +1.0000000000000000e+000
1168     +1.0000000000000000e+000
1169     +1.0000000000000000e+000
1170     +1.0000000000000000e+000
1171     +1.0000000000000000e+000
1172     +1.0000000000000000e+000
1173     +1.0000000000000000e+000
1174     +1.0000000000000000e+000
1175     +1.0000000000000000e+000
1176     +1.0000000000000000e+000
1177     +1.0000000000000000e+000
1178     +1.0000000000000000e+000
1179     +1.0000000000000000e+000
1180     +1.0000000000000000e+000
1181     +1.0000000000000000e+000
1182     +1.0000000000000000e+000
1183     +1.0000000000000000e+000
1184     +1.0000000000000000e+000
1185     +1.0000000000000000e+000
1186     +1.0000000000000000e+000
1187     +1.0000000000000000e+000
1188     +1.0000000000000000e+000
1189     +1.0000000000000000e+000
1190     +1.0000000000000000e+000
1191     +1.0000000000000000e+000
1192     +1.0000000000000000e+000
1193     +1.0000000000000000e+000
1194     +1.0000000000000000e+000
1195     +1.0000000000000000e+000
1196     +1.0000000000000000e+000
1197     +1.0000000000000000e+000
1198     +1.0000000000000000e+000
1199     +1.0000000000000000e+000
1200     +1.0000000000000000e+000
1201     +1.0000000000000000e+000
1202     +1.0000000000000000e+000
1203     +1.0000000000000000e+000
1204     +1.0000000000000000e+000
1205     +1.0000000000000000e+000
1206     +1.0000000000000000e+000
1207     +1.0000000000000000e+000
1208     +1.0000000000000000e+000
1209     +1.0000000000000000e+000
1210     +1.0000000000000000e+000
1211     +1.0000000000000000e+000
1212     +1.0000000000000000e+000
1213     +1.0000000000000000e+000
1214     +1.0000000000000000e+000
1215     +1.0000000000000000e+000
1216     +1.0000000000000000e+000
1217     +1.0000000000000000e+000
1218     +1.0000000000000000e+000
1219     +1.0000000000000000e+000
1220     +1.0000000000000000e+000
1221     +1.0000000000000000e+000
1222     +1.0000000000000000e+000
1223     +1.0000000000000000e+000
1224     +1.0000000000000000e+000
1225     +1.0000000000000000e+000
1226     +1.0000000000000000e+000
1227     +1.0000000000000000e+000
1228     +1.0000000000000000e+000
1229     +1.0000000000000000e+000
1230     +1.0000000000000000e+000
1231     +1.0000000000000000e+000
1232     +1.0000000000000000e+000
1233     +1.0000000000000000e+000
1234     +1.0000000000000000e+000
1235     +1.0000000000000000e+000
1236     +1.0000000000000000e+000
1237     +1.0000000000000000e+000
1238     +1.0000000000000000e+000
1239     +1.0000000000000000e+000
1240     +1.0000000000000000e+000
1241     +1.0000000000000000e+000
1242     +1.0000000000000000e+000
1243     +1.0000000000000000e+000
1244     +1.0000000000000000e+000
1245     +1.0000000000000000e+000
1246     +1.0000000000000000e+000
1247     +1.0000000000000000e+000
1248     +1.0000000000000000e+000
1249     +1.0000000000000000e+000
1250     +1.0000000000000000e+000
1251     +1.0000000000000000e+000
1252     +1.0000000000000000e+000
1253     +1.0000000000000000e+000
1254     +1.0000000000000000e+000
1255     +1.0000000000000000e+000
1256     +1.0000000000000000e+000
1257     +1.0000000000000000e+000
1258     +1.0000000000000000e+000
1259     +1.0000000000000000e+000
1260     +1.0000000000000000e+000
1261     +1.0000000000000000e+000
1262     +1.0000000000000000e+000
1263     +1.0000000000000000e+000
1264     +1.0000000000000000e+000
1265     +1.0000000000000000e+000
1266     +1.0000000000000000e+000
1267     +1.0000000000000000e+000
1268     +1.0000000000000000e+000
1269     +1.0000000000000000e+000
1270     +1.0000000000000000e+000
1271     +1.0000000000000000e+000
1272     +1.0000000000000000e+000
1273     +1.0000000000000000e+000
1274     +1.0000000000000000e+000
1275     +1.0000000000000000e+000
1276     +1.0000000000000000e+000
1277     +1.0000000000000000e+000
1278     +1.0000000000000000e+000
1279     +1.0000000000000000e+000
1280     +1.0000000000000000e+000
1281     +1.0000000000000000e+000
1282     +1.0000000000000000e+000
1283     +1.0000000000000000e+000
1284     +1.0000000000000000e+000
1285     +1.0000000000000000e+000
1286     +1.0000000000000000e+000
1287     +1.0000000000000000e+000
1288     +1.0000000000000000e+000
1289     +1.0000000000000000e+000
1290     +1.0000000000000000e+000
1291     +1.0000000000000000e+000
1292     +1.0000000000000000e+000
1293     +1.0000000000000000e+000
1294     +1.0000000000000000e+000
1295     +1.0000000000000000e+000
1296     +1.0000000000000000e+000
1297     +1.0000000000000000e+000
1298     +1.0000000000000000e+000
1299     +1.0000000000000000e+000
1300     +1.0000000000000000e+000
1301     +1.0000000000000000e+000
1302     +1.0000000000000000e+000
1303     +1.0000000000000000e+000
1304     +1.0000000000000000e+000
1305     +1.0000000000000000e+000
1306     +1.0000000000000000e+000
1307     +1.0000000000000000e+000
1308     +1.0000000000000000e+000
1309     +1.0000000000000000e+000
1310     +1.0000000000000000e+000
1311     +1.0000000000000000e+000
1312     +1.0000000000000000e+000
1313     +1.0000000000000000e+000
1314     +1.0000000000000000e+000
1315     +1.0000000000000000e+000
1316     +1.0000000000000000e+000
1317     +1.0000000000000000e+000
1318     +1.0000000000000000e+000
1319     +1.0000000000000000e+000
1320     +1.0000000000000000e+000
1321     +1.0000000000000000e+000
1322     +1.0000000000000000e+000
1323     +1.0000000000000000e+000
1324     +1.0000000000000000e+000
1325     +1.0000000000000000e+000
1326     +1.0000000000000000e+000
1327     +1.0000000000000000e+000
1328     +1.0000000000000000e+000
1329     +1.0000000000000000e+000
1330     +1.0000000000000000e+000
1331     +1.0000000000000000e+000
1332     +1.0000000000000000e+000
1333     +1.0000000000000000e+000
1334     +1.0000000000000000e+000
1335     +1.0000000000000000e+000
1336     +1.0000000000000000e+000
1337     +1.0000000000000000e+000
1338     +1.0000000000000000e+000
1339     +1.0000000000000000e+000
1340     +1.0000000000000000e+000
1341     +1.0000000000000000e+000
1342     +1.0000000000000000e+000
1343     +1.0000000000000000e+000
1344     +1.0000000000000000e+000
1345     +1.0000000000000000e+000
1346     +1.0000000000000000e+000
1347     +1.0000000000000000e+000
1348     +1.0000000000000000e+000
1349     +1.0000000000000000e+000
1350     +1.0000000000000000e+000
1351     +1.0000000000000000e+000
1352     +1.0000000000000000e+000
1353     +1.0000000000000000e+000
1354     +1.0000000000000000e+000
1355     +1.0000000000000000e+000
1356     +1.0000000000000000e+000
1357     +1.0000000000000000e+000
1358     +1.0000000000000000e+000
1359     +1.0000000000000000e+000
1360     +1.0000000000000000e+000
1361     +1.0000000000000000e+000
1362     +1.0000000000000000e+000
1363     +1.0000000000000000e+000
1364     +1.0000000000000000e+000
1365     +1.0000000000000000e+000
1366     +1.0000000000000000e+000
1367     +1.0000000000000000e+000
1368     +1.0000000000000000e+000
1369     +1.0000000000000000e+000
1370     +1.0000000000000000e+000
1371     +1.0000000000000000e+000
1372     +1.0000000000000000e+000
1373     +1.0000000000000000e+000
1374     +1.0000000000000000e+000
1375     +1.0000000000000000e+000
1376     +1.0000000000000000e+000
1377     +1.0000000000000000e+000
1378     +1.0000000000000000e+000
1379     +1.0000000000000000e+000
1380     +1.0000000000000000e+000
1381     +1.0000000000000000e+000
1382     +1.0000000000000000e+000
1383     +1.0000000000000000e+000
1384     +1.0000000000000000e+000
1385     +1.0000000000000000e+000
1386     +1.0000000000000000e+000
1387     +1.0000000000000000e+000
1388     +1.0000000000000000e+000
1389     +1.0000000000000000e+000
1390     +1.0000000000000000e+000
1391     +1.0000000000000000e+000
1392     +1.0000000000000000e+000
1393     +1.0000000000000000e+000
1394     +1.0000000000000000e+000
1395     +1.0000000000000000e+000
1396     +1.0000000000000000e+000
1397     +1.0000000000000000e+000
1398     +1.0000000000000000e+000
1399     +1.0000000000000000e+000
1400     +1.0000000000000000e+000
1401     +1.0000000000000000e+000
1402     +1.0000000000000000e+000
1403     +1.0000000000000000e+000
1404     +1.0000000000000000e+000
1405     +1.0000000000000000e+000
1406     +1.0000000000000000e+000
1407     +1.0000000000000000e+000
1408     +1.0000000000000000e+000
1409     +1.0000000000000000e+000
1410     +1.0000000000000000e+000
1411     +1.0000000000000000e+000
1412     +1.0000000000000000e+000
1413     +1.0000000000000000e+000
1414     +1.0000000000000000e+000
1415     +1.0000000000000000e+000
1416     +1.0000000000000000e+000
1417     +1.0000000000000000e+000
1418     +1.0000000000000000e+000
1419     +1.0000000000000000e+000
1420     +1.0000000000000000e+000
1421     +1.0000000000000000e+000
1422     +1.0000000000000000e+000
1423     +1.0000000000000000e+000
1424     +1.0000000000000000e+000
1425     +1.0000000000000000e+000
1426     +1.0000000000000000e+000
1427     +1.0000000000000000e+000
1428     +1.0000000000000000e+000
1429     +1.0000000000000000e+000
1430     +1.0000000000000000e+000
1431     +1.0000000000000000e+000
1432     +1.0000000000000000e+000
1433     +1.0000000000000000e+000
1434     +1.0000000000000000e+000
1435     +1.0000000000000000e+000
1436     +1.0000000000000000e+000
1437     +1.0000000000000000e+000
1438     +1.0000000000000000e+000
1439     +1.0000000000000000e+000
1440     +1.0000000000000000e+000
1441     +1.0000000000000000e+000
1442     +1.0000000000000000e+000
1443     +1.0000000000000000e+000
1444     +1.0000000000000000e+000
1445     +1.0000000000000000e+000
1446     +1.0000000000000000e+000
1447     +1.0000000000000000e+000
1448     +1.0000000000000000e+000
1449     +1.0000000000000000e+000
1450     +1.0000000000000000e+000
1451     +1.0000000000000000e+000
1452     +1.0000000000000000e+000
1453     +1.0000000000000000e+000
1454     +1.0000000000000000e+000
1455     +1.0000000000000000e+000
1456     +1.0000000000000000e+000
1457     +1.0000000000000000e+000
1458     +1.0000000000000000e+000
1459     +1.0000000000000000e+000
1460     +1.0000000000000000e+000
1461     +1.0000000000000000e+000
1462     +1.0000000000000000e+000
1463     +1.0000000000000000e+000
1464     +1.0000000000000000e+000
1465     +1.0000000000000000e+000
1466     +1.0000000000000000e+000
1467     +1.0000000000000000e+000
1468     +1.0000000000000000e+000
1469     +1.0000000000000000e+000
1470     +1.0000000000000000e+000
1471     +1.0000000000000000e+000
1472     +1.0000000000000000e+000
1473     +1.0000000000000000e+000
1474     +1.0000000000000000e+000
1475     +1.0000000000000000e+000
1476     +1.0000000000000000e+000
1477     +1.0000000000000000e+000
1478     +1.0000000000000000e+000
1479     +1.0000000000000000e+000
1480     +1.0000000000000000e+000
1481     +1.0000000000000000e+000
1482     +1.0000000000000000e+000
1483     +1.0000000000000000e+000
1484     +1.0000000000000000e+000
1485     +1.0000000000000000e+000
1486     +1.0000000000000000e+000
1487     +1.0000000000000000e+000
1488     +1.0000000000000000e+000
1489     +1.0000000000000000e+000
1490     +1.0000000000000000e+000
1491     +1.0000000000000000e+000
1492     +1.0000000000000000e+000
1493     +1.0000000000000000e+000
1494     +1.0000000000000000e+000
1495     +1.0000000000000000e+000
1496     +1.0000000000000000e+000
1497     +1.0000000000000000e+000
1498     +1.0000000000000000e+000
1499     +1.0000000000000000e+000
1500     +1.0000000000000000e+000
1501     +1.0000000000000000e+000
1502     +1.0000000000000000e+000
1503     +1.0000000000000000e+000
1504     +1.0000000000000000e+000
1505     +1.0000000000000000e+000
1506     +1.0000000000000000e+000
1507     +1.0000000000000000e+000
1508     +1.0000000000000000e+000
1509     +1.0000000000000000e+000
1510     +1.0000000000000000e+000
1511     +1.0000000000000000e+000
1512     +1.0000000000000000e+000
1513     +1.0000000000000000e+000
1514     +1.0000000000000000e+000
1515     +1.0000000000000000e+000
1516     +1.0000000000000000e+000
1517     +1.0000000000000000e+000
1518     +1.0000000000000000e+000
1519     +1.0000000000000000e+000
1520     +1.0000000000000000e+000
1521     +1.0000000000000000e+000
1522     +1.0000000000000000e+000
1523     +1.0000000000000000e+000
1524     +1.0000000000000000e+000
1525     +1.0000000000000000e+000
1526     +1.0000000000000000e+000
1527     +1.0000000000000000e+000
1528     +1.0000000000000000e+000
1529     +1.0000000000000000e+000
1530     +1.0000000000000000e+000
1531     +1.0000000000000000e+000
1532     +1.0000000000000000e+000
1533     +1.0000000000000000e+000
1534     +1.0000000000000000e+000
1535     +1.0000000000000000e+000
1536     +1.0000000000000000e+000
1537     +1.0000000000000000e+000
1538     +1.0000000000000000e+000
1539     +1.0000000000000000e+000
1540     +1.0000000000000000e+000
1541     +1.0000000000000000e+000
1542     +1.0000000000000000e+000
1543     +1.0000000000000000e+000
1544     +1.0000000000000000e+000
1545     +1.0000000000000000e+000
1546     +1.0000000000000000e+000
1547     +1.0000000000000000e+000
1548     +1.0000000000000000e+000
1549     +1.0000000000000000e+000
1550     +1.0000000000000000e+000
1551     +1.0000000000000000e+000
1552     +1.0000000000000000e+000
1553     +1.0000000000000000e+000
1554     +1.0000000000000000e+000
1555     +1.0000000000000000e+000
1556     +1.0000000000000000e+000
1557     +1.0000000000000000e+000
1558     +1.0000000000000000e+000
1559     +1.0000000000000000e+000
1560     +1.0000000000000000e+000
1561     +1.0000000000000000e+000
1562     +1.0000000000000000e+000
1563     +1.0000000000000000e+000
1564     +1.0000000000000000e+000
1565     +1.0000000000000000e+000
1566     +1.0000000000000000e+000
1567     +1.0000000000000000e+000
1568     +1.0000000000000000e+000
1569     +1.0000000000000000e+000
1570     +1.0000000000000000e+000
1571     +1.0000000000000000e+000
1572     +1.0000000000000000e+000
1573     +1.0000000000000000e+000
1574     +1.0000000000000000e+000
1575     +1.0000000000000000e+000
1576     +1.0000000000000000e+000
1577     +1.0000000000000000e+000
1578     +1.0000000000000000e+000
1579     +1.0000000000000000e+000
1580     +1.0000000000000000e+000
1581     +1.0000000000000000e+000
1582     +1.0000000000000000e+000
1583     +1.0000000000000000e+000
1584     +1.0000000000000000e+000
1585     +1.0000000000000000e+000
1586     +1.0000000000000000e+000
1587     +1.0000000000000000e+000
1588     +1.0000000000000000e+000
1589     +1.0000000000000000e+000
1590     +1.0000000000000000e+000
1591     +1.0000000000000000e+000
1592     +1.0000000000000000e+000
1593     +1.0000000000000000e+000
1594     +1.0000000000000000e+000
1595     +1.0000000000000000e+000
1596     +1.0000000000000000e+000
1597     +1.0000000000000000e+000
1598     +1.0000000000000000e+000
1599     +1.0000000000000000e+000
1600     +1.0000000000000000e+000
1601     +1.0000000000000000e+000
1602     +1.0000000000000000e+000
1603     +1.0000000000000000e+000
1604     +1.0000000000000000e+000
1605     +1.0000000000000000e+000
1606     +1.0000000000000000e+000
1607     +1.0000000000000000e+000
1608     +1.0000000000000000e+000
1609     +1.0000000000000000e+000
1610     +1.0000000000000000e+000
1611     +1.0000000000000000e+000
1612     +1.0000000000000000e+000
1613     +1.0000000000000000e+000
1614     +1.0000000000000000e+000
1615     +1.0000000000000000e+000
1616     +1.0000000000000000e+000
1617     +1.0000000000000000e+000
1618     +1.0000000000000000e+000
1619     +1.0000000000000000e+000
1620     +1.0000000000000000e+000
1621     +1.0000000000000000e+000
1622     +1.0000000000000000e+000
1623     +1.0000000000000000e+000
1624     +1.0000000000000000e+000
1625     +1.0000000000000000e+000
1626     +1.0000000000000000e+000
1627     +1.0000000000000000e+000
1628     +1.0000000000000000e+000
1629     +1.0000000000000000e+000
1630     +1.0000000000000000e+000
1631     +1.0000000000000000e+000
1632     +1.0000000000000000e+000
1633     +1.0000000000000000e+000
1634     +1.0000000000000000e+000
1635     +1.0000000000000000e+000
1636     +1.0000000000000000e+000
1637     +1.0000000000000000e+000
1638     +1.0000000000000000e+000
1639     +1.0000000000000000e+000
1640     +1.0000000000000000e+000
1641     +1.0000000000000000e+000
1642     +1.0000000000000000e+000
1643     +1.0000000000000000e+000
1644     +1.0000000000000000e+000
1645     +1.0000000000000000e+000
1646     +1.0000000000000000e+000
1647     +1.0000000000000000e+000
1648     +1.0000000000000000e+000
1649     +1.0000000000000000e+000
1650     +1.0000000000000000e+000
1651     +1.0000000000000000e+000
1652     +1.0000000000000000e+000
1653     +1.0000000000000000e+000
1654     +1.0000000000000000e+000
1655     +1.0000000000000000e+000
1656     +1.0000000000000000e+000
1657     +1.0000000000000000e+000
1658     +1.0000000000000000e+000
1659     +1.0000000000000000e+000
1660     +1.0000000000000000e+000
1661     +1.0000000000000000e+000
1662     +1.0000000000000000e+000
1663     +1.0000000000000000e+000
1664     +1.0000000000000000e+000
1665     +1.0000000000000000e+000
1666     +1.0000000000000000e+000
1667     +1.0000000000000000e+000
1668     +1.0000000000000000e+000
1669     +1.0000000000000000e+000
1670     +1.0000000000000000e+000
1671     +1.0000000000000000e+000
1672     +1.0000000000000000e+000
1673     +1.0000000000000000e+000
1674     +1.0000000000000000e+000
1675     +1.0000000000000000e+000
1676     +1.0000000000000000e+000
1677     +1.0000000000000000e+000
1678     +1.0000000000000000e+000
1679     +1.0000000000000000e+000
1680     +1.0000000000000000e+000
1681     +1.0000000000000000e+000
1682     +1.0000000000000000e+000
1683     +1.0000000000000000e+000
1684     +1.0000000000000000e+000
1685     +1.0000000000000000e+000
1686     +1.0000000000000000e+000
1687     +1.0000000000000000e+000
1688     +1.0000000000000000e+000
1689     +1.0000000000000000e+000
1690     +1.0000000000000000e+000
1691     +1.0000000000000000e+000
1692     +1.0000000000000000e+000
1693     +1.0000000000000000e+000
1694     +1.0000000000000000e+000
1695     +1.0000000000000000e+000
1696     +1.0000000000000000e+000
1697     +1.0000000000000000e+000
1698     +1.0000000000000000e+000
1699     +1.0000000000000000e+000
1700     +1.0000000000000000e+000
1701     +1.0000000000000000e+000
1702     +1.0000000000000000e+000
1703     +1.0000000000000000e+000
1704     +1.0000000000000000e+000
1705     +1.0000000000000000e+000
1706     +1.0000000000000000e+000
1707     +1.0000000000000000e+000
1708     +1.0000000000000000e+000
1709     +1.0000000000000000e+000
1710     +1.0000000000000000e+000
1711     +1.0000000000000000e+000
1712     +1.0000000000000000e+000
1713     +1.0000000000000000e+000
1714     +1.0000000000000000e+000
1715     +1.0000000000000000e+000
1716     +1.0000000000000000e+000
1717     +1.0000000000000000e+000
1718     +1.0000000000000000e+000
1719     +1.0000000000000000e+000
1720     +1.0000000000000000e+000
1721     +1.0000000000000000e+000
1722     +1.0000000000000000e+000
1723     +1.0000000000000000e+000
1724     +1.0000000000000000e+000
1725     +1.0000000000000000e+000
1726     +1.0000000000000000e+000
1727     +1.0000000000000000e+000
1728     +1.0000000000000000e+000
1729     +1.0000000000000000e+000
1730     +1.0000000000000000e+000
1731     +1.0000000000000000e+000
1732     +1.0000000000000000e+000
1733     +1.0000000000000000e+000
1734     +1.0000000000000000e+000
1735     +1.0000000000000000e+000
1736     +1.0000000000000000e+000
1737     +1.0000000000000000e+000
1738     +1.0000000000000000e+000
1739     +1.0000000000000000e+000
1740     +1.0000000000000000e+000
1741     +1.0000000000000000e+000
1742     +1.0000000000000000e+000
1743     +1.0000000000000000e+000
1744     +1.0000000000000000e+000
1745     +1.0000000000000000e+000
1746     +1.0000000000000000e+000
1747     +1.0000000000000000e+000
1748     +1.0000000000000000e+000
1749     +1.0000000000000000e+000
1750     +1.0000000000000000e+000
1751     +1.0000000000000000e+000
1752     +1.0000000000000000e+000
1753     +1.0000000000000000e+000
1754     +1.0000000000000000e+000
1755     +1.0000000000000000e+000
1756     +1.0000000000000000e+000
1757     +1.0000000000000000e+000
1758     +1.0000000000000000e+000
1759     +1.0000000000000000e+000
1760     +1.0000000000000000e+000
1761     +1.0000000000000000e+000
1762     +1.0000000000000000e+000
1763     +1.0000000000000000e+000
1764     +1.0000000000000000e+000
1765     +1.0000000000000000e+000
1766     +1.0000000000000000e+000
1767     +1.0000000000000000e+000
1768     +1.0000000000000000e+000
1769     +1.0000000000000000e+000
1770     +1.0000000000000000e+000
1771     +1.0000000000000000e+000
1772     +1.0000000000000000e+000
1773     +1.0000000000000000e+000
1774     +1.0000000000000000e+000
1775     +1.0000000000000000e+000
1776     +1.0000000000000000e+000
1777     +1.0000000000000000e+000
1778     +1.0000000000000000e+000
1779     +1.0000000000000000e+000
1780     +1.0000000000000000e+000
1781     +1.0000000000000000e+000
1782     +1.0000000000000000e+000
1783     +1.0000000000000000e+000
1784     +1.0000000000000000e+000
1785     +1.0000000000000000e+000
1786     +1.0000000000000000e+000
1787     +1.0000000000000000e+000
1788     +1.0000000000000000e+000
1789     +1.0000000000000000e+000
1790     +1.0000000000000000e+000
1791     +1.0000000000000000e+000
1792     +1.0000000000000000e+000
1793     +1.0000000000000000e+000
1794     +1.0000000000000000e+000
1795     +1.0000000000000000e+000
1796     +1.0000000000000000e+000
1797     +1.0000000000000000e+000
1798     +1.0000000000000000e+000
1799     +1.0000000000000000e+000
1800     +1.0000000000000000e+000
1801     +1.0000000000000000e+000
1802     +1.0000000000000000e+000
1803     +1.0000000000000000e+000
1804     +1.0000000000000000e+000
1805     +1.0000000000000000e+000
1806     +1.0000000000000000e+000
1807     +1.0000000000000000e+000
1808     +1.0000000000000000e+000
1809     +1.0000000000000000e+000
1810     +1.0000000000000000e+000
1811     +1.0000000000000000e+000
1812     +1.0000000000000000e+000
1813     +1.0000000000000000e+000
1814     +1.0000000000000000e+000
1815     +1.0000000000000000e+000
1816     +1.0000000000000000e+000
1817     +1.0000000000000000e+000
1818     +1.0000000000000000e+000
1819     +1.0000000000000000e+000
1820     +1.0000000000000000e+000
1821     +1.0000000000000000e+000
1822     +1.0000000000000000e+000
1823     +1.0000000000000000e+000
1824     +1.0000000000000000e+000
1825     +1.0000000000000000e+000
1826     +1.0000000000000000e+000
1827     +1.0000000000000000e+000
1828     +1.0000000000000000e+000
1829     +1.0000000000000000e+000
1830     +1.0000000000000000e+000
1831     +1.0000000000000000e+000
1832     +1.0000000000000000e+000
1833     +1.0000000000000000e+000
1834     +1.0000000000000000e+000
1835     +1.0000000000000000e+000
1836     +1.0000000000000000e+000
1837     +1.0000000000000000e+000
1838     +1.0000000000000000e+000
1839     +1.0000000000000000e+000
1840     +1.0000000000000000e+000
1841     +1.0000000000000000e+000
1842     +1.0000000000000000e+000
1843     +1.0000000000000000e+000
1844     +1.0000000000000000e+000
1845     +1.0000000000000000e+000
1846     +1.0000000000000000e+000
1847     +1.0000000000000000e+000
1848     +1.0000000000000000e+000
1849     +1.0000000000000000e+000
1850     +1.0000000000000000e+000
1851     +1.0000000000000000e+000
1852     +1.0000000000000000e+000
1853     +1.0000000000000000e+000
1854     +1.0000000000000000e+000
1855     +1.0000000000000000e+000
1856     +1.0000000000000000e+000
1857     +1.0000000000000000e+000
1858     +1.0000000000000000e+000
1859     +1.0000000000000000e+000
1860     +1.0000000000000000e+000
1861     +1.0000000000000000e+000
1862     +1.0000000000000000e+000
1863     +1.0000000000000000e+000
1864     +1.0000000000000000e+000
1865     +1.0000000000000000e+000
1866     +1.0000000000000000e+000
1867     +1.0000000000000000e+000
1868     +1.0000000000000000e+000
1869     +1.0000000000000000e+000
1870     +1.0000000000000000e+000
1871     +1.0000000000000000e+000
1872     +1.0000000000000000e+000
1873     +1.0000000000000000e+000
1874     +1.0000000000000000e+000
1875     +1.0000000000000000e+000
1876     +1.0000000000000000e+000
1877     +1.0000000000000000e+000
1878     +1.0000000000000000e+000
1879     +1.0000000000000000e+000
1880     +1.0000000000000000e+000
1881     +1.0000000000000000e+000
1882     +1.0000000000000000e+000
1883     +1.0000000000000000e+000
1884     +1.0000000000000000e+000
1885     +1.0000000000000000e+000
1886     +1.0000000000000000e+000
1887     +1.0000000000000000e+000
1888     +1.0000000000000000e+000
1889     +1.0000000000000000e+000
1890     +1.0000000000000000e+000
1891     +1.0000000000000000e+000
1892     +1.0000000000000000e+000
1893     +1.0000000000000000e+000
1894     +1.0000000000000000e+000
1895     +1.0000000000000000e+000
1896     +1.0000000000000000e+000
1897     +1.0000000000000000e+000
1898     +1.0000000000000000e+000
1899     +1.0000000000000000e+000
1900     +1.0000000000000000e+000
1901     +1.0000000000000000e+000
1902     +1.0000000000000000e+000
1903     +1.0000000000000000e+000
1904     +1.0000000000000000e+000
1905     +1.0000000000000000e+000
1906     +1.0000000000000000e+000
1907     +1.0000000000000000e+000
1908     +1.0000000000000000e+000
1909     +1.0000000000000000e+000
1910     +1.0000000000000000e+000
1911     +1.0000000000000000e+000
1912     +1.0000000000000000e+000
1913     +1.0000000000000000e+000
1914     +1.0000000000000000e+000
1915     +1.0000000000000000e+000
1916     +1.0000000000000000e+000
1917     +1.0000000000000000e+000
1918     +1.0000000000000000e+000
1919     +1.0000000000000000e+000
1920     +1.0000000000000000e+000
1921     +1.0000000000000000e+000
1922     +1.0000000000000000e+000
1923     +1.0000000000000000e+000
1924     +1.0000000000000000e+000
1925     +1.0000000000000000e+000
1926     +1.0000000000000000e+000
1927     +1.0000000000000000e+000
1928     +1.0000000000000000e+000
1929     +1.0000000000000000e+000
1930     +1.0000000000000000e+000
1931     +1.0000000000000000e+000
1932     +1.0000000000000000e+000
1933     +1.0000000000000000e+000
1934     +1.0000000000000000e+000
1935     +1.0000000000000000e+000
1936     +1.0000000000000000e+000
1937     +1.0000000000000000e+000
1938     +1.0000000000000000e+000
1939     +1.0000000000000000e+000
1940     +1.0000000000000000e+000
1941     +1.0000000000000000e+000
1942     +1.0000000000000000e+000
1943     +1.0000000000000000e+000
1944     +1.0000000000000000e+000
1945     +1.0000000000000000e+000
1946     +1.0000000000000000e+000
1947     +1.0000000000000000e+000
1948     +1.0000000000000000e+000
1949     +1.0000000000000000e+000
1950     +1.0000000000000000e+000
1951     +1.0000000000000000e+000
1952     +1.0000000000000000e+000
1953     +1.0000000000000000e+000
1954     +1.0000000000000000e+000
1955     +1.0000000000000000e+000
1956     +1.0000000000000000e+000
1957     +1.0000000000000000e+000
1958     +1.0000000000000000e+000
1959     +1.0000000000000000e+000
1960     +1.0000000000000000e+000
1961     +1.0000000000000000e+000
1962     +1.0000000000000000e+000
1963     +1.0000000000000000e+000
1964     +1.0000000000000000e+000
1965     +1.0000000000000000e+000
1966     +1.0000000000000000e+000
1967     +1.0000000000000000e+000
1968     +1.0000000000000000e+000
1969     +1.0000000000000000e+000
1970     +1.0000000000000000e+000
1971     +1.0000000000000000e+000
1972     +1.0000000000000000e+000
1973     +1.0000000000000000e+000
1974     +1.0000000000000000e+000
1975     +1.0000000000000000e+000
1976     +1.0000000000000000e+000
1977     +1.0000000000000000e+000
1978     +1.0000000000000000e+000
1979     +1.0000000000000000e+000
1980     +1.0000000000000000e+000
1981     +1.0000000000000000e+000
1982     +1.0000000000000000e+000
1983     +1.0000000000000000e+000
1984     +1.0000000000000000e+000
1985     +1.0000000000000000e+000
1986     +1.0000000000000000e+000
1987     +1.0000000000000000e+000
1988     +1.0000000000000000e+000
1989     +1.0000000000000000e+000
1990     +1.0000000000000000e+000
1991     +1.0000000000000000e+000
1992     +1.0000000000000000e+000
1993     +1.0000000000000000e+000
1994     +1.0000000000000000e+000
1995     +1.0000000000000000e+000
1996     +1.0000000000000000e+000
1997     +1.0000000000000000e+000
1998     +1.0000000000000000e+000
1999     +1.0000000000000000e+000
2000     +1.0000000000000000e+000
2001     +1.0000000000000000e+000
2002     +1.0000000000000000e+000
2003     +1.0000000000000000e+000
2004     +1.0000000000000000e+000
2005     +1.0000000000000000e+000
2006     +1.0000000000000000e+000
2007     +1.0000000000000000e+000
2008     +1.0000000000000000e+000
2009     +1.0000000000000000e+000
2010     +1.0000000000000000e+000
2011     +1.0000000000000000e+000
2012     +1.0000000000000000e+000
2013     +1.0000000000000000e+000
2014     +1.0000000000000000e+000
2015     +1.0000000000000000e+000
2016     +1.0000000000000000e+000
2017     +1.0000000000000000e+000
2018     +1.0000000000000000e+000
2019     +1.0000000000000000e+000
2020     +1.0000000000000000e+000
2021     +1.0000000000000000e+000
2022     +1.0000000000000000e+000
2023     +1.0000000000000000e+000
2024     +1.0000000000000000e+000
2025     +1.0000000000000000e+000
2026     +1.0000000000000000e+000
2027     +1.0000000000000000e+000
2028     +1.0000000000000000e+000
2029     +1.0000000000000000e+000
2030     +1.0000000000000000e+000
2031     +1.0000000000000000e+000
2032     +1.0000000000000000e+000
2033     +1.0000000000000000e+000
2034     +1.0000000000000000e+000
2035     +1.0000000000000000e+000
2036     +1.0000000000000000e+000
2037     +1.0000000000000000e+000
2038     +1.0000000000000000e+000
2039     +1.0000000000000000e+000
2040     +1.0000000000000000e+000
2041     +1.0000000000000000e+000
2042     +1.0000000000000000e+000
2043     +1.0000000000000000e+000
2044     +1.0000000000000000e+000
2045     +1.0000000000000000e+000
2046     +1.0000000000000000e+000
2047     +1.0000000000000000e+000
2048     +1.0000000000000000e+000
2049     +1.0000000000000000e+000
2050     +1.0000000000000000e+000
2051     +1.0000000000000000e+000
2052     +1.0000000000000000e+000
2053     +1.0000000000000000e+000
2054     +1.0000000000000000e+000
2055     +1.0000000000000000e+000
2056     +1.0000000000000000e+000
2057     +1.0000000000000000e+000
2058     +1.0000000000000000e+000
2059     +1.0000000000000000e+000
2060     +1.0000000000000000e+000
2061     +1.0000000000000000e+000
2062     +1.0000000000000000e+000
2063     +1.0000000000000000e+000
2064     +1.0000000000000000e+000
2065     +1.0000000000000000e+000
2066     +1.0000000000000000e+000
2067     +1.0000000000000000e+000
2068     +1.0000000000000000e+000
2069     +1.0000000000000000e+000
2070     +1.0000000000000000e+000
2071     +1.0000000000000000e+000
2072     +1.0000000000000000e+000
2073     +1.0000000000000000e+000
2074     +1.0000000000000000e+000
2075     +1.0000000000000000e+000
2076     +1.0000000000000000e+000
2077     +1.0000000000000000e+000
2078     +1.0000000000000000e+000
2079     +1.0000000000000000e+000
2080     +1.0000000000000000e+000
2081     +1.0000000000000000e+000
2082     +1.0000000000000000e+000
2083     +1.0000000000000000e+000
2084     +1.0000000000000000e+000
2085     +1.0000000000000000e+000
2086     +1.0000000000000000e+000
2087     +1.0000000000000000e+000
2088     +1.0000000000000000e+000
2089     +1.0000000000000000e+000
2090     +1.0000000000000000e+000
2091     +1.0000000000000000e+000
2092     +1.0000000000000000e+000
2093     +1.0000000000000000e+000
2094     +1.0000000000000000e+000
2095     +1.0000000000000000e+000
2096     +1.0000000000000000e+000
2097     +1.0000000000000000e+000
2098     +1.0000000000000000e+000
2099     +1.0000000000000000e+000
2100     +1.0000000000000000e+000
2101     +1.0000000000000000e+000
2102     +1.0000000000000000e+000
2103     +1.0000000000000000e+000
2104     +1.0000000000000000e+000
2105     +1.0000000000000000e+000
2106     +1.0000000000000000e+000
2107     +1.0000000000000000e+000
2108     +1.0000000000000000e+000
2109     +1.0000000000000000e+000
2110     +1.0000000000000000e+000
2111     +1.0000000000000000e+000
2112     +1.0000000000000000e+000
2113     +1.0000000000000000e+000
2114     +1.0000000000000000e+000
2115     +1.0000000000000000e+000
2116     +1.0000000000000000e+000
2117     +1.0000000000000000e+000
2118     +1.0000000000000000e+000
2119     +1.0000000000000000e+000
2120     +1.0000000000000000e+000
2121     +1.0000000000000000e+000
2122     +1.0000000000000000e+000
2123     +1.0000000000000000e+000
2124     +1.0000000000000000e+000
2125     +1.0000000000000000e+000
2126     +1.0000000000000000e+000
2127     +1.0000000000000000e+000
2128     +1.0000000000000000e+000
2129     +1.0000000000000000e+000
2130     +1.0000000000000000e+000
2131     +1.0000000000000000e+000
2132     +1.0000000000000000e+000
2133     +1.0000000000000000e+000
2134     +1.0000000000000000e+000
2135     +1.0000000000000000e+000
2136     +1.0000000000000000e+000
2137     +1.0000000000000000e+000
2138     +1.0000000000000000e+000
2139     +1.0000000000000000e+000
2140     +1.0000000000000000e+000
2141     +1.0000000000000000e+000
2142     +1.0000000000000000e+000
2143     +1.0000000000000000e+000
2144     +1.0000000000000000e+000
2145     +1.0000000000000000e+000
2146     +1.0000000000000000e+000
2147     +1.0000000000000000e+000
2148     +1.0000000000000000e+000
2149     +1.0000000000000000e+000
2150     +1.0000000000000000e+000
2151     +1.0000000000000000e+000
2152     +1.0000000000000000e+000
2153     +1.0000000000000000e+000
2154     +1.0000000000000000e+000
2155     +1.0000000000000000e+000
2156     +1.0000000000000000e+000
2157     +1.0000000000000000e+000
2158     +1.0000000000000000e+000
2159     +1.0000000000000000e+000
2160     +1.0000000000000000e+000
2161     +1.0000000000000000e+000
2162     +1.0000000000000000e+000
2163     +1.0000000000000000e+000
2164     +1.0000000000000000e+000
2165     +1.0000000000000000e+000
2166     +1.0000000000000000e+000
2167     +1.0000000000000000e+000
2168     +1.0000000000000000e+000
2169     +1.0000000000000000e+000
2170     +1.0000000000000000e+000
2171     +1.0000000000000000e+000
2172     +1.0000000000000000e+000
2173     +1.0000000000000000e+000
2174     +1.0000000000000000e+000
2175     +1.0000000000000000e+000
2176     +1.0000000000000000e+000
2177     +1.0000000000000000e+000
2178     +1.0000000000000000e+000
2179     +1.0000000000000000e+000
2180     +1.0000000000000000e+000
2181     +1.0000000000000000e+000
2182     +1.0000000000000000e+000
2183     +1.0000000000000000e+000
2184     +1.0000000000000000e+000
2185     +1.0000000000000000e+000
2186     +1.0000000000000000e+000
2187     +1.0000000000000000e+000
2188     +1.0000000000000000e+000
2189     +1.0000000000000000e+000
2190     +1.0000000000000000e+000
2191     +1.0000000000000000e+000
2192     +1.0000000000000000e+000
2193     +1.0000000000000000e+000
2194     +1.0000000000000000e+000
2195     +1.0000000000000000e+000
2196     +1.0000000000000000e+000
2197     +1.0000000000000000e+000
2198     +1.0000000000000000e+000
2199     +1.0000000000000000e+000
2200     +1.0000000000000000e+000
2201     +1.0000000000000000e+000
2202     +1.0000000000000000e+000
2203     +1.0000000000000000e+000
2204     +1.0000000000000000e+000
2205     +1.0000000000000000e+000
2206     +1.0000000000000000e+000
2207     +1.0000000000000000e+000
2208     +1.0000000000000000e+000
2209     +1.0000000000000000e+000
2210     +1.0000000000000000e+000
2211     +1.0000000000000000e+000
2212     +1.0000000000000000e+000
2213     +1.0000000000000000e+000
2214     +1.0000000000000000e+000
2215     +1.0000000000000000e+000
2216     +1.0000000000000000e+000
2217     +1.0000000000000000e+000
2218     +1.0000000000000000e+000
2219     +1.0000000000000000e+000
2220     +1.0000000000000000e+000
2221     +1.0000000000000000e+000
2222     +1.0000000000000000e+000
2223     +1.0000000000000000e+000
2224     +1.0000000000000000e+000
2225     +1.0000000000000000e+000
2226     +1.0000000000000000e+000
2227     +1.0000000000000000e+000
2228     +1.0000000000000000e+000
2229     +1.0000000000000000e+000
2230     +1.0000000000000000e+000
2231     +1.0000000000000000e+000
2232     +1.0000000000000000e+000
2233     +1.0000000000000000e+000
2234     +1.0000000000000000e+000
2235     +1.0000000000000000e+000
2236     +1.0000000000000000e+000
2237     +1.0000000000000000e+000
2238     +1.0000000000000000e+000
2239     +1.0000000000000000e+000
2240     +1.0000000000000000e+000
2241     +1.0000000000000000e+000
2242     +1.0000000000000000e+000
2243     +1.0000000000000000e+000
2244     +1.0000000000000000e+000
2245     +1.0000000000000000e+000
2246     +1.0000000000000000e+000
2247     +1.0000000000000000e+000
2248     +1.0000000000000000e+000
2249     +1.0000000000000000e+000
2250     +1.0000000000000000e+000
2251     +1.0000000000000000e+000
2252     +1.0000000000000000e+000
2253     +1.0000000000000000e+000
2254     +1.0000000000000000e+000
2255     +1.0000000000000000e+000
2256     +1.0000000000000000e+000
2257     +1.0000000000000000e+000
2258     +1.0000000000000000e+000
2259     +1.0000000000000000e+000
2260     +1.0000000000000000e+000
2261     +1.0000000000000000e+000
2262     +1.0000000000000000e+000
2263     +1.0000000000000000e+000
2264     +1.0000000000000000e+000
2265     +1.0000000000000000e+000
2266     +1.0000000000000000e+000
2267     +1.0000000000000000e+000
2268     +1.0000000000000000e+000
2269     +1.0000000000000000e+000
2270     +1.0000000000000000e+000
2271     +1.0000000000000000e+000
2272     +1.0000000000000000e+000
2273     +1.0000000000000000e+000
2274     +1.0000000000000000e+000
2275     +1.0000000000000000e+000
2276     +1.0000000000000000e+000
2277     +1.0000000000000000e+000
2278     +1.0000000000000000e+000
2279     +1.0000000000000000e+000
2280     +1.0000000000000000e+000
2281     +1.0000000000000000e+000
2282     +1.0000000000000000e+000
2283     +1.0000000000000000e+000
2284     +1.0000000000000000e+000
2285     +1.0000000000000000e+000
2286     +1.0000000000000000e+000
2287     +1.0000000000000000e+000
2288     +1.0000000000000000e+000
2289     +1.0000000000000000e+000
2290     +1.0000000000000000e+000
2291     +1.0000000000000000e+000
2292     +1.0000000000000000e+000
2293     +1.0000000000000000e+000
2294     +1.0000000000000000e+000
2295     +1.0000000000000000e+000
2296     +1.0000000000000000e+000
2297     +1.0000000000000000e+000
2298     +1.0000000000000000e+000
2299     +1.0000000000000000e+000
2300     +1.0000000000000000e+000
2301     +1.0000000000000000e+000
2302     +1.0000000000000000e+000
2303     +1.0000000000000000e+000
2304     +1.0000000000000000e+000
2305     +1.0000000000000000e+000
2306     +1.0000000000000000e+000
2307     +1.0000000000000000e+000
2308     +1.0000000000000000e+000
2309     +1.0000000000000000e+000
2310     +1.0000000000000000e+000
2311     +1.0000000000000000e+000
2312     +1.0000000000000000e+000
2313     +1.0000000000000000e+000
2314     +1.0000000000000000e+000
2315     +1.0000000000000000e+000
2316     +1.0000000000000000e+000
2317     +1.0000000000000000e+000
2318     +1.0000000000000000e+000
2319     +1.0000000000000000e+000
2320     +1.0000000000000000e+000
2321     +1.0000000000000000e+000
2322     +1.0000000000000000e+000
2323     +1.0000000000000000e+000
2324     +1.0000000000000000e+000
2325     +1.0000000000000000e+000
2326     +1.0000000000000000e+000
2327     +1.0000000000000000e+000
2328     +1.0000000000000000e+000
2329     +1.0000000000000000e+000
2330     +1.0000000000000000e+000
2331     +1.0000000000000000e+000
2332     +1.0000000000000000e+000
2333     +1.0000000000000000e+000
2334     +1.0000000000000000e+000
2335     +1.0000000000000000e+000
2336     +1.0000000000000000e+000
2337     +1.0000000000000000e+000
2338     +1.0000000000000000e+000
2339     +1.0000000000000000e+000
2340     +1.0000000000000000e+000
2341     +1.0000000000000000e+000
2342     +1.0000000000000000e+000
2343     +1.0000000000000000e+000
2344     +1.0000000000000000e+000
2345     +1.0000000000000000e+000
2346     +1.0000000000000000e+000
2347     +1.0000000000000000e+000
2348     +1.0000000000000000e+000
2349     +1.0000000000000000e+000
2350     +1.0000000000000000e+000
2351     +1.0000000000000000e+000
2352     +1.0000000000000000e+000
2353     +1.0000000000000000e+000
2354     +1.0000000000000000e+000
2355     +1.0000000000000000e+000
2356     +1.0000000000000000e+000
2357     +1.0000000000000000e+000
2358     +1.0000000000000000e+000
2359     +1.0000000000000000e+000
2360     +1.0000000000000000e+000
2361     +1.0000000000000000e+000
2362     +1.0000000000000000e+000
2363     +1.0000000000000000e+000
2364     +1.0000000000000000e+000
2365     +1.0000000000000000e+000
2366     +1.0000000000000000e+000
2367     +1.0000000000000000e+000
2368     +1.0000000000000000e+000
2369     +1.0000000000000000e+000
2370     +1.0000000000000000e+000
2371     +1.0000000000000000e+000
2372     +1.0000000000000000e+000
2373     +1.0000000000000000e+000
2374     +1.0000000000000000e+000
2375     +1.0000000000000000e+000
2376     +1.0000000000000000e+000
2377     +1.0000000000000000e+000
2378     +1.0000000000000000e+000
2379     +1.0000000000000000e+000
2380     +1.0000000000000000e+000
2381     +1.0000000000000000e+000
2382     +1.0000000000000000e+000
2383     +1.0000000000000000e+000
2384     +1.0000000000000000e+000
2385     +1.0000000000000000e+000
2386     +1.0000000000000000e+000
2387     +1.0000000000000000e+000
2388     +1.0000000000000000e+000
2389     +1.0000000000000000e+000
2390     +1.0000000000000000e+000
2391     +1.0000000000000000e+000
2392     +1.0000000000000000e+000
2393     +1.0000000000000000e+000
2394     +1.0000000000000000e+000
2395     +1.0000000000000000e+000
2396     +1.0000000000000000e+000
2397     +1.0000000000000000e+000
2398     +1.0000000000000000e+000
2399     +1.0000000000000000e+000
2400     +1.0000000000000000e+000
2401     +1.0000000000000000e+000
2402     +1.0000000000000000e+000
2403     +1.0000000000000000e+000
2404     +1.0000000000000000e+000
2405     +1.0000000000000000e+000
2406     +1.0000000000000000e+000
2407     +1.0000000000000000e+000
2408     +1.0000000000000000e+000
2409     +1.0000000000000000e+000
2410     +1.0000000000000000e+000
2411     +1.0000000000000000e+000
2412     +1.0000000000000000e+000
2413     +1.0000000000000000e+000
2414     +1.0000000000000000e+000
2415     +1.0000000000000000e+000
2416     +1.0000000000000000e+000
2417     +1.0000000000000000e+000
2418     +1.0000000000000000e+000
2419     +1.0000000000000000e+000
2420     +1.0000000000000000e+000
2421     +1.0000000000000000e+000
2422     +1.0000000000000000e+000
2423     +1.0000000000000000e+000
2424     +1.0000000000000000e+000
2425     +1.0000000000000000e+000
2426     +1.0000000000000000e+000
2427     +1.0000000000000000e+000
2428     +1.0000000000000000e+000
2429     +1.0000000000000000e+000
2430     +1.0000000000000000e+000
2431     +1.0000000000000000e+000
2432     +1.0000000000000000e+000
2433     +1.0000000000000000e+000
2434     +1.0000000000000000e+000
2435     +1.0000000000000000e+000
2436     +1.0000000000000000e+000
2437     +1.0000000000000000e+000
2438     +1.0000000000000000e+000
2439     +1.0000000000000000e+000
2440     +1.0000000000000000e+000
2441     +1.0000000000000000e+000
2442     +1.0000000000000000e+000
2443     +1.0000000000000000e+000
2444     +1.0000000000000000e+000
2445     +1.0000000000000000e+000
2446     +1.0000000000000000e+000
2447     +1.0000000000000000e+000
2448     +1.0000000000000000e+000
2449     +1.0000000000000000e+000
2450     +1.0000000000000000e+000
2451     +1.0000000000000000e+000
2452     +1.0000000000000000e+000
2453     +1.0000000000000000e+000
2454     +1.0000000000000000e+000
2455     +1.0000000000000000e+000
2456     +1.0000000000000000e+000
2457     +1.0000000000000000e+000
2458     +1.0000000000000000e+000
2459     +1.0000000000000000e+000
2460     +1.0000000000000000e+000
2461     +1.0000000000000000e+000
2462     +1.0000000000000000e+000
2463     +1.0000000000000000e+000
2464     +1.0000000000000000e+000
2465     +1.0000000000000000e+000
2466     +1.0000000000000000e+000
2467     +1.0000000000000000e+000
2468     +1.0000000000000000e+000
2469     +1.0000000000000000e+000
2470     +1.0000000000000000e+000
2471     +1.0000000000000000e+000
2472     +1.0000000000000000e+000
2473     +1.0000000000000000e+000
2474     +1.0000000000000000e+000
2475     +1.0000000000000000e+000
2476     +1.0000000000000000e+000
2477     +1.0000000000000000e+000
2478     +1.0000000000000000e+000
2479     +1.0000000000000000e+000
2480     +1.0000000000000000e+000
2481     +1.0000000000000000e+000
2482     +1.0000000000000000e+000
2483     +1.0000000000000000e+000
2484     +1.0000000000000000e+000
2485     +1.0000000000000000e+000
2486     +1.0000000000000000e+000
2487     +1.0000000000000000e+000
2488     +1.0000000000000000e+000
2489     +1.0000000000000000e+000
2490     +1.0000000000000000e+000
2491     +1.0000000000000000e+000
2492     +1.0000000000000000e+000
2493     +1.0000000000000000e+000
2494     +1.0000000000000000e+000
2495     +1.0000000000000000e+000
2496     +1.0000000000000000e+000
2497     +1.0000000000000000e+000
2498     +1.0000000000000000e+000
2499     +1.0000000000000000e+000
2500     +1.0000000000000000e+000
2501     +1.0000000000000000e+000
2502     +1.0000000000000000e+000
2503     +1.0000000000000000e+000
2504     +1.0000000000000000e+000
2505     +1.0000000000000000e+000
2506     +1.0000000000000000e+000
2507     +1.0000000000000000e+000
2508     +1.0000000000000000e+000
2509     +1.0000000000000000e+000
2510     +1.0000000000000000e+000
2511     +1.0000000000000000e+000
2512     +1.0000000000000000e+000
2513     +1.0000000000000000e+000
2514     +1.0000000000000000e+000
2515     +1.0000000000000000e+000
2516     +1.0000000000000000e+000
2517     +1.0000000000000000e+000
2518     +1.0000000000000000e+000
2519     +1.0000000000000000e+000
2520     +1.0000000000000000e+000
2521     +1.0000000000000000e+000
2522     +1.0000000000000000e+000
2523     +1.0000000000000000e+000
2524     +1.0000000000000000e+000
2525     +1.0000000000000000e+000
2526     +1.0000000000000000e+000
2527     +1.0000000000000000e+000
2528     +1.0000000000000000e+000
2529     +1.0000000000000000e+000
2530     +1.0000000000000000e+000
2531     +1.0000000000000000e+000
2532     +1.0000000000000000e+000
2533     +1.0000000000000000e+000
2534     +1.0000000000000000e+000
2535     +1.0000000000000000e+000
2536     +1.0000000000000000e+000
2537     +1.0000000000000000e+000
2538     +1.0000000000000000e+000
2539     +1.0000000000000000e+000
2540     +1.0000000000000000e+000
2541     +1.0000000000000000e+000
2542     +1.0000000000000000e+000
2543     +1.0000000000000000e+000
2544     +1.0000000000000000e+000
2545     +1.0000000000000000e+000
2546     +1.0000000000000000e+000
2547     +1.0000000000000000e+000
2548     +1.0000000000000000e+000
2549     +1.0000000000000000e+000
2550     +1.0000000000000000e+000
2551     +1.0000000000000000e+000
2552     +1.0000000000000000e+000
2553     +1.0000000000000000e+000
2554     +1.0000000000000000e+000
2555     +1.0000000000000000e+000
2556     +1.0000000000000000e+000
2557     +1.0000000000000000e+000
2558     +1.0000000000000000e+000
2559     +1.0000000000000000e+000
2560     +1.0000000000000000e+000
2561     +1.0000000000000000e+000
2562     +1.0000000000000000e+000
2563     +1.0000000000000000e+000
2564     +1.0000000000000000e+000
2565     +1.0000000000000000e+000
2566     +1.0000000000000000e+000
2567     +1.0000000000000000e+000
2568     +1.0000000000000000e+000
2569     +1.0000000000000000e+000
2570     +1.0000000000000000e+000
2571     +1.0000000000000000e+000
2572     +1.0000000000000000e+000
2573     +1.0000000000000000e+000
2574     +1.0000000000000000e+000
2575     +1.0000000000000000e+000
2576     +1.0000000000000000e+000
2577     +1.0000000000000000e+000
2578     +1.0000000000000000e+000
2579     +1.0000000000000000e+000
2580     +1.0000000000000000e+000
2581     +1.0000000000000000e+000
2582     +1.0000000000000000e+000
2583     +1.0000000000000000e+000
2584     +1.0000000000000000e+000
2585     +1.0000000000000000e+000
2586     +1.0000000000000000e+000
2587     +1.0000000000000000e+000
2588     +1.0000000000000000e+000
2589     +1.0000000000000000e+000
2590     +1.0000000000000000e+000
2591     +1.0000000000000000e+000
2592     +1.0000000000000000e+000
2593     +1.0000000000000000e+000
2594     +1.0000000000000000e+000
2595     +1.0000000000000000e+000
2596     +1.0000000000000000e+000
2597     +1.0000000000000000e+000
2598     +1.0000000000000000e+000
2599     +1.0000000000000000e+000
2600     +1.0000000000000000e+000
2601     +1.0000000000000000e+000
2602     +1.0000000000000000e+000
2603     +1.0000000000000000e+000
2604     +1.0000000000000000e+000
2605     +1.0000000000000000e+000
2606     +1.0000000000000000e+000
2607     +1.0000000000000000e+000
2608     +1.0000000000000000e+000
2609     +1.0000000000000000e+000
2610     +1.0000000000000000e+000
2611     +1.0000000000000000e+000
2612     +1.0000000000000000e+000
2613     +1.0000000000000000e+000
2614     +1.0000000000000000e+000
2615     +1.0000000000000000e+000
2616     +1.0000000000000000e+000
2617     +1.0000000000000000e+000
2618     +1.0000000000000000e+000
2619     +1.0000000000000000e+000
2620     +1.0000000000000000e+000
2621     +1.0000000000000000e+000
2622     +1.0000000000000000e+000
2623     +1.0000000000000000e+000
2624     +1.0000000000000000e+000
2625     +1.0000000000000000e+000
2626     +1.0000000000000000e+000
2627     +1.0000000000000000e+000
2628     +1.0000000000000000e+000
2629     +1.0000000000000000e+000
2630     +1.0000000000000000e+000
2631     +1.0000000000000000e+000
2632     +1.0000000000000000e+000
2633     +1.0000000000000000e+000
2634     +1.0000000000000000e+000
2635     +1.0000000000000000e+000
2636     +1.0000000000000000e+000
2637     +1.0000000000000000e+000
2638     +1.0000000000000000e+000
2639     +1.0000000000000000e+000
2640     +1.0000000000000000e+000
2641     +1.0000000000000000e+000
2642     +1.0000000000000000e+000
2643     +1.0000000000000000e+000
2644     +1.0000000000000000e+000
2645     +1.0000000000000000e+000
2646     +1.0000000000000000e+000
2647     +1.0000000000000000e+000
2648     +1.0000000000000000e+000
2649     +1.0000000000000000e+000
2650     +1.0000000000000000e+000
2651     +1.0000000000000000e+000
2652     +1.0000000000000000e+000
2653     +1.0000000000000000e+000
2654     +1.0000000000000000e+000
2655     +1.0000000000000000e+000
2656     +1.0000000000000000e+000
2657     +1.0000000000000000e+000
2658     +1.0000000000000000e+000
2659     +1.0000000000000000e+000
2660     +1.0000000000000000e+000
2661     +1.0000000000000000e+000
2662     +1.0000000000000000e+000
2663     +1.0000000000000000e+000
2664     +1.0000000000000000e+000
2665     +1.0000000000000000e+000
2666     +1.0000000000000000e+000
2667     +1.0000000000000000e+000
2668     +1.0000000000000000e+000
2669     +1.0000000000000000e+000
2670     +1.0000000000000000e+000
2671     +1.0000000000000000e+000
2672     +1.0000000000000000e+000
2673     +1.0000000000000000e+000
2674     +1.0000000000000000e+000
2675     +1.0000000000000000e+000
2676     +1.0000000000000000e+000
2677     +1.0000000000000000e+000
2678     +1.0000000000000000e+000
2679     +1.0000000000000000e+000
2680     +1.0000000000000000e+000
2681     +1.0000000000000000e+000
2682     +1.0000000000000000e+000
2683     +1.0000000000000000e+000
2684     +1.0000000000000000e+000
2685     +1.0000000000000000e+000
2686     +1.0000000000000000e+000
2687     +1.0000000000000000e+000
2688     +1.0000000000000000e+000
2689     +1.0000000000000000e+000
2690     +1.0000000000000000e+000
2691     +1.0000000000000000e+000
2692     +1.0000000000000000e+000
2693     +1.0000000000000000e+000
2694     +1.0000000000000000e+000
2695     +1.0000000000000000e+000
2696     +1.0000000000000000e+000
2697     +1.0000000000000000e+000
2698     +1.0000000000000000e+000
2699     +1.0000000000000000e+000
2700     +1.0000000000000000e+000
2701     +1.0000000000000000e+000
2702     +1.0000000000000000e+000
2703     +1.0000000000000000e+000
2704     +1.0000000000000000e+000
2705     +1.0000000000000000e+000
2706     +1.0000000000000000e+000
2707     +1.0000000000000000e+000
2708     +1.0000000000000000e+000
2709     +1.0000000000000000e+000
2710     +1.0000000000000000e+000
2711     +1.0000000000000000e+000
2712     +1.0000000000000000e+000
2713     +1.0000000000000000e+000
2714     +1.0000000000000000e+000
2715     +1.0000000000000000e+000
2716     +1.0000000000000000e+000
2717     +1.0000000000000000e+000
2718     +1.0000000000000000e+000
2719     +1.0000000000000000e+000
2720     +1.0000000000000000e+000
2721     +1.0000000000000000e+000
2722     +1.0000000000000000e+000
2723     +1.0000000000000000e+000
2724     +1.0000000000000000e+000
2725     +1.0000000000000000e+000
2726     +1.0000000000000000e+000
2727     +1.0000000000000000e+000
2728     +1.0000000000000000e+000
2729     +1.0000000000000000e+000
2730     +1.0000000000000000e+000
2731     +1.0000000000000000e+000
2732     +1.0000000000000000e+000
2733     +1.0000000000000000e+000
2734     +1.0000000000000000e+000
2735     +1.0000000000000000e+000
2736     +1.0000000000000000e+000

%NODE.SUPPORT
144
343	0	0	1	1	1	0
344	0	0	1	1	1	0
345	0	0	1	1	1	0
346	0	0	1	1	1	0
347	0	0	1	1	1	0
348	0	0	1	1	1	0
349	0	0	1	1	1	0
350	0	0	1	1	1	0
351	0	0	1	1	1	0
352	0	0	1	1	1	0
353	0	0	1	1	1	0
354	0	0	1	1	1	0
355	0	0	1	1	1	0
356	0	0	1	1	1	0
357	0	0	1	1	1	0
358	0	0	1	1	1	0
359	0	0	1	1	1	0
360	0	0	1	1	1	0
361	1	1	1	1	1	0
686	0	0	1	1	1	0
687	0	0	1	1	1	0
688	0	0	1	1	1	0
689	0	0	1	1	1	0
690	0	0	1	1	1	0
691	0	0	1	1	1	0
692	0	0	1	1	1	0
693	0	0	1	1	1	0
694	0	0	1	1	1	0
695	0	0	1	1	1	0
696	0	0	1	1	1	0
697	0	0	1	1	1	0
698	0	0	1	1	1	0
699	0	0	1	1	1	0
700	0	0	1	1	1	0
701	0	0	1	1	1	0
702	0	0	1	1	1	0
703	0	0	1	1	1	0
1028	0	0	1	1	1	0
1029	0	0	1	1	1	0
1030	0	0	1	1	1	0
1031	0	0	1	1	1	0
1032	0	0	1	1	1	0
1033	0	0	1	1	1	0
1034	0	0	1	1	1	0
1035	0	0	1	1	1	0
1036	0	0	1	1	1	0
1037	0	0	1	1	1	0
1038	0	0	1	1	1	0
1039	0	0	1	1	1	0
1040	0	0	1	1	1	0
1041	0	0	1	1	1	0
1042	0	0	1	1	1	0
1043	0	0	1	1	1	0
1044	0	0	1	1	1	0
1045	0	0	1	1	1	0
1370	0	0	1	1	1	0
1371	0	0	1	1	1	0
1372	0	0	1	1	1	0
1373	0	0	1	1	1	0
1374	0	0	1	1	1	0
1375	0	0	1	1	1	0
1376	0	0	1	1	1	0
1377	0	0	1	1	1	0
1378	0	0	1	1	1	0
1379	0	0	1	1	1	0
1380	0	0	1	1	1	0
1381	0	0	1	1	1	0
1382	0	0	1	1	1	0
1383	0	0	1	1	1	0
1384	0	0	1	1	1	0
1385	0	0	1	1	1	0
1386	0	0	1	1	1	0
1387	0	0	1	1	1	0
1712	0	0	1	1	1	0
1713	0	0	1	1	1	0
1714	0	0	1	1	1	0
1715	0	0	1	1	1	0
1716	0	0	1	1	1	0
1717	0	0	1	1	1	0
1718	0	0	1	1	1	0
1719	0	0	1	1	1	0
1720	0	0	1	1	1	0
1721	0	0	1	1	1	0
1722	0	0	1	1	1	0
1723	0	0	1	1	1	0
1724	0	0	1	1	1	0
1725	0	0	1	1	1	0
1726	0	0	1	1	1	0
1727	0	0	1	1	1	0
1728	0	0	1	1	1	0
1729	0	0	1	1	1	0
2054	1	0	1	1	1	0
2055	0	0	1	1	1	0
2056	0	0	1	1	1	0
2057	0	0	1	1	1	0
2058	0	0	1	1	1	0
2059	0	0	1	1	1	0
2060	0	0	1	1	1	0
2061	0	0	1	1	1	0
2062	0	0	1	1	1	0
2063	0	0	1	1	1	0
2064	0	0	1	1	1	0
2065	0	0	1	1	1	0
2066	0	0	1	1	1	0
2067	0	0	1	1	1	0
2068	0	0	1	1	1	0
2069	0	0	1	1	1	0
2070	0	0	1	1	1	0
2071	0	0	1	1	1	0
2396	0	0	1	1	1	0
2397	0	0	1	1	1	0
2398	0	0	1	1	1	0
2399	0	0	1	1	1	0
2400	0	0	1	1	1	0
2401	0	0	1	1	1	0
2402	0	0	1	1	1	0
2403	0	0	1	1	1	0
2404	0	0	1	1	1	0
2405	0	0	1	1	1	0
2406	0	0	1	1	1	0
2407	0	0	1	1	1	0
2408	0	0	1	1	1	0
2409	0	0	1	1	1	0
2410	0	0	1	1	1	0
2411	0	0	1	1	1	0
2412	0	0	1	1	1	0
2413	0	0	1	1	1	0
2720	0	0	1	1	1	0
2721	0	0	1	1	1	0
2722	0	0	1	1	1	0
2723	0	0	1	1	1	0
2724	0	0	1	1	1	0
2725	0	0	1	1	1	0
2726	0	0	1	1	1	0
2727	0	0	1	1	1	0
2728	0	0	1	1	1	0
2729	0	0	1	1	1	0
2730	0	0	1	1	1	0
2731	0	0	1	1	1	0
2732	0	0	1	1	1	0
2733	0	0	1	1	1	0
2734	0	0	1	1	1	0
2735	0	0	1	1	1	0
2736	0	0	1	1	1	0

%PATCH
8
1 'bspsurf' 1 
3 'General'  17 0.0000000000000000 1.0000000000000000 2.0000000000000000 3.0000000000000000 4.0000000000000000 5.0000000000000000 6.0000000000000000 7.0000000000000000 8.0000000000000000 9.0000000000000000 10.0000000000000000 11.0000000000000000 12.0000000000000000 13.0000000000000000 14.0000000000000000 15.0000000000000000 16.0000000000000000 4 1 1 1 1 1 1 1 1 1 1 1 1 1 1 1 4 
3 'General'  17 0.0000000000000000 1.0000000000000000 2.0000000000000000 3.0000000000000000 4.0000000000000000 5.0000000000000000 6.0000000000000000 7.0000000000000000 8.0000000000000000 9.0000000000000000 10.0000000000000000 11.0000000000000000 12.0000000000000000 13.0000000000000000 14.0000000000000000 15.0000000000000000 16.0000000000000000 4 1 1 1 1 1 1 1 1 1 1 1 1 1 1 1 4 
1 2 3 4 5 6 7 8 9 10 11 12 13 14 15 16 17 18 19 20 21 22 23 24 25 26 27 28 29 30 31 32 33 34 35 36 37 38 39 40 41 42 43 44 45 46 47 48 49 50 51 52 53 54 55 56 57 58 59 60 61 62 63 64 65 66 67 68 69 70 71 72 73 74 75 76 77 78 79 80 81 82 83 84 85 86 87 88 89 90 91 92 93 94 95 96 97 98 99 100 101 102 103 104 105 106 107 108 109 110 111 112 113 114 115 116 117 118 119 120 121 122 123 124 125 126 127 128 129 130 131 132 133 134 135 136 137 138 139 140 141 142 143 144 145 146 147 148 149 150 151 152 153 154 155 156 157 158 159 160 161 162 163 164 165 166 167 168 169 170 171 172 173 174 175 176 177 178 179 180 181 182 183 184 185 186 187 188 189 190 191 192 193 194 195 196 197 198 199 200 201 202 203 204 205 206 207 208 209 210 211 212 213 214 215 216 217 218 219 220 221 222 223 224 225 226 227 228 229 230 231 232 233 234 235 236 237 238 239 240 241 242 243 244 245 246 247 248 249 250 251 252 253 254 255 256 257 258 259 260 261 262 263 264 265 266 267 268 269 270 271 272 273 274 275 276 277 278 279 280 281 282 283 284 285 286 287 288 289 290 291 292 293 294 295 296 297 298 299 300 301 302 303 304 305 306 307 308 309 310 311 312 313 314 315 316 317 318 319 320 321 322 323 324 325 326 327 328 329 330 331 332 333 334 335 336 337 338 339 340 341 342 343 344 345 346 347 348 349 350 351 352 353 354 355 356 357 358 359 360 361

2 'bspsurf' 1 
3 'General'  17 0.0000000000000000 1.0000000000000000 2.0000000000000000 3.0000000000000000 4.0000000000000000 5.0000000000000000 6.0000000000000000 7.0000000000000000 8.0000000000000000 9.0000000000000000 10.0000000000000000 11.0000000000000000 12.0000000000000000 13.0000000000000000 14.0000000000000000 15.0000000000000000 16.0000000000000000 4 1 1 1 1 1 1 1 1 1 1 1 1 1 1 1 4 
3 'General'  17 0.0000000000000000 1.0000000000000000 2.0000000000000000 3.0000000000000000 4.0000000000000000 5.0000000000000000 6.0000000000000000 7.0000000000000000 8.0000000000000000 9.0000000000000000 10.0000000000000000 11.0000000000000000 12.0000000000000000 13.0000000000000000 14.0000000000000000 15.0000000000000000 16.0000000000000000 4 1 1 1 1 1 1 1 1 1 1 1 1 1 1 1 4 
362 363 364 365 366 367 368 369 370 371 372 373 374 375 376 377 378 379 1 380 381 382 383 384 385 386 387 388 389 390 391 392 393 394 395 396 397 20 398 399 400 401 402 403 404 405 406 407 408 409 410 411 412 413 414 415 39 416 417 418 419 420 421 422 423 424 425 426 427 428 429 430 431 432 433 58 434 435 436 437 438 439 440 441 442 443 444 445 446 447 448 449 450 451 77 452 453 454 455 456 457 458 459 460 461 462 463 464 465 466 467 468 469 96 470 471 472 473 474 475 476 477 478 479 480 481 482 483 484 485 486 487 115 488 489 490 491 492 493 494 495 496 497 498 499 500 501 502 503 504 505 134 506 507 508 509 510 511 512 513 514 515 516 517 518 519 520 521 522 523 153 524 525 526 527 528 529 530 531 532 533 534 535 536 537 538 539 540 541 172 542 543 544 545 546 547 548 549 550 551 552 553 554 555 556 557 558 559 191 560 561 562 563 564 565 566 567 568 569 570 571 572 573 574 575 576 577 210 578 579 580 581 582 583 584 585 586 587 588 589 590 591 592 593 594 595 229 596 597 598 599 600 601 602 603 604 605 606 607 608 609 610 611 612 613 248 614 615 616 617 618 619 620 621 622 623 624 625 626 627 628 629 630 631 267 632 633 634 635 636 637 638 639 640 641 642 643 644 645 646 647 648 649 286 650 651 652 653 654 655 656 657 658 659 660 661 662 663 664 665 666 667 305 668 669 670 671 672 673 674 675 676 677 678 679 680 681 682 683 684 685 324 686 687 688 689 690 691 692 693 694 695 696 697 698 699 700 701 702 703 343

3 'bspsurf' 1 
3 'General'  17 0.0000000000000000 1.0000000000000000 2.0000000000000000 3.0000000000000000 4.0000000000000000 5.0000000000000000 6.0000000000000000 7.0000000000000000 8.0000000000000000 9.0000000000000000 10.0000000000000000 11.0000000000000000 12.0000000000000000 13.0000000000000000 14.0000000000000000 15.0000000000000000 16.0000000000000000 4 1 1 1 1 1 1 1 1 1 1 1 1 1 1 1 4 
3 'General'  17 0.0000000000000000 1.0000000000000000 2.0000000000000000 3.0000000000000000 4.0000000000000000 5.0000000000000000 6.0000000000000000 7.0000000000000000 8.0000000000000000 9.0000000000000000 10.0000000000000000 11.0000000000000000 12.0000000000000000 13.0000000000000000 14.0000000000000000 15.0000000000000000 16.0000000000000000 4 1 1 1 1 1 1 1 1 1 1 1 1 1 1 1 4 
704 705 706 707 708 709 710 711 712 713 714 715 716 717 718 719 720 721 362 722 723 724 725 726 727 728 729 730 731 732 733 734 735 736 737 738 739 380 740 741 742 743 744 745 746 747 748 749 750 751 752 753 754 755 756 757 398 758 759 760 761 762 763 764 765 766 767 768 769 770 771 772 773 774 775 416 776 777 778 779 780 781 782 783 784 785 786 787 788 789 790 791 792 793 434 794 795 796 797 798 799 800 801 802 803 804 805 806 807 808 809 810 811 452 812 813 814 815 816 817 818 819 820 821 822 823 824 825 826 827 828 829 470 830 831 832 833 834 835 836 837 838 839 840 841 842 843 844 845 846 847 488 848 849 850 851 852 853 854 855 856 857 858 859 860 861 862 863 864 865 506 866 867 868 869 870 871 872 873 874 875 876 877 878 879 880 881 882 883 524 884 885 886 887 888 889 890 891 892 893 894 895 896 897 898 899 900 901 542 902 903 904 905 906 907 908 909 910 911 912 913 914 915 916 917 918 919 560 920 921 922 923 924 925 926 927 928 929 930 931 932 933 934 935 936 937 578 938 939 940 941 942 943 944 945 946 947 948 949 950 951 952 953 954 955 596 956 957 958 959 960 961 962 963 964 965 966 967 968 969 970 971 972 973 614 974 975 976 977 978 979 980 981 982 983 984 985 986 987 988 989 990 991 632 992 993 994 995 996 997 998 999 1000 1001 1002 1003 1004 1005 1006 1007 1008 1009 650 1010 1011 1012 1013 1014 1015 1016 1017 1018 1019 1020 1021 1022 1023 1024 1025 1026 1027 668 1028 1029 1030 1031 1032 1033 1034 1035 1036 1037 1038 1039 1040 1041 1042 1043 1044 1045 686

4 'bspsurf' 1 
3 'General'  17 0.0000000000000000 1.0000000000000000 2.0000000000000000 3.0000000000000000 4.0000000000000000 5.0000000000000000 6.0000000000000000 7.0000000000000000 8.0000000000000000 9.0000000000000000 10.0000000000000000 11.0000000000000000 12.0000000000000000 13.0000000000000000 14.0000000000000000 15.0000000000000000 16.0000000000000000 4 1 1 1 1 1 1 1 1 1 1 1 1 1 1 1 4 
3 'General'  17 0.0000000000000000 1.0000000000000000 2.0000000000000000 3.0000000000000000 4.0000000000000000 5.0000000000000000 6.0000000000000000 7.0000000000000000 8.0000000000000000 9.0000000000000000 10.0000000000000000 11.0000000000000000 12.0000000000000000 13.0000000000000000 14.0000000000000000 15.0000000000000000 16.0000000000000000 4 1 1 1 1 1 1 1 1 1 1 1 1 1 1 1 4 
1046 1047 1048 1049 1050 1051 1052 1053 1054 1055 1056 1057 1058 1059 1060 1061 1062 1063 704 1064 1065 1066 1067 1068 1069 1070 1071 1072 1073 1074 1075 1076 1077 1078 1079 1080 1081 722 1082 1083 1084 1085 1086 1087 1088 1089 1090 1091 1092 1093 1094 1095 1096 1097 1098 1099 740 1100 1101 1102 1103 1104 1105 1106 1107 1108 1109 1110 1111 1112 1113 1114 1115 1116 1117 758 1118 1119 1120 1121 1122 1123 1124 1125 1126 1127 1128 1129 1130 1131 1132 1133 1134 1135 776 1136 1137 1138 1139 1140 1141 1142 1143 1144 1145 1146 1147 1148 1149 1150 1151 1152 1153 794 1154 1155 1156 1157 1158 1159 1160 1161 1162 1163 1164 1165 1166 1167 1168 1169 1170 1171 812 1172 1173 1174 1175 1176 1177 1178 1179 1180 1181 1182 1183 1184 1185 1186 1187 1188 1189 830 1190 1191 1192 1193 1194 1195 1196 1197 1198 1199 1200 1201 1202 1203 1204 1205 1206 1207 848 1208 1209 1210 1211 1212 1213 1214 1215 1216 1217 1218 1219 1220 1221 1222 1223 1224 1225 866 1226 1227 1228 1229 1230 1231 1232 1233 1234 1235 1236 1237 1238 1239 1240 1241 1242 1243 884 1244 1245 1246 1247 1248 1249 1250 1251 1252 1253 1254 1255 1256 1257 1258 1259 1260 1261 902 1262 1263 1264 1265 1266 1267 1268 1269 1270 1271 1272 1273 1274 1275 1276 1277 1278 1279 920 1280 1281 1282 1283 1284 1285 1286 1287 1288 1289 1290 1291 1292 1293 1294 1295 1296 1297 938 1298 1299 1300 1301 1302 1303 1304 1305 1306 1307 1308 1309 1310 1311 1312 1313 1314 1315 956 1316 1317 1318 1319 1320 1321 1322 1323 1324 1325 1326 1327 1328 1329 1330 1331 1332 1333 974 1334 1335 1336 1337 1338 1339 1340 1341 1342 1343 1344 1345 1346 1347 1348 1349 1350 1351 992 1352 1353 1354 1355 1356 1357 1358 1359 1360 1361 1362 1363 1364 1365 1366 1367 1368 1369 1010 1370 1371 1372 1373 1374 1375 1376 1377 1378 1379 1380 1381 1382 1383 1384 1385 1386 1387 1028

5 'bspsurf' 1 
3 'General'  17 0.0000000000000000 1.0000000000000000 2.0000000000000000 3.0000000000000000 4.0000000000000000 5.0000000000000000 6.0000000000000000 7.0000000000000000 8.0000000000000000 9.0000000000000000 10.0000000000000000 11.0000000000000000 12.0000000000000000 13.0000000000000000 14.0000000000000000 15.0000000000000000 16.0000000000000000 4 1 1 1 1 1 1 1 1 1 1 1 1 1 1 1 4 
3 'General'  17 0.0000000000000000 1.0000000000000000 2.0000000000000000 3.0000000000000000 4.0000000000000000 5.0000000000000000 6.0000000000000000 7.0000000000000000 8.0000000000000000 9.0000000000000000 10.0000000000000000 11.0000000000000000 12.0000000000000000 13.0000000000000000 14.0000000000000000 15.0000000000000000 16.0000000000000000 4 1 1 1 1 1 1 1 1 1 1 1 1 1 1 1 4 
1388 1389 1390 1391 1392 1393 1394 1395 1396 1397 1398 1399 1400 1401 1402 1403 1404 1405 1046 1406 1407 1408 1409 1410 1411 1412 1413 1414 1415 1416 1417 1418 1419 1420 1421 1422 1423 1064 1424 1425 1426 1427 1428 1429 1430 1431 1432 1433 1434 1435 1436 1437 1438 1439 1440 1441 1082 1442 1443 1444 1445 1446 1447 1448 1449 1450 1451 1452 1453 1454 1455 1456 1457 1458 1459 1100 1460 1461 1462 1463 1464 1465 1466 1467 1468 1469 1470 1471 1472 1473 1474 1475 1476 1477 1118 1478 1479 1480 1481 1482 1483 1484 1485 1486 1487 1488 1489 1490 1491 1492 1493 1494 1495 1136 1496 1497 1498 1499 1500 1501 1502 1503 1504 1505 1506 1507 1508 1509 1510 1511 1512 1513 1154 1514 1515 1516 1517 1518 1519 1520 1521 1522 1523 1524 1525 1526 1527 1528 1529 1530 1531 1172 1532 1533 1534 1535 1536 1537 1538 1539 1540 1541 1542 1543 1544 1545 1546 1547 1548 1549 1190 1550 1551 1552 1553 1554 1555 1556 1557 1558 1559 1560 1561 1562 1563 1564 1565 1566 1567 1208 1568 1569 1570 1571 1572 1573 1574 1575 1576 1577 1578 1579 1580 1581 1582 1583 1584 1585 1226 1586 1587 1588 1589 1590 1591 1592 1593 1594 1595 1596 1597 1598 1599 1600 1601 1602 1603 1244 1604 1605 1606 1607 1608 1609 1610 1611 1612 1613 1614 1615 1616 1617 1618 1619 1620 1621 1262 1622 1623 1624 1625 1626 1627 1628 1629 1630 1631 1632 1633 1634 1635 1636 1637 1638 1639 1280 1640 1641 1642 1643 1644 1645 1646 1647 1648 1649 1650 1651 1652 1653 1654 1655 1656 1657 1298 1658 1659 1660 1661 1662 1663 1664 1665 1666 1667 1668 1669 1670 1671 1672 1673 1674 1675 1316 1676 1677 1678 1679 1680 1681 1682 1683 1684 1685 1686 1687 1688 1689 1690 1691 1692 1693 1334 1694 1695 1696 1697 1698 1699 1700 1701 1702 1703 1704 1705 1706 1707 1708 1709 1710 1711 1352 1712 1713 1714 1715 1716 1717 1718 1719 1720 1721 1722 1723 1724 1725 1726 1727 1728 1729 1370

6 'bspsurf' 1 
3 'General'  17 0.0000000000000000 1.0000000000000000 2.0000000000000000 3.0000000000000000 4.0000000000000000 5.0000000000000000 6.0000000000000000 7.0000000000000000 8.0000000000000000 9.0000000000000000 10.0000000000000000 11.0000000000000000 12.0000000000000000 13.0000000000000000 14.0000000000000000 15.0000000000000000 16.0000000000000000 4 1 1 1 1 1 1 1 1 1 1 1 1 1 1 1 4 
3 'General'  17 0.0000000000000000 1.0000000000000000 2.0000000000000000 3.0000000000000000 4.0000000000000000 5.0000000000000000 6.0000000000000000 7.0000000000000000 8.0000000000000000 9.0000000000000000 10.0000000000000000 11.0000000000000000 12.0000000000000000 13.0000000000000000 14.0000000000000000 15.0000000000000000 16.0000000000000000 4 1 1 1 1 1 1 1 1 1 1 1 1 1 1 1 4 
1730 1731 1732 1733 1734 1735 1736 1737 1738 1739 1740 1741 1742 1743 1744 1745 1746 1747 1388 1748 1749 1750 1751 1752 1753 1754 1755 1756 1757 1758 1759 1760 1761 1762 1763 1764 1765 1406 1766 1767 1768 1769 1770 1771 1772 1773 1774 1775 1776 1777 1778 1779 1780 1781 1782 1783 1424 1784 1785 1786 1787 1788 1789 1790 1791 1792 1793 1794 1795 1796 1797 1798 1799 1800 1801 1442 1802 1803 1804 1805 1806 1807 1808 1809 1810 1811 1812 1813 1814 1815 1816 1817 1818 1819 1460 1820 1821 1822 1823 1824 1825 1826 1827 1828 1829 1830 1831 1832 1833 1834 1835 1836 1837 1478 1838 1839 1840 1841 1842 1843 1844 1845 1846 1847 1848 1849 1850 1851 1852 1853 1854 1855 1496 1856 1857 1858 1859 1860 1861 1862 1863 1864 1865 1866 1867 1868 1869 1870 1871 1872 1873 1514 1874 1875 1876 1877 1878 1879 1880 1881 1882 1883 1884 1885 1886 1887 1888 1889 1890 1891 1532 1892 1893 1894 1895 1896 1897 1898 1899 1900 1901 1902 1903 1904 1905 1906 1907 1908 1909 1550 1910 1911 1912 1913 1914 1915 1916 1917 1918 1919 1920 1921 1922 1923 1924 1925 1926 1927 1568 1928 1929 1930 1931 1932 1933 1934 1935 1936 1937 1938 1939 1940 1941 1942 1943 1944 1945 1586 1946 1947 1948 1949 1950 1951 1952 1953 1954 1955 1956 1957 1958 1959 1960 1961 1962 1963 1604 1964 1965 1966 1967 1968 1969 1970 1971 1972 1973 1974 1975 1976 1977 1978 1979 1980 1981 1622 1982 1983 1984 1985 1986 1987 1988 1989 1990 1991 1992 1993 1994 1995 1996 1997 1998 1999 1640 2000 2001 2002 2003 2004 2005 2006 2007 2008 2009 2010 2011 2012 2013 2014 2015 2016 2017 1658 2018 2019 2020 2021 2022 2023 2024 2025 2026 2027 2028 2029 2030 2031 2032 2033 2034 2035 1676 2036 2037 2038 2039 2040 2041 2042 2043 2044 2045 2046 2047 2048 2049 2050 2051 2052 2053 1694 2054 2055 2056 2057 2058 2059 2060 2061 2062 2063 2064 2065 2066 2067 2068 2069 2070 2071 1712

7 'bspsurf' 1 
3 'General'  17 0.0000000000000000 1.0000000000000000 2.0000000000000000 3.0000000000000000 4.0000000000000000 5.0000000000000000 6.0000000000000000 7.0000000000000000 8.0000000000000000 9.0000000000000000 10.0000000000000000 11.0000000000000000 12.0000000000000000 13.0000000000000000 14.0000000000000000 15.0000000000000000 16.0000000000000000 4 1 1 1 1 1 1 1 1 1 1 1 1 1 1 1 4 
3 'General'  17 0.0000000000000000 1.0000000000000000 2.0000000000000000 3.0000000000000000 4.0000000000000000 5.0000000000000000 6.0000000000000000 7.0000000000000000 8.0000000000000000 9.0000000000000000 10.0000000000000000 11.0000000000000000 12.0000000000000000 13.0000000000000000 14.0000000000000000 15.0000000000000000 16.0000000000000000 4 1 1 1 1 1 1 1 1 1 1 1 1 1 1 1 4 
19 2072 2073 2074 2075 2076 2077 2078 2079 2080 2081 2082 2083 2084 2085 2086 2087 2088 2089 38 2090 2091 2092 2093 2094 2095 2096 2097 2098 2099 2100 2101 2102 2103 2104 2105 2106 2107 57 2108 2109 2110 2111 2112 2113 2114 2115 2116 2117 2118 2119 2120 2121 2122 2123 2124 2125 76 2126 2127 2128 2129 2130 2131 2132 2133 2134 2135 2136 2137 2138 2139 2140 2141 2142 2143 95 2144 2145 2146 2147 2148 2149 2150 2151 2152 2153 2154 2155 2156 2157 2158 2159 2160 2161 114 2162 2163 2164 2165 2166 2167 2168 2169 2170 2171 2172 2173 2174 2175 2176 2177 2178 2179 133 2180 2181 2182 2183 2184 2185 2186 2187 2188 2189 2190 2191 2192 2193 2194 2195 2196 2197 152 2198 2199 2200 2201 2202 2203 2204 2205 2206 2207 2208 2209 2210 2211 2212 2213 2214 2215 171 2216 2217 2218 2219 2220 2221 2222 2223 2224 2225 2226 2227 2228 2229 2230 2231 2232 2233 190 2234 2235 2236 2237 2238 2239 2240 2241 2242 2243 2244 2245 2246 2247 2248 2249 2250 2251 209 2252 2253 2254 2255 2256 2257 2258 2259 2260 2261 2262 2263 2264 2265 2266 2267 2268 2269 228 2270 2271 2272 2273 2274 2275 2276 2277 2278 2279 2280 2281 2282 2283 2284 2285 2286 2287 247 2288 2289 2290 2291 2292 2293 2294 2295 2296 2297 2298 2299 2300 2301 2302 2303 2304 2305 266 2306 2307 2308 2309 2310 2311 2312 2313 2314 2315 2316 2317 2318 2319 2320 2321 2322 2323 285 2324 2325 2326 2327 2328 2329 2330 2331 2332 2333 2334 2335 2336 2337 2338 2339 2340 2341 304 2342 2343 2344 2345 2346 2347 2348 2349 2350 2351 2352 2353 2354 2355 2356 2357 2358 2359 323 2360 2361 2362 2363 2364 2365 2366 2367 2368 2369 2370 2371 2372 2373 2374 2375 2376 2377 342 2378 2379 2380 2381 2382 2383 2384 2385 2386 2387 2388 2389 2390 2391 2392 2393 2394 2395 361 2396 2397 2398 2399 2400 2401 2402 2403 2404 2405 2406 2407 2408 2409 2410 2411 2412 2413

8 'bspsurf' 1 
3 'General'  17 0.0000000000000000 1.0000000000000000 2.0000000000000000 3.0000000000000000 4.0000000000000000 5.0000000000000000 6.0000000000000000 7.0000000000000000 8.0000000000000000 9.0000000000000000 10.0000000000000000 11.0000000000000000 12.0000000000000000 13.0000000000000000 14.0000000000000000 15.0000000000000000 16.0000000000000000 4 1 1 1 1 1 1 1 1 1 1 1 1 1 1 1 4 
3 'General'  17 0.0000000000000000 1.0000000000000000 2.0000000000000000 3.0000000000000000 4.0000000000000000 5.0000000000000000 6.0000000000000000 7.0000000000000000 8.0000000000000000 9.0000000000000000 10.0000000000000000 11.0000000000000000 12.0000000000000000 13.0000000000000000 14.0000000000000000 15.0000000000000000 16.0000000000000000 4 1 1 1 1 1 1 1 1 1 1 1 1 1 1 1 4 
2089 2414 2415 2416 2417 2418 2419 2420 2421 2422 2423 2424 2425 2426 2427 2428 2429 2430 1730 2107 2431 2432 2433 2434 2435 2436 2437 2438 2439 2440 2441 2442 2443 2444 2445 2446 2447 1748 2125 2448 2449 2450 2451 2452 2453 2454 2455 2456 2457 2458 2459 2460 2461 2462 2463 2464 1766 2143 2465 2466 2467 2468 2469 2470 2471 2472 2473 2474 2475 2476 2477 2478 2479 2480 2481 1784 2161 2482 2483 2484 2485 2486 2487 2488 2489 2490 2491 2492 2493 2494 2495 2496 2497 2498 1802 2179 2499 2500 2501 2502 2503 2504 2505 2506 2507 2508 2509 2510 2511 2512 2513 2514 2515 1820 2197 2516 2517 2518 2519 2520 2521 2522 2523 2524 2525 2526 2527 2528 2529 2530 2531 2532 1838 2215 2533 2534 2535 2536 2537 2538 2539 2540 2541 2542 2543 2544 2545 2546 2547 2548 2549 1856 2233 2550 2551 2552 2553 2554 2555 2556 2557 2558 2559 2560 2561 2562 2563 2564 2565 2566 1874 2251 2567 2568 2569 2570 2571 2572 2573 2574 2575 2576 2577 2578 2579 2580 2581 2582 2583 1892 2269 2584 2585 2586 2587 2588 2589 2590 2591 2592 2593 2594 2595 2596 2597 2598 2599 2600 1910 2287 2601 2602 2603 2604 2605 2606 2607 2608 2609 2610 2611 2612 2613 2614 2615 2616 2617 1928 2305 2618 2619 2620 2621 2622 2623 2624 2625 2626 2627 2628 2629 2630 2631 2632 2633 2634 1946 2323 2635 2636 2637 2638 2639 2640 2641 2642 2643 2644 2645 2646 2647 2648 2649 2650 2651 1964 2341 2652 2653 2654 2655 2656 2657 2658 2659 2660 2661 2662 2663 2664 2665 2666 2667 2668 1982 2359 2669 2670 2671 2672 2673 2674 2675 2676 2677 2678 2679 2680 2681 2682 2683 2684 2685 2000 2377 2686 2687 2688 2689 2690 2691 2692 2693 2694 2695 2696 2697 2698 2699 2700 2701 2702 2018 2395 2703 2704 2705 2706 2707 2708 2709 2710 2711 2712 2713 2714 2715 2716 2717 2718 2719 2036 2413 2720 2721 2722 2723 2724 2725 2726 2727 2728 2729 2730 2731 2732 2733 2734 2735 2736 2054

%MATERIAL
1

%MATERIAL.FGM
1
1          70e9  0.3  2707.0  380e9  0.3  3800.0   2 

%SECTION
1

