%HEADER
This file was generated by Patch Generation Tool v1.0

%HEADER.ANALYSIS.ALGORITHM 
'LinearStability' 
'ModalAnalysis'
 
%HEADER.ANALYSIS.MAXIMUM.ITERATIONS 
100 
 
%HEADER.ANALYSIS.TOLERANCE 
1.0e-05 

%NODE
1183

%NODE.COORD
1183
1    0.000000000000000 0.000000000000000 0.000000000000000
2    0.333333300000000 0.000000000000000 0.000000000000000
3    0.999999920000000 0.000000000000000 0.000000000000000
4    1.999999898000000 0.000000000000000 0.000000000000000
5    2.999999912000000 0.000000000000000 0.000000000000000
6    3.999999950000000 0.000000000000000 0.000000000000000
7    5.000000000000000 0.000000000000000 0.000000000000000
8    6.000000050000000 0.000000000000000 0.000000000000000
9    7.000000087999999 0.000000000000000 0.000000000000000
10   8.000000102000000 0.000000000000000 0.000000000000000
11   9.000000080000000 0.000000000000000 0.000000000000000
12   9.666666700000000 0.000000000000000 0.000000000000000
13   10.000000000000000 0.000000000000000 0.000000000000000
14   0.000000000000000 0.333333300000000 0.000000000000000
15   0.333333300000000 0.333333300000000 0.000000000000000
16   0.999999920000000 0.333333300000000 0.000000000000000
17   1.999999898000000 0.333333300000000 0.000000000000000
18   2.999999912000000 0.333333300000000 0.000000000000000
19   3.999999950000000 0.333333300000000 0.000000000000000
20   5.000000000000000 0.333333300000000 0.000000000000000
21   6.000000050000000 0.333333300000000 0.000000000000000
22   7.000000087999999 0.333333300000000 0.000000000000000
23   8.000000102000000 0.333333300000000 0.000000000000000
24   9.000000080000000 0.333333300000000 0.000000000000000
25   9.666666700000000 0.333333300000000 0.000000000000000
26   10.000000000000000 0.333333300000000 0.000000000000000
27   0.000000000000000 0.999999920000000 0.000000000000000
28   0.333333300000000 0.999999920000000 0.000000000000000
29   0.999999920000000 0.999999920000000 0.000000000000000
30   1.999999898000000 0.999999920000000 0.000000000000000
31   2.999999912000000 0.999999920000000 0.000000000000000
32   3.999999950000000 0.999999920000000 0.000000000000000
33   5.000000000000000 0.999999920000000 0.000000000000000
34   6.000000050000000 0.999999920000000 0.000000000000000
35   7.000000087999999 0.999999920000000 0.000000000000000
36   8.000000102000000 0.999999920000000 0.000000000000000
37   9.000000080000000 0.999999920000000 0.000000000000000
38   9.666666700000000 0.999999920000000 0.000000000000000
39   10.000000000000000 0.999999920000000 0.000000000000000
40   0.000000000000000 1.999999898000000 0.000000000000000
41   0.333333300000000 1.999999898000000 0.000000000000000
42   0.999999920000000 1.999999898000000 0.000000000000000
43   1.999999898000000 1.999999898000000 0.000000000000000
44   2.999999912000000 1.999999898000000 0.000000000000000
45   3.999999950000000 1.999999898000000 0.000000000000000
46   5.000000000000000 1.999999898000000 0.000000000000000
47   6.000000050000000 1.999999898000000 0.000000000000000
48   7.000000087999999 1.999999898000000 0.000000000000000
49   8.000000102000000 1.999999898000000 0.000000000000000
50   9.000000080000000 1.999999898000000 0.000000000000000
51   9.666666700000000 1.999999898000000 0.000000000000000
52   10.000000000000000 1.999999898000000 0.000000000000000
53   0.000000000000000 2.999999912000000 0.000000000000000
54   0.333333300000000 2.999999912000000 0.000000000000000
55   0.999999920000000 2.999999912000000 0.000000000000000
56   1.999999898000000 2.999999912000000 0.000000000000000
57   2.999999912000000 2.999999912000000 0.000000000000000
58   3.999999950000000 2.999999912000000 0.000000000000000
59   5.000000000000000 2.999999912000000 0.000000000000000
60   6.000000050000000 2.999999912000000 0.000000000000000
61   7.000000087999999 2.999999912000000 0.000000000000000
62   8.000000102000000 2.999999912000000 0.000000000000000
63   9.000000080000000 2.999999912000000 0.000000000000000
64   9.666666700000000 2.999999912000000 0.000000000000000
65   10.000000000000000 2.999999912000000 0.000000000000000
66   0.000000000000000 3.999999950000000 0.000000000000000
67   0.333333300000000 3.999999950000000 0.000000000000000
68   0.999999920000000 3.999999950000000 0.000000000000000
69   1.999999898000000 3.999999950000000 0.000000000000000
70   2.999999912000000 3.999999950000000 0.000000000000000
71   3.999999950000000 3.999999950000000 0.000000000000000
72   5.000000000000000 3.999999950000000 0.000000000000000
73   6.000000050000000 3.999999950000000 0.000000000000000
74   7.000000087999999 3.999999950000000 0.000000000000000
75   8.000000102000000 3.999999950000000 0.000000000000000
76   9.000000080000000 3.999999950000000 0.000000000000000
77   9.666666700000000 3.999999950000000 0.000000000000000
78   10.000000000000000 3.999999950000000 0.000000000000000
79   0.000000000000000 5.000000000000000 0.000000000000000
80   0.333333300000000 5.000000000000000 0.000000000000000
81   0.999999920000000 5.000000000000000 0.000000000000000
82   1.999999898000000 5.000000000000000 0.000000000000000
83   2.999999912000000 5.000000000000000 0.000000000000000
84   3.999999950000000 5.000000000000000 0.000000000000000
85   5.000000000000000 5.000000000000000 0.000000000000000
86   6.000000050000000 5.000000000000000 0.000000000000000
87   7.000000087999999 5.000000000000000 0.000000000000000
88   8.000000102000000 5.000000000000000 0.000000000000000
89   9.000000080000000 5.000000000000000 0.000000000000000
90   9.666666700000000 5.000000000000000 0.000000000000000
91   10.000000000000000 5.000000000000000 0.000000000000000
92   0.000000000000000 6.000000050000000 0.000000000000000
93   0.333333300000000 6.000000050000000 0.000000000000000
94   0.999999920000000 6.000000050000000 0.000000000000000
95   1.999999898000000 6.000000050000000 0.000000000000000
96   2.999999912000000 6.000000050000000 0.000000000000000
97   3.999999950000000 6.000000050000000 0.000000000000000
98   5.000000000000000 6.000000050000000 0.000000000000000
99   6.000000050000000 6.000000050000000 0.000000000000000
100  7.000000087999999 6.000000050000000 0.000000000000000
101  8.000000102000000 6.000000050000000 0.000000000000000
102  9.000000080000000 6.000000050000000 0.000000000000000
103  9.666666700000000 6.000000050000000 0.000000000000000
104  10.000000000000000 6.000000050000000 0.000000000000000
105  0.000000000000000 7.000000087999999 0.000000000000000
106  0.333333300000000 7.000000087999999 0.000000000000000
107  0.999999920000000 7.000000087999999 0.000000000000000
108  1.999999898000000 7.000000087999999 0.000000000000000
109  2.999999912000000 7.000000087999999 0.000000000000000
110  3.999999950000000 7.000000087999999 0.000000000000000
111  5.000000000000000 7.000000087999999 0.000000000000000
112  6.000000050000000 7.000000087999999 0.000000000000000
113  7.000000087999999 7.000000087999999 0.000000000000000
114  8.000000102000000 7.000000087999999 0.000000000000000
115  9.000000080000000 7.000000087999999 0.000000000000000
116  9.666666700000000 7.000000087999999 0.000000000000000
117  10.000000000000000 7.000000087999999 0.000000000000000
118  0.000000000000000 8.000000102000000 0.000000000000000
119  0.333333300000000 8.000000102000000 0.000000000000000
120  0.999999920000000 8.000000102000000 0.000000000000000
121  1.999999898000000 8.000000102000000 0.000000000000000
122  2.999999912000000 8.000000102000000 0.000000000000000
123  3.999999950000000 8.000000102000000 0.000000000000000
124  5.000000000000000 8.000000102000000 0.000000000000000
125  6.000000050000000 8.000000102000000 0.000000000000000
126  7.000000087999999 8.000000102000000 0.000000000000000
127  8.000000102000000 8.000000102000000 0.000000000000000
128  9.000000080000000 8.000000102000000 0.000000000000000
129  9.666666700000000 8.000000102000000 0.000000000000000
130  10.000000000000000 8.000000102000000 0.000000000000000
131  0.000000000000000 9.000000080000000 0.000000000000000
132  0.333333300000000 9.000000080000000 0.000000000000000
133  0.999999920000000 9.000000080000000 0.000000000000000
134  1.999999898000000 9.000000080000000 0.000000000000000
135  2.999999912000000 9.000000080000000 0.000000000000000
136  3.999999950000000 9.000000080000000 0.000000000000000
137  5.000000000000000 9.000000080000000 0.000000000000000
138  6.000000050000000 9.000000080000000 0.000000000000000
139  7.000000087999999 9.000000080000000 0.000000000000000
140  8.000000102000000 9.000000080000000 0.000000000000000
141  9.000000080000000 9.000000080000000 0.000000000000000
142  9.666666700000000 9.000000080000000 0.000000000000000
143  10.000000000000000 9.000000080000000 0.000000000000000
144  0.000000000000000 9.666666700000000 0.000000000000000
145  0.333333300000000 9.666666700000000 0.000000000000000
146  0.999999920000000 9.666666700000000 0.000000000000000
147  1.999999898000000 9.666666700000000 0.000000000000000
148  2.999999912000000 9.666666700000000 0.000000000000000
149  3.999999950000000 9.666666700000000 0.000000000000000
150  5.000000000000000 9.666666700000000 0.000000000000000
151  6.000000050000000 9.666666700000000 0.000000000000000
152  7.000000087999999 9.666666700000000 0.000000000000000
153  8.000000102000000 9.666666700000000 0.000000000000000
154  9.000000080000000 9.666666700000000 0.000000000000000
155  9.666666700000000 9.666666700000000 0.000000000000000
156  10.000000000000000 9.666666700000000 0.000000000000000
157  0.000000000000000 10.000000000000000 0.000000000000000
158  0.333333300000000 10.000000000000000 0.000000000000000
159  0.999999920000000 10.000000000000000 0.000000000000000
160  1.999999898000000 10.000000000000000 0.000000000000000
161  2.999999912000000 10.000000000000000 0.000000000000000
162  3.999999950000000 10.000000000000000 0.000000000000000
163  5.000000000000000 10.000000000000000 0.000000000000000
164  6.000000050000000 10.000000000000000 0.000000000000000
165  7.000000087999999 10.000000000000000 0.000000000000000
166  8.000000102000000 10.000000000000000 0.000000000000000
167  9.000000080000000 10.000000000000000 0.000000000000000
168  9.666666700000000 10.000000000000000 0.000000000000000
169  10.000000000000000 10.000000000000000 0.000000000000000
170  0.000000000000000 0.000000000000000 0.166667000000000
171  0.333333300000000 0.000000000000000 0.166667000000000
172  0.999999920000000 0.000000000000000 0.166667000000000
173  1.999999898000000 0.000000000000000 0.166667000000000
174  2.999999912000000 0.000000000000000 0.166667000000000
175  3.999999950000000 0.000000000000000 0.166667000000000
176  5.000000000000000 0.000000000000000 0.166667000000000
177  6.000000050000000 0.000000000000000 0.166667000000000
178  7.000000087999999 0.000000000000000 0.166667000000000
179  8.000000102000000 0.000000000000000 0.166667000000000
180  9.000000080000000 0.000000000000000 0.166667000000000
181  9.666666700000000 0.000000000000000 0.166667000000000
182  10.000000000000000 0.000000000000000 0.166667000000000
183  0.000000000000000 0.333333300000000 0.166667000000000
184  0.333333300000000 0.333333300000000 0.166667000000000
185  0.999999920000000 0.333333300000000 0.166667000000000
186  1.999999898000000 0.333333300000000 0.166667000000000
187  2.999999912000000 0.333333300000000 0.166667000000000
188  3.999999950000000 0.333333300000000 0.166667000000000
189  5.000000000000000 0.333333300000000 0.166667000000000
190  6.000000050000000 0.333333300000000 0.166667000000000
191  7.000000087999999 0.333333300000000 0.166667000000000
192  8.000000102000000 0.333333300000000 0.166667000000000
193  9.000000080000000 0.333333300000000 0.166667000000000
194  9.666666700000000 0.333333300000000 0.166667000000000
195  10.000000000000000 0.333333300000000 0.166667000000000
196  0.000000000000000 0.999999920000000 0.166667000000000
197  0.333333300000000 0.999999920000000 0.166667000000000
198  0.999999920000000 0.999999920000000 0.166667000000000
199  1.999999898000000 0.999999920000000 0.166667000000000
200  2.999999912000000 0.999999920000000 0.166667000000000
201  3.999999950000000 0.999999920000000 0.166667000000000
202  5.000000000000000 0.999999920000000 0.166667000000000
203  6.000000050000000 0.999999920000000 0.166667000000000
204  7.000000087999999 0.999999920000000 0.166667000000000
205  8.000000102000000 0.999999920000000 0.166667000000000
206  9.000000080000000 0.999999920000000 0.166667000000000
207  9.666666700000000 0.999999920000000 0.166667000000000
208  10.000000000000000 0.999999920000000 0.166667000000000
209  0.000000000000000 1.999999898000000 0.166667000000000
210  0.333333300000000 1.999999898000000 0.166667000000000
211  0.999999920000000 1.999999898000000 0.166667000000000
212  1.999999898000000 1.999999898000000 0.166667000000000
213  2.999999912000000 1.999999898000000 0.166667000000000
214  3.999999950000000 1.999999898000000 0.166667000000000
215  5.000000000000000 1.999999898000000 0.166667000000000
216  6.000000050000000 1.999999898000000 0.166667000000000
217  7.000000087999999 1.999999898000000 0.166667000000000
218  8.000000102000000 1.999999898000000 0.166667000000000
219  9.000000080000000 1.999999898000000 0.166667000000000
220  9.666666700000000 1.999999898000000 0.166667000000000
221  10.000000000000000 1.999999898000000 0.166667000000000
222  0.000000000000000 2.999999912000000 0.166667000000000
223  0.333333300000000 2.999999912000000 0.166667000000000
224  0.999999920000000 2.999999912000000 0.166667000000000
225  1.999999898000000 2.999999912000000 0.166667000000000
226  2.999999912000000 2.999999912000000 0.166667000000000
227  3.999999950000000 2.999999912000000 0.166667000000000
228  5.000000000000000 2.999999912000000 0.166667000000000
229  6.000000050000000 2.999999912000000 0.166667000000000
230  7.000000087999999 2.999999912000000 0.166667000000000
231  8.000000102000000 2.999999912000000 0.166667000000000
232  9.000000080000000 2.999999912000000 0.166667000000000
233  9.666666700000000 2.999999912000000 0.166667000000000
234  10.000000000000000 2.999999912000000 0.166667000000000
235  0.000000000000000 3.999999950000000 0.166667000000000
236  0.333333300000000 3.999999950000000 0.166667000000000
237  0.999999920000000 3.999999950000000 0.166667000000000
238  1.999999898000000 3.999999950000000 0.166667000000000
239  2.999999912000000 3.999999950000000 0.166667000000000
240  3.999999950000000 3.999999950000000 0.166667000000000
241  5.000000000000000 3.999999950000000 0.166667000000000
242  6.000000050000000 3.999999950000000 0.166667000000000
243  7.000000087999999 3.999999950000000 0.166667000000000
244  8.000000102000000 3.999999950000000 0.166667000000000
245  9.000000080000000 3.999999950000000 0.166667000000000
246  9.666666700000000 3.999999950000000 0.166667000000000
247  10.000000000000000 3.999999950000000 0.166667000000000
248  0.000000000000000 5.000000000000000 0.166667000000000
249  0.333333300000000 5.000000000000000 0.166667000000000
250  0.999999920000000 5.000000000000000 0.166667000000000
251  1.999999898000000 5.000000000000000 0.166667000000000
252  2.999999912000000 5.000000000000000 0.166667000000000
253  3.999999950000000 5.000000000000000 0.166667000000000
254  5.000000000000000 5.000000000000000 0.166667000000000
255  6.000000050000000 5.000000000000000 0.166667000000000
256  7.000000087999999 5.000000000000000 0.166667000000000
257  8.000000102000000 5.000000000000000 0.166667000000000
258  9.000000080000000 5.000000000000000 0.166667000000000
259  9.666666700000000 5.000000000000000 0.166667000000000
260  10.000000000000000 5.000000000000000 0.166667000000000
261  0.000000000000000 6.000000050000000 0.166667000000000
262  0.333333300000000 6.000000050000000 0.166667000000000
263  0.999999920000000 6.000000050000000 0.166667000000000
264  1.999999898000000 6.000000050000000 0.166667000000000
265  2.999999912000000 6.000000050000000 0.166667000000000
266  3.999999950000000 6.000000050000000 0.166667000000000
267  5.000000000000000 6.000000050000000 0.166667000000000
268  6.000000050000000 6.000000050000000 0.166667000000000
269  7.000000087999999 6.000000050000000 0.166667000000000
270  8.000000102000000 6.000000050000000 0.166667000000000
271  9.000000080000000 6.000000050000000 0.166667000000000
272  9.666666700000000 6.000000050000000 0.166667000000000
273  10.000000000000000 6.000000050000000 0.166667000000000
274  0.000000000000000 7.000000087999999 0.166667000000000
275  0.333333300000000 7.000000087999999 0.166667000000000
276  0.999999920000000 7.000000087999999 0.166667000000000
277  1.999999898000000 7.000000087999999 0.166667000000000
278  2.999999912000000 7.000000087999999 0.166667000000000
279  3.999999950000000 7.000000087999999 0.166667000000000
280  5.000000000000000 7.000000087999999 0.166667000000000
281  6.000000050000000 7.000000087999999 0.166667000000000
282  7.000000087999999 7.000000087999999 0.166667000000000
283  8.000000102000000 7.000000087999999 0.166667000000000
284  9.000000080000000 7.000000087999999 0.166667000000000
285  9.666666700000000 7.000000087999999 0.166667000000000
286  10.000000000000000 7.000000087999999 0.166667000000000
287  0.000000000000000 8.000000102000000 0.166667000000000
288  0.333333300000000 8.000000102000000 0.166667000000000
289  0.999999920000000 8.000000102000000 0.166667000000000
290  1.999999898000000 8.000000102000000 0.166667000000000
291  2.999999912000000 8.000000102000000 0.166667000000000
292  3.999999950000000 8.000000102000000 0.166667000000000
293  5.000000000000000 8.000000102000000 0.166667000000000
294  6.000000050000000 8.000000102000000 0.166667000000000
295  7.000000087999999 8.000000102000000 0.166667000000000
296  8.000000102000000 8.000000102000000 0.166667000000000
297  9.000000080000000 8.000000102000000 0.166667000000000
298  9.666666700000000 8.000000102000000 0.166667000000000
299  10.000000000000000 8.000000102000000 0.166667000000000
300  0.000000000000000 9.000000080000000 0.166667000000000
301  0.333333300000000 9.000000080000000 0.166667000000000
302  0.999999920000000 9.000000080000000 0.166667000000000
303  1.999999898000000 9.000000080000000 0.166667000000000
304  2.999999912000000 9.000000080000000 0.166667000000000
305  3.999999950000000 9.000000080000000 0.166667000000000
306  5.000000000000000 9.000000080000000 0.166667000000000
307  6.000000050000000 9.000000080000000 0.166667000000000
308  7.000000087999999 9.000000080000000 0.166667000000000
309  8.000000102000000 9.000000080000000 0.166667000000000
310  9.000000080000000 9.000000080000000 0.166667000000000
311  9.666666700000000 9.000000080000000 0.166667000000000
312  10.000000000000000 9.000000080000000 0.166667000000000
313  0.000000000000000 9.666666700000000 0.166667000000000
314  0.333333300000000 9.666666700000000 0.166667000000000
315  0.999999920000000 9.666666700000000 0.166667000000000
316  1.999999898000000 9.666666700000000 0.166667000000000
317  2.999999912000000 9.666666700000000 0.166667000000000
318  3.999999950000000 9.666666700000000 0.166667000000000
319  5.000000000000000 9.666666700000000 0.166667000000000
320  6.000000050000000 9.666666700000000 0.166667000000000
321  7.000000087999999 9.666666700000000 0.166667000000000
322  8.000000102000000 9.666666700000000 0.166667000000000
323  9.000000080000000 9.666666700000000 0.166667000000000
324  9.666666700000000 9.666666700000000 0.166667000000000
325  10.000000000000000 9.666666700000000 0.166667000000000
326  0.000000000000000 10.000000000000000 0.166667000000000
327  0.333333300000000 10.000000000000000 0.166667000000000
328  0.999999920000000 10.000000000000000 0.166667000000000
329  1.999999898000000 10.000000000000000 0.166667000000000
330  2.999999912000000 10.000000000000000 0.166667000000000
331  3.999999950000000 10.000000000000000 0.166667000000000
332  5.000000000000000 10.000000000000000 0.166667000000000
333  6.000000050000000 10.000000000000000 0.166667000000000
334  7.000000087999999 10.000000000000000 0.166667000000000
335  8.000000102000000 10.000000000000000 0.166667000000000
336  9.000000080000000 10.000000000000000 0.166667000000000
337  9.666666700000000 10.000000000000000 0.166667000000000
338  10.000000000000000 10.000000000000000 0.166667000000000
339  0.000000000000000 0.000000000000000 0.333334000000000
340  0.333333300000000 0.000000000000000 0.333334000000000
341  0.999999920000000 0.000000000000000 0.333334000000000
342  1.999999898000000 0.000000000000000 0.333334000000000
343  2.999999912000000 0.000000000000000 0.333334000000000
344  3.999999950000000 0.000000000000000 0.333334000000000
345  5.000000000000000 0.000000000000000 0.333334000000000
346  6.000000050000000 0.000000000000000 0.333334000000000
347  7.000000087999999 0.000000000000000 0.333334000000000
348  8.000000102000000 0.000000000000000 0.333334000000000
349  9.000000080000000 0.000000000000000 0.333334000000000
350  9.666666700000000 0.000000000000000 0.333334000000000
351  10.000000000000000 0.000000000000000 0.333334000000000
352  0.000000000000000 0.333333300000000 0.333334000000000
353  0.333333300000000 0.333333300000000 0.333334000000000
354  0.999999920000000 0.333333300000000 0.333334000000000
355  1.999999898000000 0.333333300000000 0.333334000000000
356  2.999999912000000 0.333333300000000 0.333334000000000
357  3.999999950000000 0.333333300000000 0.333334000000000
358  5.000000000000000 0.333333300000000 0.333334000000000
359  6.000000050000000 0.333333300000000 0.333334000000000
360  7.000000087999999 0.333333300000000 0.333334000000000
361  8.000000102000000 0.333333300000000 0.333334000000000
362  9.000000080000000 0.333333300000000 0.333334000000000
363  9.666666700000000 0.333333300000000 0.333334000000000
364  10.000000000000000 0.333333300000000 0.333334000000000
365  0.000000000000000 0.999999920000000 0.333334000000000
366  0.333333300000000 0.999999920000000 0.333334000000000
367  0.999999920000000 0.999999920000000 0.333334000000000
368  1.999999898000000 0.999999920000000 0.333334000000000
369  2.999999912000000 0.999999920000000 0.333334000000000
370  3.999999950000000 0.999999920000000 0.333334000000000
371  5.000000000000000 0.999999920000000 0.333334000000000
372  6.000000050000000 0.999999920000000 0.333334000000000
373  7.000000087999999 0.999999920000000 0.333334000000000
374  8.000000102000000 0.999999920000000 0.333334000000000
375  9.000000080000000 0.999999920000000 0.333334000000000
376  9.666666700000000 0.999999920000000 0.333334000000000
377  10.000000000000000 0.999999920000000 0.333334000000000
378  0.000000000000000 1.999999898000000 0.333334000000000
379  0.333333300000000 1.999999898000000 0.333334000000000
380  0.999999920000000 1.999999898000000 0.333334000000000
381  1.999999898000000 1.999999898000000 0.333334000000000
382  2.999999912000000 1.999999898000000 0.333334000000000
383  3.999999950000000 1.999999898000000 0.333334000000000
384  5.000000000000000 1.999999898000000 0.333334000000000
385  6.000000050000000 1.999999898000000 0.333334000000000
386  7.000000087999999 1.999999898000000 0.333334000000000
387  8.000000102000000 1.999999898000000 0.333334000000000
388  9.000000080000000 1.999999898000000 0.333334000000000
389  9.666666700000000 1.999999898000000 0.333334000000000
390  10.000000000000000 1.999999898000000 0.333334000000000
391  0.000000000000000 2.999999912000000 0.333334000000000
392  0.333333300000000 2.999999912000000 0.333334000000000
393  0.999999920000000 2.999999912000000 0.333334000000000
394  1.999999898000000 2.999999912000000 0.333334000000000
395  2.999999912000000 2.999999912000000 0.333334000000000
396  3.999999950000000 2.999999912000000 0.333334000000000
397  5.000000000000000 2.999999912000000 0.333334000000000
398  6.000000050000000 2.999999912000000 0.333334000000000
399  7.000000087999999 2.999999912000000 0.333334000000000
400  8.000000102000000 2.999999912000000 0.333334000000000
401  9.000000080000000 2.999999912000000 0.333334000000000
402  9.666666700000000 2.999999912000000 0.333334000000000
403  10.000000000000000 2.999999912000000 0.333334000000000
404  0.000000000000000 3.999999950000000 0.333334000000000
405  0.333333300000000 3.999999950000000 0.333334000000000
406  0.999999920000000 3.999999950000000 0.333334000000000
407  1.999999898000000 3.999999950000000 0.333334000000000
408  2.999999912000000 3.999999950000000 0.333334000000000
409  3.999999950000000 3.999999950000000 0.333334000000000
410  5.000000000000000 3.999999950000000 0.333334000000000
411  6.000000050000000 3.999999950000000 0.333334000000000
412  7.000000087999999 3.999999950000000 0.333334000000000
413  8.000000102000000 3.999999950000000 0.333334000000000
414  9.000000080000000 3.999999950000000 0.333334000000000
415  9.666666700000000 3.999999950000000 0.333334000000000
416  10.000000000000000 3.999999950000000 0.333334000000000
417  0.000000000000000 5.000000000000000 0.333334000000000
418  0.333333300000000 5.000000000000000 0.333334000000000
419  0.999999920000000 5.000000000000000 0.333334000000000
420  1.999999898000000 5.000000000000000 0.333334000000000
421  2.999999912000000 5.000000000000000 0.333334000000000
422  3.999999950000000 5.000000000000000 0.333334000000000
423  5.000000000000000 5.000000000000000 0.333334000000000
424  6.000000050000000 5.000000000000000 0.333334000000000
425  7.000000087999999 5.000000000000000 0.333334000000000
426  8.000000102000000 5.000000000000000 0.333334000000000
427  9.000000080000000 5.000000000000000 0.333334000000000
428  9.666666700000000 5.000000000000000 0.333334000000000
429  10.000000000000000 5.000000000000000 0.333334000000000
430  0.000000000000000 6.000000050000000 0.333334000000000
431  0.333333300000000 6.000000050000000 0.333334000000000
432  0.999999920000000 6.000000050000000 0.333334000000000
433  1.999999898000000 6.000000050000000 0.333334000000000
434  2.999999912000000 6.000000050000000 0.333334000000000
435  3.999999950000000 6.000000050000000 0.333334000000000
436  5.000000000000000 6.000000050000000 0.333334000000000
437  6.000000050000000 6.000000050000000 0.333334000000000
438  7.000000087999999 6.000000050000000 0.333334000000000
439  8.000000102000000 6.000000050000000 0.333334000000000
440  9.000000080000000 6.000000050000000 0.333334000000000
441  9.666666700000000 6.000000050000000 0.333334000000000
442  10.000000000000000 6.000000050000000 0.333334000000000
443  0.000000000000000 7.000000087999999 0.333334000000000
444  0.333333300000000 7.000000087999999 0.333334000000000
445  0.999999920000000 7.000000087999999 0.333334000000000
446  1.999999898000000 7.000000087999999 0.333334000000000
447  2.999999912000000 7.000000087999999 0.333334000000000
448  3.999999950000000 7.000000087999999 0.333334000000000
449  5.000000000000000 7.000000087999999 0.333334000000000
450  6.000000050000000 7.000000087999999 0.333334000000000
451  7.000000087999999 7.000000087999999 0.333334000000000
452  8.000000102000000 7.000000087999999 0.333334000000000
453  9.000000080000000 7.000000087999999 0.333334000000000
454  9.666666700000000 7.000000087999999 0.333334000000000
455  10.000000000000000 7.000000087999999 0.333334000000000
456  0.000000000000000 8.000000102000000 0.333334000000000
457  0.333333300000000 8.000000102000000 0.333334000000000
458  0.999999920000000 8.000000102000000 0.333334000000000
459  1.999999898000000 8.000000102000000 0.333334000000000
460  2.999999912000000 8.000000102000000 0.333334000000000
461  3.999999950000000 8.000000102000000 0.333334000000000
462  5.000000000000000 8.000000102000000 0.333334000000000
463  6.000000050000000 8.000000102000000 0.333334000000000
464  7.000000087999999 8.000000102000000 0.333334000000000
465  8.000000102000000 8.000000102000000 0.333334000000000
466  9.000000080000000 8.000000102000000 0.333334000000000
467  9.666666700000000 8.000000102000000 0.333334000000000
468  10.000000000000000 8.000000102000000 0.333334000000000
469  0.000000000000000 9.000000080000000 0.333334000000000
470  0.333333300000000 9.000000080000000 0.333334000000000
471  0.999999920000000 9.000000080000000 0.333334000000000
472  1.999999898000000 9.000000080000000 0.333334000000000
473  2.999999912000000 9.000000080000000 0.333334000000000
474  3.999999950000000 9.000000080000000 0.333334000000000
475  5.000000000000000 9.000000080000000 0.333334000000000
476  6.000000050000000 9.000000080000000 0.333334000000000
477  7.000000087999999 9.000000080000000 0.333334000000000
478  8.000000102000000 9.000000080000000 0.333334000000000
479  9.000000080000000 9.000000080000000 0.333334000000000
480  9.666666700000000 9.000000080000000 0.333334000000000
481  10.000000000000000 9.000000080000000 0.333334000000000
482  0.000000000000000 9.666666700000000 0.333334000000000
483  0.333333300000000 9.666666700000000 0.333334000000000
484  0.999999920000000 9.666666700000000 0.333334000000000
485  1.999999898000000 9.666666700000000 0.333334000000000
486  2.999999912000000 9.666666700000000 0.333334000000000
487  3.999999950000000 9.666666700000000 0.333334000000000
488  5.000000000000000 9.666666700000000 0.333334000000000
489  6.000000050000000 9.666666700000000 0.333334000000000
490  7.000000087999999 9.666666700000000 0.333334000000000
491  8.000000102000000 9.666666700000000 0.333334000000000
492  9.000000080000000 9.666666700000000 0.333334000000000
493  9.666666700000000 9.666666700000000 0.333334000000000
494  10.000000000000000 9.666666700000000 0.333334000000000
495  0.000000000000000 10.000000000000000 0.333334000000000
496  0.333333300000000 10.000000000000000 0.333334000000000
497  0.999999920000000 10.000000000000000 0.333334000000000
498  1.999999898000000 10.000000000000000 0.333334000000000
499  2.999999912000000 10.000000000000000 0.333334000000000
500  3.999999950000000 10.000000000000000 0.333334000000000
501  5.000000000000000 10.000000000000000 0.333334000000000
502  6.000000050000000 10.000000000000000 0.333334000000000
503  7.000000087999999 10.000000000000000 0.333334000000000
504  8.000000102000000 10.000000000000000 0.333334000000000
505  9.000000080000000 10.000000000000000 0.333334000000000
506  9.666666700000000 10.000000000000000 0.333334000000000
507  10.000000000000000 10.000000000000000 0.333334000000000
508  0.000000000000000 0.000000000000000 0.500000000000000
509  0.333333300000000 0.000000000000000 0.500000000000000
510  0.999999920000000 0.000000000000000 0.500000000000000
511  1.999999898000000 0.000000000000000 0.500000000000000
512  2.999999912000000 0.000000000000000 0.500000000000000
513  3.999999950000000 0.000000000000000 0.500000000000000
514  5.000000000000000 0.000000000000000 0.500000000000000
515  6.000000050000000 0.000000000000000 0.500000000000000
516  7.000000087999999 0.000000000000000 0.500000000000000
517  8.000000102000000 0.000000000000000 0.500000000000000
518  9.000000080000000 0.000000000000000 0.500000000000000
519  9.666666700000000 0.000000000000000 0.500000000000000
520  10.000000000000000 0.000000000000000 0.500000000000000
521  0.000000000000000 0.333333300000000 0.500000000000000
522  0.333333300000000 0.333333300000000 0.500000000000000
523  0.999999920000000 0.333333300000000 0.500000000000000
524  1.999999898000000 0.333333300000000 0.500000000000000
525  2.999999912000000 0.333333300000000 0.500000000000000
526  3.999999950000000 0.333333300000000 0.500000000000000
527  5.000000000000000 0.333333300000000 0.500000000000000
528  6.000000050000000 0.333333300000000 0.500000000000000
529  7.000000087999999 0.333333300000000 0.500000000000000
530  8.000000102000000 0.333333300000000 0.500000000000000
531  9.000000080000000 0.333333300000000 0.500000000000000
532  9.666666700000000 0.333333300000000 0.500000000000000
533  10.000000000000000 0.333333300000000 0.500000000000000
534  0.000000000000000 0.999999920000000 0.500000000000000
535  0.333333300000000 0.999999920000000 0.500000000000000
536  0.999999920000000 0.999999920000000 0.500000000000000
537  1.999999898000000 0.999999920000000 0.500000000000000
538  2.999999912000000 0.999999920000000 0.500000000000000
539  3.999999950000000 0.999999920000000 0.500000000000000
540  5.000000000000000 0.999999920000000 0.500000000000000
541  6.000000050000000 0.999999920000000 0.500000000000000
542  7.000000087999999 0.999999920000000 0.500000000000000
543  8.000000102000000 0.999999920000000 0.500000000000000
544  9.000000080000000 0.999999920000000 0.500000000000000
545  9.666666700000000 0.999999920000000 0.500000000000000
546  10.000000000000000 0.999999920000000 0.500000000000000
547  0.000000000000000 1.999999898000000 0.500000000000000
548  0.333333300000000 1.999999898000000 0.500000000000000
549  0.999999920000000 1.999999898000000 0.500000000000000
550  1.999999898000000 1.999999898000000 0.500000000000000
551  2.999999912000000 1.999999898000000 0.500000000000000
552  3.999999950000000 1.999999898000000 0.500000000000000
553  5.000000000000000 1.999999898000000 0.500000000000000
554  6.000000050000000 1.999999898000000 0.500000000000000
555  7.000000087999999 1.999999898000000 0.500000000000000
556  8.000000102000000 1.999999898000000 0.500000000000000
557  9.000000080000000 1.999999898000000 0.500000000000000
558  9.666666700000000 1.999999898000000 0.500000000000000
559  10.000000000000000 1.999999898000000 0.500000000000000
560  0.000000000000000 2.999999912000000 0.500000000000000
561  0.333333300000000 2.999999912000000 0.500000000000000
562  0.999999920000000 2.999999912000000 0.500000000000000
563  1.999999898000000 2.999999912000000 0.500000000000000
564  2.999999912000000 2.999999912000000 0.500000000000000
565  3.999999950000000 2.999999912000000 0.500000000000000
566  5.000000000000000 2.999999912000000 0.500000000000000
567  6.000000050000000 2.999999912000000 0.500000000000000
568  7.000000087999999 2.999999912000000 0.500000000000000
569  8.000000102000000 2.999999912000000 0.500000000000000
570  9.000000080000000 2.999999912000000 0.500000000000000
571  9.666666700000000 2.999999912000000 0.500000000000000
572  10.000000000000000 2.999999912000000 0.500000000000000
573  0.000000000000000 3.999999950000000 0.500000000000000
574  0.333333300000000 3.999999950000000 0.500000000000000
575  0.999999920000000 3.999999950000000 0.500000000000000
576  1.999999898000000 3.999999950000000 0.500000000000000
577  2.999999912000000 3.999999950000000 0.500000000000000
578  3.999999950000000 3.999999950000000 0.500000000000000
579  5.000000000000000 3.999999950000000 0.500000000000000
580  6.000000050000000 3.999999950000000 0.500000000000000
581  7.000000087999999 3.999999950000000 0.500000000000000
582  8.000000102000000 3.999999950000000 0.500000000000000
583  9.000000080000000 3.999999950000000 0.500000000000000
584  9.666666700000000 3.999999950000000 0.500000000000000
585  10.000000000000000 3.999999950000000 0.500000000000000
586  0.000000000000000 5.000000000000000 0.500000000000000
587  0.333333300000000 5.000000000000000 0.500000000000000
588  0.999999920000000 5.000000000000000 0.500000000000000
589  1.999999898000000 5.000000000000000 0.500000000000000
590  2.999999912000000 5.000000000000000 0.500000000000000
591  3.999999950000000 5.000000000000000 0.500000000000000
592  5.000000000000000 5.000000000000000 0.500000000000000
593  6.000000050000000 5.000000000000000 0.500000000000000
594  7.000000087999999 5.000000000000000 0.500000000000000
595  8.000000102000000 5.000000000000000 0.500000000000000
596  9.000000080000000 5.000000000000000 0.500000000000000
597  9.666666700000000 5.000000000000000 0.500000000000000
598  10.000000000000000 5.000000000000000 0.500000000000000
599  0.000000000000000 6.000000050000000 0.500000000000000
600  0.333333300000000 6.000000050000000 0.500000000000000
601  0.999999920000000 6.000000050000000 0.500000000000000
602  1.999999898000000 6.000000050000000 0.500000000000000
603  2.999999912000000 6.000000050000000 0.500000000000000
604  3.999999950000000 6.000000050000000 0.500000000000000
605  5.000000000000000 6.000000050000000 0.500000000000000
606  6.000000050000000 6.000000050000000 0.500000000000000
607  7.000000087999999 6.000000050000000 0.500000000000000
608  8.000000102000000 6.000000050000000 0.500000000000000
609  9.000000080000000 6.000000050000000 0.500000000000000
610  9.666666700000000 6.000000050000000 0.500000000000000
611  10.000000000000000 6.000000050000000 0.500000000000000
612  0.000000000000000 7.000000087999999 0.500000000000000
613  0.333333300000000 7.000000087999999 0.500000000000000
614  0.999999920000000 7.000000087999999 0.500000000000000
615  1.999999898000000 7.000000087999999 0.500000000000000
616  2.999999912000000 7.000000087999999 0.500000000000000
617  3.999999950000000 7.000000087999999 0.500000000000000
618  5.000000000000000 7.000000087999999 0.500000000000000
619  6.000000050000000 7.000000087999999 0.500000000000000
620  7.000000087999999 7.000000087999999 0.500000000000000
621  8.000000102000000 7.000000087999999 0.500000000000000
622  9.000000080000000 7.000000087999999 0.500000000000000
623  9.666666700000000 7.000000087999999 0.500000000000000
624  10.000000000000000 7.000000087999999 0.500000000000000
625  0.000000000000000 8.000000102000000 0.500000000000000
626  0.333333300000000 8.000000102000000 0.500000000000000
627  0.999999920000000 8.000000102000000 0.500000000000000
628  1.999999898000000 8.000000102000000 0.500000000000000
629  2.999999912000000 8.000000102000000 0.500000000000000
630  3.999999950000000 8.000000102000000 0.500000000000000
631  5.000000000000000 8.000000102000000 0.500000000000000
632  6.000000050000000 8.000000102000000 0.500000000000000
633  7.000000087999999 8.000000102000000 0.500000000000000
634  8.000000102000000 8.000000102000000 0.500000000000000
635  9.000000080000000 8.000000102000000 0.500000000000000
636  9.666666700000000 8.000000102000000 0.500000000000000
637  10.000000000000000 8.000000102000000 0.500000000000000
638  0.000000000000000 9.000000080000000 0.500000000000000
639  0.333333300000000 9.000000080000000 0.500000000000000
640  0.999999920000000 9.000000080000000 0.500000000000000
641  1.999999898000000 9.000000080000000 0.500000000000000
642  2.999999912000000 9.000000080000000 0.500000000000000
643  3.999999950000000 9.000000080000000 0.500000000000000
644  5.000000000000000 9.000000080000000 0.500000000000000
645  6.000000050000000 9.000000080000000 0.500000000000000
646  7.000000087999999 9.000000080000000 0.500000000000000
647  8.000000102000000 9.000000080000000 0.500000000000000
648  9.000000080000000 9.000000080000000 0.500000000000000
649  9.666666700000000 9.000000080000000 0.500000000000000
650  10.000000000000000 9.000000080000000 0.500000000000000
651  0.000000000000000 9.666666700000000 0.500000000000000
652  0.333333300000000 9.666666700000000 0.500000000000000
653  0.999999920000000 9.666666700000000 0.500000000000000
654  1.999999898000000 9.666666700000000 0.500000000000000
655  2.999999912000000 9.666666700000000 0.500000000000000
656  3.999999950000000 9.666666700000000 0.500000000000000
657  5.000000000000000 9.666666700000000 0.500000000000000
658  6.000000050000000 9.666666700000000 0.500000000000000
659  7.000000087999999 9.666666700000000 0.500000000000000
660  8.000000102000000 9.666666700000000 0.500000000000000
661  9.000000080000000 9.666666700000000 0.500000000000000
662  9.666666700000000 9.666666700000000 0.500000000000000
663  10.000000000000000 9.666666700000000 0.500000000000000
664  0.000000000000000 10.000000000000000 0.500000000000000
665  0.333333300000000 10.000000000000000 0.500000000000000
666  0.999999920000000 10.000000000000000 0.500000000000000
667  1.999999898000000 10.000000000000000 0.500000000000000
668  2.999999912000000 10.000000000000000 0.500000000000000
669  3.999999950000000 10.000000000000000 0.500000000000000
670  5.000000000000000 10.000000000000000 0.500000000000000
671  6.000000050000000 10.000000000000000 0.500000000000000
672  7.000000087999999 10.000000000000000 0.500000000000000
673  8.000000102000000 10.000000000000000 0.500000000000000
674  9.000000080000000 10.000000000000000 0.500000000000000
675  9.666666700000000 10.000000000000000 0.500000000000000
676  10.000000000000000 10.000000000000000 0.500000000000000
677  0.000000000000000 0.000000000000000 0.666667000000000
678  0.333333300000000 0.000000000000000 0.666667000000000
679  0.999999920000000 0.000000000000000 0.666667000000000
680  1.999999898000000 0.000000000000000 0.666667000000000
681  2.999999912000000 0.000000000000000 0.666667000000000
682  3.999999950000000 0.000000000000000 0.666667000000000
683  5.000000000000000 0.000000000000000 0.666667000000000
684  6.000000050000000 0.000000000000000 0.666667000000000
685  7.000000087999999 0.000000000000000 0.666667000000000
686  8.000000102000000 0.000000000000000 0.666667000000000
687  9.000000080000000 0.000000000000000 0.666667000000000
688  9.666666700000000 0.000000000000000 0.666667000000000
689  10.000000000000000 0.000000000000000 0.666667000000000
690  0.000000000000000 0.333333300000000 0.666667000000000
691  0.333333300000000 0.333333300000000 0.666667000000000
692  0.999999920000000 0.333333300000000 0.666667000000000
693  1.999999898000000 0.333333300000000 0.666667000000000
694  2.999999912000000 0.333333300000000 0.666667000000000
695  3.999999950000000 0.333333300000000 0.666667000000000
696  5.000000000000000 0.333333300000000 0.666667000000000
697  6.000000050000000 0.333333300000000 0.666667000000000
698  7.000000087999999 0.333333300000000 0.666667000000000
699  8.000000102000000 0.333333300000000 0.666667000000000
700  9.000000080000000 0.333333300000000 0.666667000000000
701  9.666666700000000 0.333333300000000 0.666667000000000
702  10.000000000000000 0.333333300000000 0.666667000000000
703  0.000000000000000 0.999999920000000 0.666667000000000
704  0.333333300000000 0.999999920000000 0.666667000000000
705  0.999999920000000 0.999999920000000 0.666667000000000
706  1.999999898000000 0.999999920000000 0.666667000000000
707  2.999999912000000 0.999999920000000 0.666667000000000
708  3.999999950000000 0.999999920000000 0.666667000000000
709  5.000000000000000 0.999999920000000 0.666667000000000
710  6.000000050000000 0.999999920000000 0.666667000000000
711  7.000000087999999 0.999999920000000 0.666667000000000
712  8.000000102000000 0.999999920000000 0.666667000000000
713  9.000000080000000 0.999999920000000 0.666667000000000
714  9.666666700000000 0.999999920000000 0.666667000000000
715  10.000000000000000 0.999999920000000 0.666667000000000
716  0.000000000000000 1.999999898000000 0.666667000000000
717  0.333333300000000 1.999999898000000 0.666667000000000
718  0.999999920000000 1.999999898000000 0.666667000000000
719  1.999999898000000 1.999999898000000 0.666667000000000
720  2.999999912000000 1.999999898000000 0.666667000000000
721  3.999999950000000 1.999999898000000 0.666667000000000
722  5.000000000000000 1.999999898000000 0.666667000000000
723  6.000000050000000 1.999999898000000 0.666667000000000
724  7.000000087999999 1.999999898000000 0.666667000000000
725  8.000000102000000 1.999999898000000 0.666667000000000
726  9.000000080000000 1.999999898000000 0.666667000000000
727  9.666666700000000 1.999999898000000 0.666667000000000
728  10.000000000000000 1.999999898000000 0.666667000000000
729  0.000000000000000 2.999999912000000 0.666667000000000
730  0.333333300000000 2.999999912000000 0.666667000000000
731  0.999999920000000 2.999999912000000 0.666667000000000
732  1.999999898000000 2.999999912000000 0.666667000000000
733  2.999999912000000 2.999999912000000 0.666667000000000
734  3.999999950000000 2.999999912000000 0.666667000000000
735  5.000000000000000 2.999999912000000 0.666667000000000
736  6.000000050000000 2.999999912000000 0.666667000000000
737  7.000000087999999 2.999999912000000 0.666667000000000
738  8.000000102000000 2.999999912000000 0.666667000000000
739  9.000000080000000 2.999999912000000 0.666667000000000
740  9.666666700000000 2.999999912000000 0.666667000000000
741  10.000000000000000 2.999999912000000 0.666667000000000
742  0.000000000000000 3.999999950000000 0.666667000000000
743  0.333333300000000 3.999999950000000 0.666667000000000
744  0.999999920000000 3.999999950000000 0.666667000000000
745  1.999999898000000 3.999999950000000 0.666667000000000
746  2.999999912000000 3.999999950000000 0.666667000000000
747  3.999999950000000 3.999999950000000 0.666667000000000
748  5.000000000000000 3.999999950000000 0.666667000000000
749  6.000000050000000 3.999999950000000 0.666667000000000
750  7.000000087999999 3.999999950000000 0.666667000000000
751  8.000000102000000 3.999999950000000 0.666667000000000
752  9.000000080000000 3.999999950000000 0.666667000000000
753  9.666666700000000 3.999999950000000 0.666667000000000
754  10.000000000000000 3.999999950000000 0.666667000000000
755  0.000000000000000 5.000000000000000 0.666667000000000
756  0.333333300000000 5.000000000000000 0.666667000000000
757  0.999999920000000 5.000000000000000 0.666667000000000
758  1.999999898000000 5.000000000000000 0.666667000000000
759  2.999999912000000 5.000000000000000 0.666667000000000
760  3.999999950000000 5.000000000000000 0.666667000000000
761  5.000000000000000 5.000000000000000 0.666667000000000
762  6.000000050000000 5.000000000000000 0.666667000000000
763  7.000000087999999 5.000000000000000 0.666667000000000
764  8.000000102000000 5.000000000000000 0.666667000000000
765  9.000000080000000 5.000000000000000 0.666667000000000
766  9.666666700000000 5.000000000000000 0.666667000000000
767  10.000000000000000 5.000000000000000 0.666667000000000
768  0.000000000000000 6.000000050000000 0.666667000000000
769  0.333333300000000 6.000000050000000 0.666667000000000
770  0.999999920000000 6.000000050000000 0.666667000000000
771  1.999999898000000 6.000000050000000 0.666667000000000
772  2.999999912000000 6.000000050000000 0.666667000000000
773  3.999999950000000 6.000000050000000 0.666667000000000
774  5.000000000000000 6.000000050000000 0.666667000000000
775  6.000000050000000 6.000000050000000 0.666667000000000
776  7.000000087999999 6.000000050000000 0.666667000000000
777  8.000000102000000 6.000000050000000 0.666667000000000
778  9.000000080000000 6.000000050000000 0.666667000000000
779  9.666666700000000 6.000000050000000 0.666667000000000
780  10.000000000000000 6.000000050000000 0.666667000000000
781  0.000000000000000 7.000000087999999 0.666667000000000
782  0.333333300000000 7.000000087999999 0.666667000000000
783  0.999999920000000 7.000000087999999 0.666667000000000
784  1.999999898000000 7.000000087999999 0.666667000000000
785  2.999999912000000 7.000000087999999 0.666667000000000
786  3.999999950000000 7.000000087999999 0.666667000000000
787  5.000000000000000 7.000000087999999 0.666667000000000
788  6.000000050000000 7.000000087999999 0.666667000000000
789  7.000000087999999 7.000000087999999 0.666667000000000
790  8.000000102000000 7.000000087999999 0.666667000000000
791  9.000000080000000 7.000000087999999 0.666667000000000
792  9.666666700000000 7.000000087999999 0.666667000000000
793  10.000000000000000 7.000000087999999 0.666667000000000
794  0.000000000000000 8.000000102000000 0.666667000000000
795  0.333333300000000 8.000000102000000 0.666667000000000
796  0.999999920000000 8.000000102000000 0.666667000000000
797  1.999999898000000 8.000000102000000 0.666667000000000
798  2.999999912000000 8.000000102000000 0.666667000000000
799  3.999999950000000 8.000000102000000 0.666667000000000
800  5.000000000000000 8.000000102000000 0.666667000000000
801  6.000000050000000 8.000000102000000 0.666667000000000
802  7.000000087999999 8.000000102000000 0.666667000000000
803  8.000000102000000 8.000000102000000 0.666667000000000
804  9.000000080000000 8.000000102000000 0.666667000000000
805  9.666666700000000 8.000000102000000 0.666667000000000
806  10.000000000000000 8.000000102000000 0.666667000000000
807  0.000000000000000 9.000000080000000 0.666667000000000
808  0.333333300000000 9.000000080000000 0.666667000000000
809  0.999999920000000 9.000000080000000 0.666667000000000
810  1.999999898000000 9.000000080000000 0.666667000000000
811  2.999999912000000 9.000000080000000 0.666667000000000
812  3.999999950000000 9.000000080000000 0.666667000000000
813  5.000000000000000 9.000000080000000 0.666667000000000
814  6.000000050000000 9.000000080000000 0.666667000000000
815  7.000000087999999 9.000000080000000 0.666667000000000
816  8.000000102000000 9.000000080000000 0.666667000000000
817  9.000000080000000 9.000000080000000 0.666667000000000
818  9.666666700000000 9.000000080000000 0.666667000000000
819  10.000000000000000 9.000000080000000 0.666667000000000
820  0.000000000000000 9.666666700000000 0.666667000000000
821  0.333333300000000 9.666666700000000 0.666667000000000
822  0.999999920000000 9.666666700000000 0.666667000000000
823  1.999999898000000 9.666666700000000 0.666667000000000
824  2.999999912000000 9.666666700000000 0.666667000000000
825  3.999999950000000 9.666666700000000 0.666667000000000
826  5.000000000000000 9.666666700000000 0.666667000000000
827  6.000000050000000 9.666666700000000 0.666667000000000
828  7.000000087999999 9.666666700000000 0.666667000000000
829  8.000000102000000 9.666666700000000 0.666667000000000
830  9.000000080000000 9.666666700000000 0.666667000000000
831  9.666666700000000 9.666666700000000 0.666667000000000
832  10.000000000000000 9.666666700000000 0.666667000000000
833  0.000000000000000 10.000000000000000 0.666667000000000
834  0.333333300000000 10.000000000000000 0.666667000000000
835  0.999999920000000 10.000000000000000 0.666667000000000
836  1.999999898000000 10.000000000000000 0.666667000000000
837  2.999999912000000 10.000000000000000 0.666667000000000
838  3.999999950000000 10.000000000000000 0.666667000000000
839  5.000000000000000 10.000000000000000 0.666667000000000
840  6.000000050000000 10.000000000000000 0.666667000000000
841  7.000000087999999 10.000000000000000 0.666667000000000
842  8.000000102000000 10.000000000000000 0.666667000000000
843  9.000000080000000 10.000000000000000 0.666667000000000
844  9.666666700000000 10.000000000000000 0.666667000000000
845  10.000000000000000 10.000000000000000 0.666667000000000
846  0.000000000000000 0.000000000000000 0.833334000000000
847  0.333333300000000 0.000000000000000 0.833334000000000
848  0.999999920000000 0.000000000000000 0.833334000000000
849  1.999999898000000 0.000000000000000 0.833334000000000
850  2.999999912000000 0.000000000000000 0.833334000000000
851  3.999999950000000 0.000000000000000 0.833334000000000
852  5.000000000000000 0.000000000000000 0.833334000000000
853  6.000000050000000 0.000000000000000 0.833334000000000
854  7.000000087999999 0.000000000000000 0.833334000000000
855  8.000000102000000 0.000000000000000 0.833334000000000
856  9.000000080000000 0.000000000000000 0.833334000000000
857  9.666666700000000 0.000000000000000 0.833334000000000
858  10.000000000000000 0.000000000000000 0.833334000000000
859  0.000000000000000 0.333333300000000 0.833334000000000
860  0.333333300000000 0.333333300000000 0.833334000000000
861  0.999999920000000 0.333333300000000 0.833334000000000
862  1.999999898000000 0.333333300000000 0.833334000000000
863  2.999999912000000 0.333333300000000 0.833334000000000
864  3.999999950000000 0.333333300000000 0.833334000000000
865  5.000000000000000 0.333333300000000 0.833334000000000
866  6.000000050000000 0.333333300000000 0.833334000000000
867  7.000000087999999 0.333333300000000 0.833334000000000
868  8.000000102000000 0.333333300000000 0.833334000000000
869  9.000000080000000 0.333333300000000 0.833334000000000
870  9.666666700000000 0.333333300000000 0.833334000000000
871  10.000000000000000 0.333333300000000 0.833334000000000
872  0.000000000000000 0.999999920000000 0.833334000000000
873  0.333333300000000 0.999999920000000 0.833334000000000
874  0.999999920000000 0.999999920000000 0.833334000000000
875  1.999999898000000 0.999999920000000 0.833334000000000
876  2.999999912000000 0.999999920000000 0.833334000000000
877  3.999999950000000 0.999999920000000 0.833334000000000
878  5.000000000000000 0.999999920000000 0.833334000000000
879  6.000000050000000 0.999999920000000 0.833334000000000
880  7.000000087999999 0.999999920000000 0.833334000000000
881  8.000000102000000 0.999999920000000 0.833334000000000
882  9.000000080000000 0.999999920000000 0.833334000000000
883  9.666666700000000 0.999999920000000 0.833334000000000
884  10.000000000000000 0.999999920000000 0.833334000000000
885  0.000000000000000 1.999999898000000 0.833334000000000
886  0.333333300000000 1.999999898000000 0.833334000000000
887  0.999999920000000 1.999999898000000 0.833334000000000
888  1.999999898000000 1.999999898000000 0.833334000000000
889  2.999999912000000 1.999999898000000 0.833334000000000
890  3.999999950000000 1.999999898000000 0.833334000000000
891  5.000000000000000 1.999999898000000 0.833334000000000
892  6.000000050000000 1.999999898000000 0.833334000000000
893  7.000000087999999 1.999999898000000 0.833334000000000
894  8.000000102000000 1.999999898000000 0.833334000000000
895  9.000000080000000 1.999999898000000 0.833334000000000
896  9.666666700000000 1.999999898000000 0.833334000000000
897  10.000000000000000 1.999999898000000 0.833334000000000
898  0.000000000000000 2.999999912000000 0.833334000000000
899  0.333333300000000 2.999999912000000 0.833334000000000
900  0.999999920000000 2.999999912000000 0.833334000000000
901  1.999999898000000 2.999999912000000 0.833334000000000
902  2.999999912000000 2.999999912000000 0.833334000000000
903  3.999999950000000 2.999999912000000 0.833334000000000
904  5.000000000000000 2.999999912000000 0.833334000000000
905  6.000000050000000 2.999999912000000 0.833334000000000
906  7.000000087999999 2.999999912000000 0.833334000000000
907  8.000000102000000 2.999999912000000 0.833334000000000
908  9.000000080000000 2.999999912000000 0.833334000000000
909  9.666666700000000 2.999999912000000 0.833334000000000
910  10.000000000000000 2.999999912000000 0.833334000000000
911  0.000000000000000 3.999999950000000 0.833334000000000
912  0.333333300000000 3.999999950000000 0.833334000000000
913  0.999999920000000 3.999999950000000 0.833334000000000
914  1.999999898000000 3.999999950000000 0.833334000000000
915  2.999999912000000 3.999999950000000 0.833334000000000
916  3.999999950000000 3.999999950000000 0.833334000000000
917  5.000000000000000 3.999999950000000 0.833334000000000
918  6.000000050000000 3.999999950000000 0.833334000000000
919  7.000000087999999 3.999999950000000 0.833334000000000
920  8.000000102000000 3.999999950000000 0.833334000000000
921  9.000000080000000 3.999999950000000 0.833334000000000
922  9.666666700000000 3.999999950000000 0.833334000000000
923  10.000000000000000 3.999999950000000 0.833334000000000
924  0.000000000000000 5.000000000000000 0.833334000000000
925  0.333333300000000 5.000000000000000 0.833334000000000
926  0.999999920000000 5.000000000000000 0.833334000000000
927  1.999999898000000 5.000000000000000 0.833334000000000
928  2.999999912000000 5.000000000000000 0.833334000000000
929  3.999999950000000 5.000000000000000 0.833334000000000
930  5.000000000000000 5.000000000000000 0.833334000000000
931  6.000000050000000 5.000000000000000 0.833334000000000
932  7.000000087999999 5.000000000000000 0.833334000000000
933  8.000000102000000 5.000000000000000 0.833334000000000
934  9.000000080000000 5.000000000000000 0.833334000000000
935  9.666666700000000 5.000000000000000 0.833334000000000
936  10.000000000000000 5.000000000000000 0.833334000000000
937  0.000000000000000 6.000000050000000 0.833334000000000
938  0.333333300000000 6.000000050000000 0.833334000000000
939  0.999999920000000 6.000000050000000 0.833334000000000
940  1.999999898000000 6.000000050000000 0.833334000000000
941  2.999999912000000 6.000000050000000 0.833334000000000
942  3.999999950000000 6.000000050000000 0.833334000000000
943  5.000000000000000 6.000000050000000 0.833334000000000
944  6.000000050000000 6.000000050000000 0.833334000000000
945  7.000000087999999 6.000000050000000 0.833334000000000
946  8.000000102000000 6.000000050000000 0.833334000000000
947  9.000000080000000 6.000000050000000 0.833334000000000
948  9.666666700000000 6.000000050000000 0.833334000000000
949  10.000000000000000 6.000000050000000 0.833334000000000
950  0.000000000000000 7.000000087999999 0.833334000000000
951  0.333333300000000 7.000000087999999 0.833334000000000
952  0.999999920000000 7.000000087999999 0.833334000000000
953  1.999999898000000 7.000000087999999 0.833334000000000
954  2.999999912000000 7.000000087999999 0.833334000000000
955  3.999999950000000 7.000000087999999 0.833334000000000
956  5.000000000000000 7.000000087999999 0.833334000000000
957  6.000000050000000 7.000000087999999 0.833334000000000
958  7.000000087999999 7.000000087999999 0.833334000000000
959  8.000000102000000 7.000000087999999 0.833334000000000
960  9.000000080000000 7.000000087999999 0.833334000000000
961  9.666666700000000 7.000000087999999 0.833334000000000
962  10.000000000000000 7.000000087999999 0.833334000000000
963  0.000000000000000 8.000000102000000 0.833334000000000
964  0.333333300000000 8.000000102000000 0.833334000000000
965  0.999999920000000 8.000000102000000 0.833334000000000
966  1.999999898000000 8.000000102000000 0.833334000000000
967  2.999999912000000 8.000000102000000 0.833334000000000
968  3.999999950000000 8.000000102000000 0.833334000000000
969  5.000000000000000 8.000000102000000 0.833334000000000
970  6.000000050000000 8.000000102000000 0.833334000000000
971  7.000000087999999 8.000000102000000 0.833334000000000
972  8.000000102000000 8.000000102000000 0.833334000000000
973  9.000000080000000 8.000000102000000 0.833334000000000
974  9.666666700000000 8.000000102000000 0.833334000000000
975  10.000000000000000 8.000000102000000 0.833334000000000
976  0.000000000000000 9.000000080000000 0.833334000000000
977  0.333333300000000 9.000000080000000 0.833334000000000
978  0.999999920000000 9.000000080000000 0.833334000000000
979  1.999999898000000 9.000000080000000 0.833334000000000
980  2.999999912000000 9.000000080000000 0.833334000000000
981  3.999999950000000 9.000000080000000 0.833334000000000
982  5.000000000000000 9.000000080000000 0.833334000000000
983  6.000000050000000 9.000000080000000 0.833334000000000
984  7.000000087999999 9.000000080000000 0.833334000000000
985  8.000000102000000 9.000000080000000 0.833334000000000
986  9.000000080000000 9.000000080000000 0.833334000000000
987  9.666666700000000 9.000000080000000 0.833334000000000
988  10.000000000000000 9.000000080000000 0.833334000000000
989  0.000000000000000 9.666666700000000 0.833334000000000
990  0.333333300000000 9.666666700000000 0.833334000000000
991  0.999999920000000 9.666666700000000 0.833334000000000
992  1.999999898000000 9.666666700000000 0.833334000000000
993  2.999999912000000 9.666666700000000 0.833334000000000
994  3.999999950000000 9.666666700000000 0.833334000000000
995  5.000000000000000 9.666666700000000 0.833334000000000
996  6.000000050000000 9.666666700000000 0.833334000000000
997  7.000000087999999 9.666666700000000 0.833334000000000
998  8.000000102000000 9.666666700000000 0.833334000000000
999  9.000000080000000 9.666666700000000 0.833334000000000
1000 9.666666700000000 9.666666700000000 0.833334000000000
1001 10.000000000000000 9.666666700000000 0.833334000000000
1002 0.000000000000000 10.000000000000000 0.833334000000000
1003 0.333333300000000 10.000000000000000 0.833334000000000
1004 0.999999920000000 10.000000000000000 0.833334000000000
1005 1.999999898000000 10.000000000000000 0.833334000000000
1006 2.999999912000000 10.000000000000000 0.833334000000000
1007 3.999999950000000 10.000000000000000 0.833334000000000
1008 5.000000000000000 10.000000000000000 0.833334000000000
1009 6.000000050000000 10.000000000000000 0.833334000000000
1010 7.000000087999999 10.000000000000000 0.833334000000000
1011 8.000000102000000 10.000000000000000 0.833334000000000
1012 9.000000080000000 10.000000000000000 0.833334000000000
1013 9.666666700000000 10.000000000000000 0.833334000000000
1014 10.000000000000000 10.000000000000000 0.833334000000000
1015 0.000000000000000 0.000000000000000 1.000000000000000
1016 0.333333300000000 0.000000000000000 1.000000000000000
1017 0.999999920000000 0.000000000000000 1.000000000000000
1018 1.999999898000000 0.000000000000000 1.000000000000000
1019 2.999999912000000 0.000000000000000 1.000000000000000
1020 3.999999950000000 0.000000000000000 1.000000000000000
1021 5.000000000000000 0.000000000000000 1.000000000000000
1022 6.000000050000000 0.000000000000000 1.000000000000000
1023 7.000000087999999 0.000000000000000 1.000000000000000
1024 8.000000102000000 0.000000000000000 1.000000000000000
1025 9.000000080000000 0.000000000000000 1.000000000000000
1026 9.666666700000000 0.000000000000000 1.000000000000000
1027 10.000000000000000 0.000000000000000 1.000000000000000
1028 0.000000000000000 0.333333300000000 1.000000000000000
1029 0.333333300000000 0.333333300000000 1.000000000000000
1030 0.999999920000000 0.333333300000000 1.000000000000000
1031 1.999999898000000 0.333333300000000 1.000000000000000
1032 2.999999912000000 0.333333300000000 1.000000000000000
1033 3.999999950000000 0.333333300000000 1.000000000000000
1034 5.000000000000000 0.333333300000000 1.000000000000000
1035 6.000000050000000 0.333333300000000 1.000000000000000
1036 7.000000087999999 0.333333300000000 1.000000000000000
1037 8.000000102000000 0.333333300000000 1.000000000000000
1038 9.000000080000000 0.333333300000000 1.000000000000000
1039 9.666666700000000 0.333333300000000 1.000000000000000
1040 10.000000000000000 0.333333300000000 1.000000000000000
1041 0.000000000000000 0.999999920000000 1.000000000000000
1042 0.333333300000000 0.999999920000000 1.000000000000000
1043 0.999999920000000 0.999999920000000 1.000000000000000
1044 1.999999898000000 0.999999920000000 1.000000000000000
1045 2.999999912000000 0.999999920000000 1.000000000000000
1046 3.999999950000000 0.999999920000000 1.000000000000000
1047 5.000000000000000 0.999999920000000 1.000000000000000
1048 6.000000050000000 0.999999920000000 1.000000000000000
1049 7.000000087999999 0.999999920000000 1.000000000000000
1050 8.000000102000000 0.999999920000000 1.000000000000000
1051 9.000000080000000 0.999999920000000 1.000000000000000
1052 9.666666700000000 0.999999920000000 1.000000000000000
1053 10.000000000000000 0.999999920000000 1.000000000000000
1054 0.000000000000000 1.999999898000000 1.000000000000000
1055 0.333333300000000 1.999999898000000 1.000000000000000
1056 0.999999920000000 1.999999898000000 1.000000000000000
1057 1.999999898000000 1.999999898000000 1.000000000000000
1058 2.999999912000000 1.999999898000000 1.000000000000000
1059 3.999999950000000 1.999999898000000 1.000000000000000
1060 5.000000000000000 1.999999898000000 1.000000000000000
1061 6.000000050000000 1.999999898000000 1.000000000000000
1062 7.000000087999999 1.999999898000000 1.000000000000000
1063 8.000000102000000 1.999999898000000 1.000000000000000
1064 9.000000080000000 1.999999898000000 1.000000000000000
1065 9.666666700000000 1.999999898000000 1.000000000000000
1066 10.000000000000000 1.999999898000000 1.000000000000000
1067 0.000000000000000 2.999999912000000 1.000000000000000
1068 0.333333300000000 2.999999912000000 1.000000000000000
1069 0.999999920000000 2.999999912000000 1.000000000000000
1070 1.999999898000000 2.999999912000000 1.000000000000000
1071 2.999999912000000 2.999999912000000 1.000000000000000
1072 3.999999950000000 2.999999912000000 1.000000000000000
1073 5.000000000000000 2.999999912000000 1.000000000000000
1074 6.000000050000000 2.999999912000000 1.000000000000000
1075 7.000000087999999 2.999999912000000 1.000000000000000
1076 8.000000102000000 2.999999912000000 1.000000000000000
1077 9.000000080000000 2.999999912000000 1.000000000000000
1078 9.666666700000000 2.999999912000000 1.000000000000000
1079 10.000000000000000 2.999999912000000 1.000000000000000
1080 0.000000000000000 3.999999950000000 1.000000000000000
1081 0.333333300000000 3.999999950000000 1.000000000000000
1082 0.999999920000000 3.999999950000000 1.000000000000000
1083 1.999999898000000 3.999999950000000 1.000000000000000
1084 2.999999912000000 3.999999950000000 1.000000000000000
1085 3.999999950000000 3.999999950000000 1.000000000000000
1086 5.000000000000000 3.999999950000000 1.000000000000000
1087 6.000000050000000 3.999999950000000 1.000000000000000
1088 7.000000087999999 3.999999950000000 1.000000000000000
1089 8.000000102000000 3.999999950000000 1.000000000000000
1090 9.000000080000000 3.999999950000000 1.000000000000000
1091 9.666666700000000 3.999999950000000 1.000000000000000
1092 10.000000000000000 3.999999950000000 1.000000000000000
1093 0.000000000000000 5.000000000000000 1.000000000000000
1094 0.333333300000000 5.000000000000000 1.000000000000000
1095 0.999999920000000 5.000000000000000 1.000000000000000
1096 1.999999898000000 5.000000000000000 1.000000000000000
1097 2.999999912000000 5.000000000000000 1.000000000000000
1098 3.999999950000000 5.000000000000000 1.000000000000000
1099 5.000000000000000 5.000000000000000 1.000000000000000
1100 6.000000050000000 5.000000000000000 1.000000000000000
1101 7.000000087999999 5.000000000000000 1.000000000000000
1102 8.000000102000000 5.000000000000000 1.000000000000000
1103 9.000000080000000 5.000000000000000 1.000000000000000
1104 9.666666700000000 5.000000000000000 1.000000000000000
1105 10.000000000000000 5.000000000000000 1.000000000000000
1106 0.000000000000000 6.000000050000000 1.000000000000000
1107 0.333333300000000 6.000000050000000 1.000000000000000
1108 0.999999920000000 6.000000050000000 1.000000000000000
1109 1.999999898000000 6.000000050000000 1.000000000000000
1110 2.999999912000000 6.000000050000000 1.000000000000000
1111 3.999999950000000 6.000000050000000 1.000000000000000
1112 5.000000000000000 6.000000050000000 1.000000000000000
1113 6.000000050000000 6.000000050000000 1.000000000000000
1114 7.000000087999999 6.000000050000000 1.000000000000000
1115 8.000000102000000 6.000000050000000 1.000000000000000
1116 9.000000080000000 6.000000050000000 1.000000000000000
1117 9.666666700000000 6.000000050000000 1.000000000000000
1118 10.000000000000000 6.000000050000000 1.000000000000000
1119 0.000000000000000 7.000000087999999 1.000000000000000
1120 0.333333300000000 7.000000087999999 1.000000000000000
1121 0.999999920000000 7.000000087999999 1.000000000000000
1122 1.999999898000000 7.000000087999999 1.000000000000000
1123 2.999999912000000 7.000000087999999 1.000000000000000
1124 3.999999950000000 7.000000087999999 1.000000000000000
1125 5.000000000000000 7.000000087999999 1.000000000000000
1126 6.000000050000000 7.000000087999999 1.000000000000000
1127 7.000000087999999 7.000000087999999 1.000000000000000
1128 8.000000102000000 7.000000087999999 1.000000000000000
1129 9.000000080000000 7.000000087999999 1.000000000000000
1130 9.666666700000000 7.000000087999999 1.000000000000000
1131 10.000000000000000 7.000000087999999 1.000000000000000
1132 0.000000000000000 8.000000102000000 1.000000000000000
1133 0.333333300000000 8.000000102000000 1.000000000000000
1134 0.999999920000000 8.000000102000000 1.000000000000000
1135 1.999999898000000 8.000000102000000 1.000000000000000
1136 2.999999912000000 8.000000102000000 1.000000000000000
1137 3.999999950000000 8.000000102000000 1.000000000000000
1138 5.000000000000000 8.000000102000000 1.000000000000000
1139 6.000000050000000 8.000000102000000 1.000000000000000
1140 7.000000087999999 8.000000102000000 1.000000000000000
1141 8.000000102000000 8.000000102000000 1.000000000000000
1142 9.000000080000000 8.000000102000000 1.000000000000000
1143 9.666666700000000 8.000000102000000 1.000000000000000
1144 10.000000000000000 8.000000102000000 1.000000000000000
1145 0.000000000000000 9.000000080000000 1.000000000000000
1146 0.333333300000000 9.000000080000000 1.000000000000000
1147 0.999999920000000 9.000000080000000 1.000000000000000
1148 1.999999898000000 9.000000080000000 1.000000000000000
1149 2.999999912000000 9.000000080000000 1.000000000000000
1150 3.999999950000000 9.000000080000000 1.000000000000000
1151 5.000000000000000 9.000000080000000 1.000000000000000
1152 6.000000050000000 9.000000080000000 1.000000000000000
1153 7.000000087999999 9.000000080000000 1.000000000000000
1154 8.000000102000000 9.000000080000000 1.000000000000000
1155 9.000000080000000 9.000000080000000 1.000000000000000
1156 9.666666700000000 9.000000080000000 1.000000000000000
1157 10.000000000000000 9.000000080000000 1.000000000000000
1158 0.000000000000000 9.666666700000000 1.000000000000000
1159 0.333333300000000 9.666666700000000 1.000000000000000
1160 0.999999920000000 9.666666700000000 1.000000000000000
1161 1.999999898000000 9.666666700000000 1.000000000000000
1162 2.999999912000000 9.666666700000000 1.000000000000000
1163 3.999999950000000 9.666666700000000 1.000000000000000
1164 5.000000000000000 9.666666700000000 1.000000000000000
1165 6.000000050000000 9.666666700000000 1.000000000000000
1166 7.000000087999999 9.666666700000000 1.000000000000000
1167 8.000000102000000 9.666666700000000 1.000000000000000
1168 9.000000080000000 9.666666700000000 1.000000000000000
1169 9.666666700000000 9.666666700000000 1.000000000000000
1170 10.000000000000000 9.666666700000000 1.000000000000000
1171 0.000000000000000 10.000000000000000 1.000000000000000
1172 0.333333300000000 10.000000000000000 1.000000000000000
1173 0.999999920000000 10.000000000000000 1.000000000000000
1174 1.999999898000000 10.000000000000000 1.000000000000000
1175 2.999999912000000 10.000000000000000 1.000000000000000
1176 3.999999950000000 10.000000000000000 1.000000000000000
1177 5.000000000000000 10.000000000000000 1.000000000000000
1178 6.000000050000000 10.000000000000000 1.000000000000000
1179 7.000000087999999 10.000000000000000 1.000000000000000
1180 8.000000102000000 10.000000000000000 1.000000000000000
1181 9.000000080000000 10.000000000000000 1.000000000000000
1182 9.666666700000000 10.000000000000000 1.000000000000000
1183 10.000000000000000 10.000000000000000 1.000000000000000


%CONTROL.POINT.WEIGHT
1183
1    1.000000000000000
2    1.000000000000000
3    1.000000000000000
4    1.000000000000000
5    1.000000000000000
6    1.000000000000000
7    1.000000000000000
8    1.000000000000000
9    1.000000000000000
10   1.000000000000000
11   1.000000000000000
12   1.000000000000000
13   1.000000000000000
14   1.000000000000000
15   1.000000000000000
16   1.000000000000000
17   1.000000000000000
18   1.000000000000000
19   1.000000000000000
20   1.000000000000000
21   1.000000000000000
22   1.000000000000000
23   1.000000000000000
24   1.000000000000000
25   1.000000000000000
26   1.000000000000000
27   1.000000000000000
28   1.000000000000000
29   1.000000000000000
30   1.000000000000000
31   1.000000000000000
32   1.000000000000000
33   1.000000000000000
34   1.000000000000000
35   1.000000000000000
36   1.000000000000000
37   1.000000000000000
38   1.000000000000000
39   1.000000000000000
40   1.000000000000000
41   1.000000000000000
42   1.000000000000000
43   1.000000000000000
44   1.000000000000000
45   1.000000000000000
46   1.000000000000000
47   1.000000000000000
48   1.000000000000000
49   1.000000000000000
50   1.000000000000000
51   1.000000000000000
52   1.000000000000000
53   1.000000000000000
54   1.000000000000000
55   1.000000000000000
56   1.000000000000000
57   1.000000000000000
58   1.000000000000000
59   1.000000000000000
60   1.000000000000000
61   1.000000000000000
62   1.000000000000000
63   1.000000000000000
64   1.000000000000000
65   1.000000000000000
66   1.000000000000000
67   1.000000000000000
68   1.000000000000000
69   1.000000000000000
70   1.000000000000000
71   1.000000000000000
72   1.000000000000000
73   1.000000000000000
74   1.000000000000000
75   1.000000000000000
76   1.000000000000000
77   1.000000000000000
78   1.000000000000000
79   1.000000000000000
80   1.000000000000000
81   1.000000000000000
82   1.000000000000000
83   1.000000000000000
84   1.000000000000000
85   1.000000000000000
86   1.000000000000000
87   1.000000000000000
88   1.000000000000000
89   1.000000000000000
90   1.000000000000000
91   1.000000000000000
92   1.000000000000000
93   1.000000000000000
94   1.000000000000000
95   1.000000000000000
96   1.000000000000000
97   1.000000000000000
98   1.000000000000000
99   1.000000000000000
100  1.000000000000000
101  1.000000000000000
102  1.000000000000000
103  1.000000000000000
104  1.000000000000000
105  1.000000000000000
106  1.000000000000000
107  1.000000000000000
108  1.000000000000000
109  1.000000000000000
110  1.000000000000000
111  1.000000000000000
112  1.000000000000000
113  1.000000000000000
114  1.000000000000000
115  1.000000000000000
116  1.000000000000000
117  1.000000000000000
118  1.000000000000000
119  1.000000000000000
120  1.000000000000000
121  1.000000000000000
122  1.000000000000000
123  1.000000000000000
124  1.000000000000000
125  1.000000000000000
126  1.000000000000000
127  1.000000000000000
128  1.000000000000000
129  1.000000000000000
130  1.000000000000000
131  1.000000000000000
132  1.000000000000000
133  1.000000000000000
134  1.000000000000000
135  1.000000000000000
136  1.000000000000000
137  1.000000000000000
138  1.000000000000000
139  1.000000000000000
140  1.000000000000000
141  1.000000000000000
142  1.000000000000000
143  1.000000000000000
144  1.000000000000000
145  1.000000000000000
146  1.000000000000000
147  1.000000000000000
148  1.000000000000000
149  1.000000000000000
150  1.000000000000000
151  1.000000000000000
152  1.000000000000000
153  1.000000000000000
154  1.000000000000000
155  1.000000000000000
156  1.000000000000000
157  1.000000000000000
158  1.000000000000000
159  1.000000000000000
160  1.000000000000000
161  1.000000000000000
162  1.000000000000000
163  1.000000000000000
164  1.000000000000000
165  1.000000000000000
166  1.000000000000000
167  1.000000000000000
168  1.000000000000000
169  1.000000000000000
170  1.000000000000000
171  1.000000000000000
172  1.000000000000000
173  1.000000000000000
174  1.000000000000000
175  1.000000000000000
176  1.000000000000000
177  1.000000000000000
178  1.000000000000000
179  1.000000000000000
180  1.000000000000000
181  1.000000000000000
182  1.000000000000000
183  1.000000000000000
184  1.000000000000000
185  1.000000000000000
186  1.000000000000000
187  1.000000000000000
188  1.000000000000000
189  1.000000000000000
190  1.000000000000000
191  1.000000000000000
192  1.000000000000000
193  1.000000000000000
194  1.000000000000000
195  1.000000000000000
196  1.000000000000000
197  1.000000000000000
198  1.000000000000000
199  1.000000000000000
200  1.000000000000000
201  1.000000000000000
202  1.000000000000000
203  1.000000000000000
204  1.000000000000000
205  1.000000000000000
206  1.000000000000000
207  1.000000000000000
208  1.000000000000000
209  1.000000000000000
210  1.000000000000000
211  1.000000000000000
212  1.000000000000000
213  1.000000000000000
214  1.000000000000000
215  1.000000000000000
216  1.000000000000000
217  1.000000000000000
218  1.000000000000000
219  1.000000000000000
220  1.000000000000000
221  1.000000000000000
222  1.000000000000000
223  1.000000000000000
224  1.000000000000000
225  1.000000000000000
226  1.000000000000000
227  1.000000000000000
228  1.000000000000000
229  1.000000000000000
230  1.000000000000000
231  1.000000000000000
232  1.000000000000000
233  1.000000000000000
234  1.000000000000000
235  1.000000000000000
236  1.000000000000000
237  1.000000000000000
238  1.000000000000000
239  1.000000000000000
240  1.000000000000000
241  1.000000000000000
242  1.000000000000000
243  1.000000000000000
244  1.000000000000000
245  1.000000000000000
246  1.000000000000000
247  1.000000000000000
248  1.000000000000000
249  1.000000000000000
250  1.000000000000000
251  1.000000000000000
252  1.000000000000000
253  1.000000000000000
254  1.000000000000000
255  1.000000000000000
256  1.000000000000000
257  1.000000000000000
258  1.000000000000000
259  1.000000000000000
260  1.000000000000000
261  1.000000000000000
262  1.000000000000000
263  1.000000000000000
264  1.000000000000000
265  1.000000000000000
266  1.000000000000000
267  1.000000000000000
268  1.000000000000000
269  1.000000000000000
270  1.000000000000000
271  1.000000000000000
272  1.000000000000000
273  1.000000000000000
274  1.000000000000000
275  1.000000000000000
276  1.000000000000000
277  1.000000000000000
278  1.000000000000000
279  1.000000000000000
280  1.000000000000000
281  1.000000000000000
282  1.000000000000000
283  1.000000000000000
284  1.000000000000000
285  1.000000000000000
286  1.000000000000000
287  1.000000000000000
288  1.000000000000000
289  1.000000000000000
290  1.000000000000000
291  1.000000000000000
292  1.000000000000000
293  1.000000000000000
294  1.000000000000000
295  1.000000000000000
296  1.000000000000000
297  1.000000000000000
298  1.000000000000000
299  1.000000000000000
300  1.000000000000000
301  1.000000000000000
302  1.000000000000000
303  1.000000000000000
304  1.000000000000000
305  1.000000000000000
306  1.000000000000000
307  1.000000000000000
308  1.000000000000000
309  1.000000000000000
310  1.000000000000000
311  1.000000000000000
312  1.000000000000000
313  1.000000000000000
314  1.000000000000000
315  1.000000000000000
316  1.000000000000000
317  1.000000000000000
318  1.000000000000000
319  1.000000000000000
320  1.000000000000000
321  1.000000000000000
322  1.000000000000000
323  1.000000000000000
324  1.000000000000000
325  1.000000000000000
326  1.000000000000000
327  1.000000000000000
328  1.000000000000000
329  1.000000000000000
330  1.000000000000000
331  1.000000000000000
332  1.000000000000000
333  1.000000000000000
334  1.000000000000000
335  1.000000000000000
336  1.000000000000000
337  1.000000000000000
338  1.000000000000000
339  1.000000000000000
340  1.000000000000000
341  1.000000000000000
342  1.000000000000000
343  1.000000000000000
344  1.000000000000000
345  1.000000000000000
346  1.000000000000000
347  1.000000000000000
348  1.000000000000000
349  1.000000000000000
350  1.000000000000000
351  1.000000000000000
352  1.000000000000000
353  1.000000000000000
354  1.000000000000000
355  1.000000000000000
356  1.000000000000000
357  1.000000000000000
358  1.000000000000000
359  1.000000000000000
360  1.000000000000000
361  1.000000000000000
362  1.000000000000000
363  1.000000000000000
364  1.000000000000000
365  1.000000000000000
366  1.000000000000000
367  1.000000000000000
368  1.000000000000000
369  1.000000000000000
370  1.000000000000000
371  1.000000000000000
372  1.000000000000000
373  1.000000000000000
374  1.000000000000000
375  1.000000000000000
376  1.000000000000000
377  1.000000000000000
378  1.000000000000000
379  1.000000000000000
380  1.000000000000000
381  1.000000000000000
382  1.000000000000000
383  1.000000000000000
384  1.000000000000000
385  1.000000000000000
386  1.000000000000000
387  1.000000000000000
388  1.000000000000000
389  1.000000000000000
390  1.000000000000000
391  1.000000000000000
392  1.000000000000000
393  1.000000000000000
394  1.000000000000000
395  1.000000000000000
396  1.000000000000000
397  1.000000000000000
398  1.000000000000000
399  1.000000000000000
400  1.000000000000000
401  1.000000000000000
402  1.000000000000000
403  1.000000000000000
404  1.000000000000000
405  1.000000000000000
406  1.000000000000000
407  1.000000000000000
408  1.000000000000000
409  1.000000000000000
410  1.000000000000000
411  1.000000000000000
412  1.000000000000000
413  1.000000000000000
414  1.000000000000000
415  1.000000000000000
416  1.000000000000000
417  1.000000000000000
418  1.000000000000000
419  1.000000000000000
420  1.000000000000000
421  1.000000000000000
422  1.000000000000000
423  1.000000000000000
424  1.000000000000000
425  1.000000000000000
426  1.000000000000000
427  1.000000000000000
428  1.000000000000000
429  1.000000000000000
430  1.000000000000000
431  1.000000000000000
432  1.000000000000000
433  1.000000000000000
434  1.000000000000000
435  1.000000000000000
436  1.000000000000000
437  1.000000000000000
438  1.000000000000000
439  1.000000000000000
440  1.000000000000000
441  1.000000000000000
442  1.000000000000000
443  1.000000000000000
444  1.000000000000000
445  1.000000000000000
446  1.000000000000000
447  1.000000000000000
448  1.000000000000000
449  1.000000000000000
450  1.000000000000000
451  1.000000000000000
452  1.000000000000000
453  1.000000000000000
454  1.000000000000000
455  1.000000000000000
456  1.000000000000000
457  1.000000000000000
458  1.000000000000000
459  1.000000000000000
460  1.000000000000000
461  1.000000000000000
462  1.000000000000000
463  1.000000000000000
464  1.000000000000000
465  1.000000000000000
466  1.000000000000000
467  1.000000000000000
468  1.000000000000000
469  1.000000000000000
470  1.000000000000000
471  1.000000000000000
472  1.000000000000000
473  1.000000000000000
474  1.000000000000000
475  1.000000000000000
476  1.000000000000000
477  1.000000000000000
478  1.000000000000000
479  1.000000000000000
480  1.000000000000000
481  1.000000000000000
482  1.000000000000000
483  1.000000000000000
484  1.000000000000000
485  1.000000000000000
486  1.000000000000000
487  1.000000000000000
488  1.000000000000000
489  1.000000000000000
490  1.000000000000000
491  1.000000000000000
492  1.000000000000000
493  1.000000000000000
494  1.000000000000000
495  1.000000000000000
496  1.000000000000000
497  1.000000000000000
498  1.000000000000000
499  1.000000000000000
500  1.000000000000000
501  1.000000000000000
502  1.000000000000000
503  1.000000000000000
504  1.000000000000000
505  1.000000000000000
506  1.000000000000000
507  1.000000000000000
508  1.000000000000000
509  1.000000000000000
510  1.000000000000000
511  1.000000000000000
512  1.000000000000000
513  1.000000000000000
514  1.000000000000000
515  1.000000000000000
516  1.000000000000000
517  1.000000000000000
518  1.000000000000000
519  1.000000000000000
520  1.000000000000000
521  1.000000000000000
522  1.000000000000000
523  1.000000000000000
524  1.000000000000000
525  1.000000000000000
526  1.000000000000000
527  1.000000000000000
528  1.000000000000000
529  1.000000000000000
530  1.000000000000000
531  1.000000000000000
532  1.000000000000000
533  1.000000000000000
534  1.000000000000000
535  1.000000000000000
536  1.000000000000000
537  1.000000000000000
538  1.000000000000000
539  1.000000000000000
540  1.000000000000000
541  1.000000000000000
542  1.000000000000000
543  1.000000000000000
544  1.000000000000000
545  1.000000000000000
546  1.000000000000000
547  1.000000000000000
548  1.000000000000000
549  1.000000000000000
550  1.000000000000000
551  1.000000000000000
552  1.000000000000000
553  1.000000000000000
554  1.000000000000000
555  1.000000000000000
556  1.000000000000000
557  1.000000000000000
558  1.000000000000000
559  1.000000000000000
560  1.000000000000000
561  1.000000000000000
562  1.000000000000000
563  1.000000000000000
564  1.000000000000000
565  1.000000000000000
566  1.000000000000000
567  1.000000000000000
568  1.000000000000000
569  1.000000000000000
570  1.000000000000000
571  1.000000000000000
572  1.000000000000000
573  1.000000000000000
574  1.000000000000000
575  1.000000000000000
576  1.000000000000000
577  1.000000000000000
578  1.000000000000000
579  1.000000000000000
580  1.000000000000000
581  1.000000000000000
582  1.000000000000000
583  1.000000000000000
584  1.000000000000000
585  1.000000000000000
586  1.000000000000000
587  1.000000000000000
588  1.000000000000000
589  1.000000000000000
590  1.000000000000000
591  1.000000000000000
592  1.000000000000000
593  1.000000000000000
594  1.000000000000000
595  1.000000000000000
596  1.000000000000000
597  1.000000000000000
598  1.000000000000000
599  1.000000000000000
600  1.000000000000000
601  1.000000000000000
602  1.000000000000000
603  1.000000000000000
604  1.000000000000000
605  1.000000000000000
606  1.000000000000000
607  1.000000000000000
608  1.000000000000000
609  1.000000000000000
610  1.000000000000000
611  1.000000000000000
612  1.000000000000000
613  1.000000000000000
614  1.000000000000000
615  1.000000000000000
616  1.000000000000000
617  1.000000000000000
618  1.000000000000000
619  1.000000000000000
620  1.000000000000000
621  1.000000000000000
622  1.000000000000000
623  1.000000000000000
624  1.000000000000000
625  1.000000000000000
626  1.000000000000000
627  1.000000000000000
628  1.000000000000000
629  1.000000000000000
630  1.000000000000000
631  1.000000000000000
632  1.000000000000000
633  1.000000000000000
634  1.000000000000000
635  1.000000000000000
636  1.000000000000000
637  1.000000000000000
638  1.000000000000000
639  1.000000000000000
640  1.000000000000000
641  1.000000000000000
642  1.000000000000000
643  1.000000000000000
644  1.000000000000000
645  1.000000000000000
646  1.000000000000000
647  1.000000000000000
648  1.000000000000000
649  1.000000000000000
650  1.000000000000000
651  1.000000000000000
652  1.000000000000000
653  1.000000000000000
654  1.000000000000000
655  1.000000000000000
656  1.000000000000000
657  1.000000000000000
658  1.000000000000000
659  1.000000000000000
660  1.000000000000000
661  1.000000000000000
662  1.000000000000000
663  1.000000000000000
664  1.000000000000000
665  1.000000000000000
666  1.000000000000000
667  1.000000000000000
668  1.000000000000000
669  1.000000000000000
670  1.000000000000000
671  1.000000000000000
672  1.000000000000000
673  1.000000000000000
674  1.000000000000000
675  1.000000000000000
676  1.000000000000000
677  1.000000000000000
678  1.000000000000000
679  1.000000000000000
680  1.000000000000000
681  1.000000000000000
682  1.000000000000000
683  1.000000000000000
684  1.000000000000000
685  1.000000000000000
686  1.000000000000000
687  1.000000000000000
688  1.000000000000000
689  1.000000000000000
690  1.000000000000000
691  1.000000000000000
692  1.000000000000000
693  1.000000000000000
694  1.000000000000000
695  1.000000000000000
696  1.000000000000000
697  1.000000000000000
698  1.000000000000000
699  1.000000000000000
700  1.000000000000000
701  1.000000000000000
702  1.000000000000000
703  1.000000000000000
704  1.000000000000000
705  1.000000000000000
706  1.000000000000000
707  1.000000000000000
708  1.000000000000000
709  1.000000000000000
710  1.000000000000000
711  1.000000000000000
712  1.000000000000000
713  1.000000000000000
714  1.000000000000000
715  1.000000000000000
716  1.000000000000000
717  1.000000000000000
718  1.000000000000000
719  1.000000000000000
720  1.000000000000000
721  1.000000000000000
722  1.000000000000000
723  1.000000000000000
724  1.000000000000000
725  1.000000000000000
726  1.000000000000000
727  1.000000000000000
728  1.000000000000000
729  1.000000000000000
730  1.000000000000000
731  1.000000000000000
732  1.000000000000000
733  1.000000000000000
734  1.000000000000000
735  1.000000000000000
736  1.000000000000000
737  1.000000000000000
738  1.000000000000000
739  1.000000000000000
740  1.000000000000000
741  1.000000000000000
742  1.000000000000000
743  1.000000000000000
744  1.000000000000000
745  1.000000000000000
746  1.000000000000000
747  1.000000000000000
748  1.000000000000000
749  1.000000000000000
750  1.000000000000000
751  1.000000000000000
752  1.000000000000000
753  1.000000000000000
754  1.000000000000000
755  1.000000000000000
756  1.000000000000000
757  1.000000000000000
758  1.000000000000000
759  1.000000000000000
760  1.000000000000000
761  1.000000000000000
762  1.000000000000000
763  1.000000000000000
764  1.000000000000000
765  1.000000000000000
766  1.000000000000000
767  1.000000000000000
768  1.000000000000000
769  1.000000000000000
770  1.000000000000000
771  1.000000000000000
772  1.000000000000000
773  1.000000000000000
774  1.000000000000000
775  1.000000000000000
776  1.000000000000000
777  1.000000000000000
778  1.000000000000000
779  1.000000000000000
780  1.000000000000000
781  1.000000000000000
782  1.000000000000000
783  1.000000000000000
784  1.000000000000000
785  1.000000000000000
786  1.000000000000000
787  1.000000000000000
788  1.000000000000000
789  1.000000000000000
790  1.000000000000000
791  1.000000000000000
792  1.000000000000000
793  1.000000000000000
794  1.000000000000000
795  1.000000000000000
796  1.000000000000000
797  1.000000000000000
798  1.000000000000000
799  1.000000000000000
800  1.000000000000000
801  1.000000000000000
802  1.000000000000000
803  1.000000000000000
804  1.000000000000000
805  1.000000000000000
806  1.000000000000000
807  1.000000000000000
808  1.000000000000000
809  1.000000000000000
810  1.000000000000000
811  1.000000000000000
812  1.000000000000000
813  1.000000000000000
814  1.000000000000000
815  1.000000000000000
816  1.000000000000000
817  1.000000000000000
818  1.000000000000000
819  1.000000000000000
820  1.000000000000000
821  1.000000000000000
822  1.000000000000000
823  1.000000000000000
824  1.000000000000000
825  1.000000000000000
826  1.000000000000000
827  1.000000000000000
828  1.000000000000000
829  1.000000000000000
830  1.000000000000000
831  1.000000000000000
832  1.000000000000000
833  1.000000000000000
834  1.000000000000000
835  1.000000000000000
836  1.000000000000000
837  1.000000000000000
838  1.000000000000000
839  1.000000000000000
840  1.000000000000000
841  1.000000000000000
842  1.000000000000000
843  1.000000000000000
844  1.000000000000000
845  1.000000000000000
846  1.000000000000000
847  1.000000000000000
848  1.000000000000000
849  1.000000000000000
850  1.000000000000000
851  1.000000000000000
852  1.000000000000000
853  1.000000000000000
854  1.000000000000000
855  1.000000000000000
856  1.000000000000000
857  1.000000000000000
858  1.000000000000000
859  1.000000000000000
860  1.000000000000000
861  1.000000000000000
862  1.000000000000000
863  1.000000000000000
864  1.000000000000000
865  1.000000000000000
866  1.000000000000000
867  1.000000000000000
868  1.000000000000000
869  1.000000000000000
870  1.000000000000000
871  1.000000000000000
872  1.000000000000000
873  1.000000000000000
874  1.000000000000000
875  1.000000000000000
876  1.000000000000000
877  1.000000000000000
878  1.000000000000000
879  1.000000000000000
880  1.000000000000000
881  1.000000000000000
882  1.000000000000000
883  1.000000000000000
884  1.000000000000000
885  1.000000000000000
886  1.000000000000000
887  1.000000000000000
888  1.000000000000000
889  1.000000000000000
890  1.000000000000000
891  1.000000000000000
892  1.000000000000000
893  1.000000000000000
894  1.000000000000000
895  1.000000000000000
896  1.000000000000000
897  1.000000000000000
898  1.000000000000000
899  1.000000000000000
900  1.000000000000000
901  1.000000000000000
902  1.000000000000000
903  1.000000000000000
904  1.000000000000000
905  1.000000000000000
906  1.000000000000000
907  1.000000000000000
908  1.000000000000000
909  1.000000000000000
910  1.000000000000000
911  1.000000000000000
912  1.000000000000000
913  1.000000000000000
914  1.000000000000000
915  1.000000000000000
916  1.000000000000000
917  1.000000000000000
918  1.000000000000000
919  1.000000000000000
920  1.000000000000000
921  1.000000000000000
922  1.000000000000000
923  1.000000000000000
924  1.000000000000000
925  1.000000000000000
926  1.000000000000000
927  1.000000000000000
928  1.000000000000000
929  1.000000000000000
930  1.000000000000000
931  1.000000000000000
932  1.000000000000000
933  1.000000000000000
934  1.000000000000000
935  1.000000000000000
936  1.000000000000000
937  1.000000000000000
938  1.000000000000000
939  1.000000000000000
940  1.000000000000000
941  1.000000000000000
942  1.000000000000000
943  1.000000000000000
944  1.000000000000000
945  1.000000000000000
946  1.000000000000000
947  1.000000000000000
948  1.000000000000000
949  1.000000000000000
950  1.000000000000000
951  1.000000000000000
952  1.000000000000000
953  1.000000000000000
954  1.000000000000000
955  1.000000000000000
956  1.000000000000000
957  1.000000000000000
958  1.000000000000000
959  1.000000000000000
960  1.000000000000000
961  1.000000000000000
962  1.000000000000000
963  1.000000000000000
964  1.000000000000000
965  1.000000000000000
966  1.000000000000000
967  1.000000000000000
968  1.000000000000000
969  1.000000000000000
970  1.000000000000000
971  1.000000000000000
972  1.000000000000000
973  1.000000000000000
974  1.000000000000000
975  1.000000000000000
976  1.000000000000000
977  1.000000000000000
978  1.000000000000000
979  1.000000000000000
980  1.000000000000000
981  1.000000000000000
982  1.000000000000000
983  1.000000000000000
984  1.000000000000000
985  1.000000000000000
986  1.000000000000000
987  1.000000000000000
988  1.000000000000000
989  1.000000000000000
990  1.000000000000000
991  1.000000000000000
992  1.000000000000000
993  1.000000000000000
994  1.000000000000000
995  1.000000000000000
996  1.000000000000000
997  1.000000000000000
998  1.000000000000000
999  1.000000000000000
1000 1.000000000000000
1001 1.000000000000000
1002 1.000000000000000
1003 1.000000000000000
1004 1.000000000000000
1005 1.000000000000000
1006 1.000000000000000
1007 1.000000000000000
1008 1.000000000000000
1009 1.000000000000000
1010 1.000000000000000
1011 1.000000000000000
1012 1.000000000000000
1013 1.000000000000000
1014 1.000000000000000
1015 1.000000000000000
1016 1.000000000000000
1017 1.000000000000000
1018 1.000000000000000
1019 1.000000000000000
1020 1.000000000000000
1021 1.000000000000000
1022 1.000000000000000
1023 1.000000000000000
1024 1.000000000000000
1025 1.000000000000000
1026 1.000000000000000
1027 1.000000000000000
1028 1.000000000000000
1029 1.000000000000000
1030 1.000000000000000
1031 1.000000000000000
1032 1.000000000000000
1033 1.000000000000000
1034 1.000000000000000
1035 1.000000000000000
1036 1.000000000000000
1037 1.000000000000000
1038 1.000000000000000
1039 1.000000000000000
1040 1.000000000000000
1041 1.000000000000000
1042 1.000000000000000
1043 1.000000000000000
1044 1.000000000000000
1045 1.000000000000000
1046 1.000000000000000
1047 1.000000000000000
1048 1.000000000000000
1049 1.000000000000000
1050 1.000000000000000
1051 1.000000000000000
1052 1.000000000000000
1053 1.000000000000000
1054 1.000000000000000
1055 1.000000000000000
1056 1.000000000000000
1057 1.000000000000000
1058 1.000000000000000
1059 1.000000000000000
1060 1.000000000000000
1061 1.000000000000000
1062 1.000000000000000
1063 1.000000000000000
1064 1.000000000000000
1065 1.000000000000000
1066 1.000000000000000
1067 1.000000000000000
1068 1.000000000000000
1069 1.000000000000000
1070 1.000000000000000
1071 1.000000000000000
1072 1.000000000000000
1073 1.000000000000000
1074 1.000000000000000
1075 1.000000000000000
1076 1.000000000000000
1077 1.000000000000000
1078 1.000000000000000
1079 1.000000000000000
1080 1.000000000000000
1081 1.000000000000000
1082 1.000000000000000
1083 1.000000000000000
1084 1.000000000000000
1085 1.000000000000000
1086 1.000000000000000
1087 1.000000000000000
1088 1.000000000000000
1089 1.000000000000000
1090 1.000000000000000
1091 1.000000000000000
1092 1.000000000000000
1093 1.000000000000000
1094 1.000000000000000
1095 1.000000000000000
1096 1.000000000000000
1097 1.000000000000000
1098 1.000000000000000
1099 1.000000000000000
1100 1.000000000000000
1101 1.000000000000000
1102 1.000000000000000
1103 1.000000000000000
1104 1.000000000000000
1105 1.000000000000000
1106 1.000000000000000
1107 1.000000000000000
1108 1.000000000000000
1109 1.000000000000000
1110 1.000000000000000
1111 1.000000000000000
1112 1.000000000000000
1113 1.000000000000000
1114 1.000000000000000
1115 1.000000000000000
1116 1.000000000000000
1117 1.000000000000000
1118 1.000000000000000
1119 1.000000000000000
1120 1.000000000000000
1121 1.000000000000000
1122 1.000000000000000
1123 1.000000000000000
1124 1.000000000000000
1125 1.000000000000000
1126 1.000000000000000
1127 1.000000000000000
1128 1.000000000000000
1129 1.000000000000000
1130 1.000000000000000
1131 1.000000000000000
1132 1.000000000000000
1133 1.000000000000000
1134 1.000000000000000
1135 1.000000000000000
1136 1.000000000000000
1137 1.000000000000000
1138 1.000000000000000
1139 1.000000000000000
1140 1.000000000000000
1141 1.000000000000000
1142 1.000000000000000
1143 1.000000000000000
1144 1.000000000000000
1145 1.000000000000000
1146 1.000000000000000
1147 1.000000000000000
1148 1.000000000000000
1149 1.000000000000000
1150 1.000000000000000
1151 1.000000000000000
1152 1.000000000000000
1153 1.000000000000000
1154 1.000000000000000
1155 1.000000000000000
1156 1.000000000000000
1157 1.000000000000000
1158 1.000000000000000
1159 1.000000000000000
1160 1.000000000000000
1161 1.000000000000000
1162 1.000000000000000
1163 1.000000000000000
1164 1.000000000000000
1165 1.000000000000000
1166 1.000000000000000
1167 1.000000000000000
1168 1.000000000000000
1169 1.000000000000000
1170 1.000000000000000
1171 1.000000000000000
1172 1.000000000000000
1173 1.000000000000000
1174 1.000000000000000
1175 1.000000000000000
1176 1.000000000000000
1177 1.000000000000000
1178 1.000000000000000
1179 1.000000000000000
1180 1.000000000000000
1181 1.000000000000000
1182 1.000000000000000
1183 1.000000000000000

%NODE.SOLVER.ORDER
1183
 1183  1174  1168  1157  1053  1021   961   789   691   586 
  411   271   124  1175  1158  1149  1140  1049  1017   957 
  785   687   582   407   267   120  1169  1150  1137  1129 
 1046  1014   954   782   684   579   404   264   117  1159 
 1141  1130  1124  1042  1010   950   778   680   575   400 
  260   113  1069  1065  1062  1058   965   917   882   761 
  663   558   383   243    96  1037  1033  1030  1026   921 
  878   864   757   659   554   379   239    92   981   977 
  974   970   886   868   854   750   652   547   372   232 
   85   838   834   831   827   810   806   799   593   530 
  516   362   222    75   740   736   733   729   712   708 
  701   537   509   495   355   215    68   642   638   635 
  631   614   610   603   523   502   488   348   208    61 
  481   477   474   470   453   449   442   432   425   418 
  131    47    33   341   337   334   330   313   309   302 
  292   285   278    54    26    12   201   197   194   190 
  173   169   162   152   145   138    40    19     5  1181 
 1176  1170  1160  1054  1022   962   790   692   587   412 
  272   125  1177  1161  1151  1142  1050  1018   958   786 
  688   583   408   268   121  1171  1152  1138  1131  1047 
 1015   955   783   685   580   405   265   118  1162  1143 
 1132  1125  1043  1011   951   779   681   576   401   261 
  114  1070  1066  1063  1059   966   918   883   762   664 
  559   384   244    97  1038  1034  1031  1027   922   879 
  865   758   660   555   380   240    93   982   978   975 
  971   887   869   855   751   653   548   373   233    86 
  839   835   832   828   811   807   800   594   531   517 
  363   223    76   741   737   734   730   713   709   702 
  538   510   496   356   216    69   643   639   636   632 
  615   611   604   524   503   489   349   209    62   482 
  478   475   471   454   450   443   433   426   419   132 
   48    34   342   338   335   331   314   310   303   293 
  286   279    55    27    13   202   198   195   191   174 
  170   163   153   146   139    41    20     6  1182  1178 
 1172  1163  1055  1023   963   791   693   588   413   273 
  126  1179  1164  1153  1144  1051  1019   959   787   689 
  584   409   269   122  1173  1154  1139  1133  1048  1016 
  956   784   686   581   406   266   119  1165  1145  1134 
 1126  1044  1012   952   780   682   577   402   262   115 
 1071  1067  1064  1060   967   919   884   763   665   560 
  385   245    98  1039  1035  1032  1028   923   880   866 
  759   661   556   381   241    94   983   979   976   972 
  888   870   856   752   654   549   374   234    87   840 
  836   833   829   812   808   801   595   532   518   364 
  224    77   742   738   735   731   714   710   703   539 
  511   497   357   217    70   644   640   637   633   616 
  612   605   525   504   490   350   210    63   483   479 
  476   472   455   451   444   434   427   420   133    49 
   35   343   339   336   332   315   311   304   294   287 
  280    56    28    14   203   199   196   192   175   171 
  164   154   147   140    42    21     7  1180  1166  1155 
 1146  1052  1020   960   788   690   585   410   270   123 
 1167  1147  1135  1127  1045  1013   953   781   683   578 
  403   263   116  1156  1136  1123  1121  1041  1009   949 
  777   679   574   399   259   112  1148  1128  1122  1120 
 1040  1008   948   776   678   573   398   258   111  1068 
 1061  1057  1056   964   916   881   760   662   557   382 
  242    95  1036  1029  1025  1024   920   877   863   756 
  658   553   378   238    91   980   973   969   968   885 
  867   853   749   651   546   371   231    84   837   830 
  826   825   809   805   798   592   529   515   361   221 
   74   739   732   728   727   711   707   700   536   508 
  494   354   214    67   641   634   630   629   613   609 
  602   522   501   487   347   207    60   480   473   469 
  468   452   448   441   431   424   417   130    46    32 
  340   333   329   328   312   308   301   291   284   277 
   53    25    11   200   193   189   188   172   168   161 
  151   144   137    39    18     4  1117  1111  1105  1096 
  993   933   898   773   675   570   395   255   108  1112 
 1097  1090  1084   990   930   895   770   672   567   392 
  252   105  1106  1091  1081  1075   987   927   892   767 
  669   564   389   249   102  1098  1085  1076  1072   984 
  924   889   764   666   561   386   246    99  1005  1002 
  999   996   901   871   857   753   655   550   375   235 
   88   945   942   939   936   874   850   844   746   648 
  543   368   228    81   913   910   907   904   860   847 
  841   743   645   540   365   225    78   822   819   816 
  813   802   795   792   589   526   512   358   218    71 
  724   721   718   715   704   697   694   533   505   491 
  351   211    64   626   623   620   617   606   599   596 
  519   498   484   344   204    57   465   462   459   456 
  445   438   435   428   421   414   127    43    29   325 
  322   319   316   305   298   295   288   281   274    50 
   22     8   185   182   179   176   165   158   155   148 
  141   134    36    15     1  1118  1113  1107  1099   994 
  934   899   774   676   571   396   256   109  1114  1100 
 1092  1086   991   931   896   771   673   568   393   253 
  106  1108  1093  1082  1077   988   928   893   768   670 
  565   390   250   103  1101  1087  1078  1073   985   925 
  890   765   667   562   387   247   100  1006  1003  1000 
  997   902   872   858   754   656   551   376   236    89 
  946   943   940   937   875   851   845   747   649   544 
  369   229    82   914   911   908   905   861   848   842 
  744   646   541   366   226    79   823   820   817   814 
  803   796   793   590   527   513   359   219    72   725 
  722   719   716   705   698   695   534   506   492   352 
  212    65   627   624   621   618   607   600   597   520 
  499   485   345   205    58   466   463   460   457   446 
  439   436   429   422   415   128    44    30   326   323 
  320   317   306   299   296   289   282   275    51    23 
    9   186   183   180   177   166   159   156   149   142 
  135    37    16     2  1119  1115  1109  1102   995   935 
  900   775   677   572   397   257   110  1116  1103  1094 
 1088   992   932   897   772   674   569   394   254   107 
 1110  1095  1083  1079   989   929   894   769   671   566 
  391   251   104  1104  1089  1080  1074   986   926   891 
  766   668   563   388   248   101  1007  1004  1001   998 
  903   873   859   755   657   552   377   237    90   947 
  944   941   938   876   852   846   748   650   545   370 
  230    83   915   912   909   906   862   849   843   745 
  647   542   367   227    80   824   821   818   815   804 
  797   794   591   528   514   360   220    73   726   723 
  720   717   706   699   696   535   507   493   353   213 
   66   628   625   622   619   608   601   598   521   500 
  486   346   206    59   467   464   461   458   447   440 
  437   430   423   416   129    45    31   327   324   321 
  318   307   300   297   290   283   276    52    24    10 
  187   184   181   178   167   160   157   150   143   136 
   38    17     3 
   
%NODE.SUPPORT
60
1	1	1	0	0	0	0
170	1	1	0	0	0	0
339	1	1	0	0	0	0
508	1	1	1	0	0	0
677	1	1	0	0	0	0
846	1	1	0	0	0	0
1015	1	1	0	0	0	0
157	1	0	0	0	0	0
326	1	0	0	0	0	0
495	1	0	0	0	0	0
664	1	0	1	0	0	0
833	1	0	0	0	0	0
1002	1	0	0	0	0	0
1171	1	0	0	0	0	0
521	0	0	1	0	0	0
534	0	0	1	0	0	0
547	0	0	1	0	0	0
560	0	0	1	0	0	0
573	0	0	1	0	0	0
586	0	0	1	0	0	0
599	0	0	1	0	0	0
612	0	0	1	0	0	0
625	0	0	1	0	0	0
638	0	0	1	0	0	0
651	0	0	1	0	0	0
520	0	0	1	0	0	0
533	0	0	1	0	0	0
546	0	0	1	0	0	0
559	0	0	1	0	0	0
572	0	0	1	0	0	0
585	0	0	1	0	0	0
598	0	0	1	0	0	0
611	0	0	1	0	0	0
624	0	0	1	0	0	0
637	0	0	1	0	0	0
650	0	0	1	0	0	0
663	0	0	1	0	0	0
676	0	0	1	0	0	0
509	0	0	1	0	0	0
510	0	0	1	0	0	0
511	0	0	1	0	0	0
512	0	0	1	0	0	0
513	0	0	1	0	0	0
514	0	0	1	0	0	0
515	0	0	1	0	0	0
516	0	0	1	0	0	0
517	0	0	1	0	0	0
518	0	0	1	0	0	0
519	0	0	1	0	0	0
665	0	0	1	0	0	0
666	0	0	1	0	0	0
667	0	0	1	0	0	0
668	0	0	1	0	0	0
669	0	0	1	0	0	0
670	0	0	1	0	0	0
671	0	0	1	0	0	0
672	0	0	1	0	0	0
673	0	0	1	0	0	0
674	0	0	1	0	0	0
675	0	0	1	0	0	0

%PATCH
2
1 'bspsol' 1
3 'General' 11 0.000000000000000 1.000000000000000 2.000000000000000 3.000000000000000 4.000000000000000 5.000000000000000 6.000000000000000 7.000000000000000 8.000000000000000 9.000000000000000 10.000000000000000 4 1 1 1 1 1 1 1 1 1 4 
3 'General' 11 0.000000000000000 1.000000000000000 2.000000000000000 3.000000000000000 4.000000000000000 5.000000000000000 6.000000000000000 7.000000000000000 8.000000000000000 9.000000000000000 10.000000000000000 4 1 1 1 1 1 1 1 1 1 4 
3 'General' 2 0.000000000000000 0.500000000000000 4 4 
1 2 3 4 5 6 7 8 9 10 11 12 13 14 15 16 17 18 19 20 21 22 23 24 25 26 27 28 29 30 31 32 33 34 35 36 37 38 39 40 41 42 43 44 45 46 47 48 49 50 51 52 53 54 55 56 57 58 59 60 61 62 63 64 65 66 67 68 69 70 71 72 73 74 75 76 77 78 79 80 81 82 83 84 85 86 87 88 89 90 91 92 93 94 95 96 97 98 99 100 101 102 103 104 105 106 107 108 109 110 111 112 113 114 115 116 117 118 119 120 121 122 123 124 125 126 127 128 129 130 131 132 133 134 135 136 137 138 139 140 141 142 143 144 145 146 147 148 149 150 151 152 153 154 155 156 157 158 159 160 161 162 163 164 165 166 167 168 169 170 171 172 173 174 175 176 177 178 179 180 181 182 183 184 185 186 187 188 189 190 191 192 193 194 195 196 197 198 199 200 201 202 203 204 205 206 207 208 209 210 211 212 213 214 215 216 217 218 219 220 221 222 223 224 225 226 227 228 229 230 231 232 233 234 235 236 237 238 239 240 241 242 243 244 245 246 247 248 249 250 251 252 253 254 255 256 257 258 259 260 261 262 263 264 265 266 267 268 269 270 271 272 273 274 275 276 277 278 279 280 281 282 283 284 285 286 287 288 289 290 291 292 293 294 295 296 297 298 299 300 301 302 303 304 305 306 307 308 309 310 311 312 313 314 315 316 317 318 319 320 321 322 323 324 325 326 327 328 329 330 331 332 333 334 335 336 337 338 339 340 341 342 343 344 345 346 347 348 349 350 351 352 353 354 355 356 357 358 359 360 361 362 363 364 365 366 367 368 369 370 371 372 373 374 375 376 377 378 379 380 381 382 383 384 385 386 387 388 389 390 391 392 393 394 395 396 397 398 399 400 401 402 403 404 405 406 407 408 409 410 411 412 413 414 415 416 417 418 419 420 421 422 423 424 425 426 427 428 429 430 431 432 433 434 435 436 437 438 439 440 441 442 443 444 445 446 447 448 449 450 451 452 453 454 455 456 457 458 459 460 461 462 463 464 465 466 467 468 469 470 471 472 473 474 475 476 477 478 479 480 481 482 483 484 485 486 487 488 489 490 491 492 493 494 495 496 497 498 499 500 501 502 503 504 505 506 507 508 509 510 511 512 513 514 515 516 517 518 519 520 521 522 523 524 525 526 527 528 529 530 531 532 533 534 535 536 537 538 539 540 541 542 543 544 545 546 547 548 549 550 551 552 553 554 555 556 557 558 559 560 561 562 563 564 565 566 567 568 569 570 571 572 573 574 575 576 577 578 579 580 581 582 583 584 585 586 587 588 589 590 591 592 593 594 595 596 597 598 599 600 601 602 603 604 605 606 607 608 609 610 611 612 613 614 615 616 617 618 619 620 621 622 623 624 625 626 627 628 629 630 631 632 633 634 635 636 637 638 639 640 641 642 643 644 645 646 647 648 649 650 651 652 653 654 655 656 657 658 659 660 661 662 663 664 665 666 667 668 669 670 671 672 673 674 675 676 2 'bspsol' 1
3 'General' 11 0.000000000000000 1.000000000000000 2.000000000000000 3.000000000000000 4.000000000000000 5.000000000000000 6.000000000000000 7.000000000000000 8.000000000000000 9.000000000000000 10.000000000000000 4 1 1 1 1 1 1 1 1 1 4 
3 'General' 11 0.000000000000000 1.000000000000000 2.000000000000000 3.000000000000000 4.000000000000000 5.000000000000000 6.000000000000000 7.000000000000000 8.000000000000000 9.000000000000000 10.000000000000000 4 1 1 1 1 1 1 1 1 1 4 
3 'General' 2 0.500000000000000 1.000000000000000 4 4 
508 509 510 511 512 513 514 515 516 517 518 519 520 521 522 523 524 525 526 527 528 529 530 531 532 533 534 535 536 537 538 539 540 541 542 543 544 545 546 547 548 549 550 551 552 553 554 555 556 557 558 559 560 561 562 563 564 565 566 567 568 569 570 571 572 573 574 575 576 577 578 579 580 581 582 583 584 585 586 587 588 589 590 591 592 593 594 595 596 597 598 599 600 601 602 603 604 605 606 607 608 609 610 611 612 613 614 615 616 617 618 619 620 621 622 623 624 625 626 627 628 629 630 631 632 633 634 635 636 637 638 639 640 641 642 643 644 645 646 647 648 649 650 651 652 653 654 655 656 657 658 659 660 661 662 663 664 665 666 667 668 669 670 671 672 673 674 675 676 677 678 679 680 681 682 683 684 685 686 687 688 689 690 691 692 693 694 695 696 697 698 699 700 701 702 703 704 705 706 707 708 709 710 711 712 713 714 715 716 717 718 719 720 721 722 723 724 725 726 727 728 729 730 731 732 733 734 735 736 737 738 739 740 741 742 743 744 745 746 747 748 749 750 751 752 753 754 755 756 757 758 759 760 761 762 763 764 765 766 767 768 769 770 771 772 773 774 775 776 777 778 779 780 781 782 783 784 785 786 787 788 789 790 791 792 793 794 795 796 797 798 799 800 801 802 803 804 805 806 807 808 809 810 811 812 813 814 815 816 817 818 819 820 821 822 823 824 825 826 827 828 829 830 831 832 833 834 835 836 837 838 839 840 841 842 843 844 845 846 847 848 849 850 851 852 853 854 855 856 857 858 859 860 861 862 863 864 865 866 867 868 869 870 871 872 873 874 875 876 877 878 879 880 881 882 883 884 885 886 887 888 889 890 891 892 893 894 895 896 897 898 899 900 901 902 903 904 905 906 907 908 909 910 911 912 913 914 915 916 917 918 919 920 921 922 923 924 925 926 927 928 929 930 931 932 933 934 935 936 937 938 939 940 941 942 943 944 945 946 947 948 949 950 951 952 953 954 955 956 957 958 959 960 961 962 963 964 965 966 967 968 969 970 971 972 973 974 975 976 977 978 979 980 981 982 983 984 985 986 987 988 989 990 991 992 993 994 995 996 997 998 999 1000 1001 1002 1003 1004 1005 1006 1007 1008 1009 1010 1011 1012 1013 1014 1015 1016 1017 1018 1019 1020 1021 1022 1023 1024 1025 1026 1027 1028 1029 1030 1031 1032 1033 1034 1035 1036 1037 1038 1039 1040 1041 1042 1043 1044 1045 1046 1047 1048 1049 1050 1051 1052 1053 1054 1055 1056 1057 1058 1059 1060 1061 1062 1063 1064 1065 1066 1067 1068 1069 1070 1071 1072 1073 1074 1075 1076 1077 1078 1079 1080 1081 1082 1083 1084 1085 1086 1087 1088 1089 1090 1091 1092 1093 1094 1095 1096 1097 1098 1099 1100 1101 1102 1103 1104 1105 1106 1107 1108 1109 1110 1111 1112 1113 1114 1115 1116 1117 1118 1119 1120 1121 1122 1123 1124 1125 1126 1127 1128 1129 1130 1131 1132 1133 1134 1135 1136 1137 1138 1139 1140 1141 1142 1143 1144 1145 1146 1147 1148 1149 1150 1151 1152 1153 1154 1155 1156 1157 1158 1159 1160 1161 1162 1163 1164 1165 1166 1167 1168 1169 1170 1171 1172 1173 1174 1175 1176 1177 1178 1179 1180 1181 1182 1183 

%MATERIAL
1

%MATERIAL.FGM
1
1          70.0e9   0.3  2707.0  380.0e9  0.3  3800.0   2 

%%MATERIAL.ISOTROPIC
1
1 201.04e9 0.3

%MATERIAL.LABEL
1
1 Material_1

%SECTION
1

